month,commits,repo_name,pair_id,treated,index_month,event_month,post,did,log_commits
2020-07-01,0,geokit/geokit-rails,1,0,2021-07-01,-12,0,0,0.0
2020-08-01,0,geokit/geokit-rails,1,0,2021-07-01,-11,0,0,0.0
2020-09-01,2,geokit/geokit-rails,1,0,2021-07-01,-10,0,0,1.0986122886681096
2020-10-01,0,geokit/geokit-rails,1,0,2021-07-01,-9,0,0,0.0
2020-11-01,0,geokit/geokit-rails,1,0,2021-07-01,-8,0,0,0.0
2020-12-01,0,geokit/geokit-rails,1,0,2021-07-01,-7,0,0,0.0
2021-01-01,6,geokit/geokit-rails,1,0,2021-07-01,-6,0,0,1.9459101490553132
2021-02-01,2,geokit/geokit-rails,1,0,2021-07-01,-5,0,0,1.0986122886681096
2021-03-01,0,geokit/geokit-rails,1,0,2021-07-01,-4,0,0,0.0
2021-04-01,0,geokit/geokit-rails,1,0,2021-07-01,-3,0,0,0.0
2021-05-01,0,geokit/geokit-rails,1,0,2021-07-01,-2,0,0,0.0
2021-06-01,0,geokit/geokit-rails,1,0,2021-07-01,-1,0,0,0.0
2021-08-01,0,geokit/geokit-rails,1,0,2021-07-01,1,1,0,0.0
2021-09-01,0,geokit/geokit-rails,1,0,2021-07-01,2,1,0,0.0
2021-10-01,0,geokit/geokit-rails,1,0,2021-07-01,3,1,0,0.0
2021-11-01,0,geokit/geokit-rails,1,0,2021-07-01,4,1,0,0.0
2021-12-01,0,geokit/geokit-rails,1,0,2021-07-01,5,1,0,0.0
2022-01-01,1,geokit/geokit-rails,1,0,2021-07-01,6,1,0,0.6931471805599453
2022-02-01,0,geokit/geokit-rails,1,0,2021-07-01,7,1,0,0.0
2022-03-01,0,geokit/geokit-rails,1,0,2021-07-01,8,1,0,0.0
2022-04-01,0,geokit/geokit-rails,1,0,2021-07-01,9,1,0,0.0
2022-05-01,0,geokit/geokit-rails,1,0,2021-07-01,10,1,0,0.0
2022-06-01,0,geokit/geokit-rails,1,0,2021-07-01,11,1,0,0.0
2022-07-01,0,geokit/geokit-rails,1,0,2021-07-01,12,1,0,0.0
2020-07-01,1,geokit/geokit,1,1,2021-07-01,-12,0,0,0.6931471805599453
2020-08-01,0,geokit/geokit,1,1,2021-07-01,-11,0,0,0.0
2020-09-01,0,geokit/geokit,1,1,2021-07-01,-10,0,0,0.0
2020-10-01,0,geokit/geokit,1,1,2021-07-01,-9,0,0,0.0
2020-11-01,0,geokit/geokit,1,1,2021-07-01,-8,0,0,0.0
2020-12-01,0,geokit/geokit,1,1,2021-07-01,-7,0,0,0.0
2021-01-01,0,geokit/geokit,1,1,2021-07-01,-6,0,0,0.0
2021-02-01,0,geokit/geokit,1,1,2021-07-01,-5,0,0,0.0
2021-03-01,0,geokit/geokit,1,1,2021-07-01,-4,0,0,0.0
2021-04-01,0,geokit/geokit,1,1,2021-07-01,-3,0,0,0.0
2021-05-01,0,geokit/geokit,1,1,2021-07-01,-2,0,0,0.0
2021-06-01,8,geokit/geokit,1,1,2021-07-01,-1,0,0,2.1972245773362196
2021-08-01,0,geokit/geokit,1,1,2021-07-01,1,1,1,0.0
2021-09-01,0,geokit/geokit,1,1,2021-07-01,2,1,1,0.0
2021-10-01,1,geokit/geokit,1,1,2021-07-01,3,1,1,0.6931471805599453
2021-11-01,0,geokit/geokit,1,1,2021-07-01,4,1,1,0.0
2021-12-01,0,geokit/geokit,1,1,2021-07-01,5,1,1,0.0
2022-01-01,0,geokit/geokit,1,1,2021-07-01,6,1,1,0.0
2022-02-01,0,geokit/geokit,1,1,2021-07-01,7,1,1,0.0
2022-03-01,1,geokit/geokit,1,1,2021-07-01,8,1,1,0.6931471805599453
2022-04-01,0,geokit/geokit,1,1,2021-07-01,9,1,1,0.0
2022-05-01,0,geokit/geokit,1,1,2021-07-01,10,1,1,0.0
2022-06-01,0,geokit/geokit,1,1,2021-07-01,11,1,1,0.0
2022-07-01,0,geokit/geokit,1,1,2021-07-01,12,1,1,0.0
2020-08-01,0,darjun/go-daily-lib,0,0,2021-08-01,-12,0,0,0.0
2020-09-01,6,darjun/go-daily-lib,0,0,2021-08-01,-11,0,0,1.9459101490553132
2020-10-01,5,darjun/go-daily-lib,0,0,2021-08-01,-10,0,0,1.791759469228055
2020-11-01,1,darjun/go-daily-lib,0,0,2021-08-01,-9,0,0,0.6931471805599453
2020-12-01,0,darjun/go-daily-lib,0,0,2021-08-01,-8,0,0,0.0
2021-01-01,0,darjun/go-daily-lib,0,0,2021-08-01,-7,0,0,0.0
2021-02-01,0,darjun/go-daily-lib,0,0,2021-08-01,-6,0,0,0.0
2021-03-01,0,darjun/go-daily-lib,0,0,2021-08-01,-5,0,0,0.0
2021-04-01,0,darjun/go-daily-lib,0,0,2021-08-01,-4,0,0,0.0
2021-05-01,3,darjun/go-daily-lib,0,0,2021-08-01,-3,0,0,1.3862943611198906
2021-06-01,9,darjun/go-daily-lib,0,0,2021-08-01,-2,0,0,2.302585092994046
2021-07-01,12,darjun/go-daily-lib,0,0,2021-08-01,-1,0,0,2.5649493574615367
2021-09-01,0,darjun/go-daily-lib,0,0,2021-08-01,1,1,0,0.0
2021-10-01,0,darjun/go-daily-lib,0,0,2021-08-01,2,1,0,0.0
2021-11-01,4,darjun/go-daily-lib,0,0,2021-08-01,3,1,0,1.6094379124341003
2021-12-01,0,darjun/go-daily-lib,0,0,2021-08-01,4,1,0,0.0
2022-01-01,0,darjun/go-daily-lib,0,0,2021-08-01,5,1,0,0.0
2022-02-01,1,darjun/go-daily-lib,0,0,2021-08-01,6,1,0,0.6931471805599453
2022-03-01,1,darjun/go-daily-lib,0,0,2021-08-01,7,1,0,0.6931471805599453
2022-04-01,0,darjun/go-daily-lib,0,0,2021-08-01,8,1,0,0.0
2022-05-01,2,darjun/go-daily-lib,0,0,2021-08-01,9,1,0,1.0986122886681096
2022-06-01,3,darjun/go-daily-lib,0,0,2021-08-01,10,1,0,1.3862943611198906
2022-07-01,2,darjun/go-daily-lib,0,0,2021-08-01,11,1,0,1.0986122886681096
2022-08-01,0,darjun/go-daily-lib,0,0,2021-08-01,12,1,0,0.0
2020-08-01,0,lc/gau,0,1,2021-08-01,-12,0,0,0.0
2020-09-01,4,lc/gau,0,1,2021-08-01,-11,0,0,1.6094379124341003
2020-10-01,12,lc/gau,0,1,2021-08-01,-10,0,0,2.5649493574615367
2020-11-01,2,lc/gau,0,1,2021-08-01,-9,0,0,1.0986122886681096
2020-12-01,4,lc/gau,0,1,2021-08-01,-8,0,0,1.6094379124341003
2021-01-01,0,lc/gau,0,1,2021-08-01,-7,0,0,0.0
2021-02-01,4,lc/gau,0,1,2021-08-01,-6,0,0,1.6094379124341003
2021-03-01,0,lc/gau,0,1,2021-08-01,-5,0,0,0.0
2021-04-01,0,lc/gau,0,1,2021-08-01,-4,0,0,0.0
2021-05-01,4,lc/gau,0,1,2021-08-01,-3,0,0,1.6094379124341003
2021-06-01,7,lc/gau,0,1,2021-08-01,-2,0,0,2.0794415416798357
2021-07-01,0,lc/gau,0,1,2021-08-01,-1,0,0,0.0
2021-09-01,0,lc/gau,0,1,2021-08-01,1,1,1,0.0
2021-10-01,0,lc/gau,0,1,2021-08-01,2,1,1,0.0
2021-11-01,19,lc/gau,0,1,2021-08-01,3,1,1,2.995732273553991
2021-12-01,1,lc/gau,0,1,2021-08-01,4,1,1,0.6931471805599453
2022-01-01,11,lc/gau,0,1,2021-08-01,5,1,1,2.4849066497880004
2022-02-01,2,lc/gau,0,1,2021-08-01,6,1,1,1.0986122886681096
2022-03-01,4,lc/gau,0,1,2021-08-01,7,1,1,1.6094379124341003
2022-04-01,4,lc/gau,0,1,2021-08-01,8,1,1,1.6094379124341003
2022-05-01,1,lc/gau,0,1,2021-08-01,9,1,1,0.6931471805599453
2022-06-01,0,lc/gau,0,1,2021-08-01,10,1,1,0.0
2022-07-01,3,lc/gau,0,1,2021-08-01,11,1,1,1.3862943611198906
2022-08-01,0,lc/gau,0,1,2021-08-01,12,1,1,0.0
2019-11-01,5,Neargye/magic_enum,4,1,2020-11-01,-12,0,0,1.791759469228055
2019-12-01,6,Neargye/magic_enum,4,1,2020-11-01,-11,0,0,1.9459101490553132
2020-01-01,11,Neargye/magic_enum,4,1,2020-11-01,-10,0,0,2.4849066497880004
2020-02-01,3,Neargye/magic_enum,4,1,2020-11-01,-9,0,0,1.3862943611198906
2020-03-01,3,Neargye/magic_enum,4,1,2020-11-01,-8,0,0,1.3862943611198906
2020-04-01,4,Neargye/magic_enum,4,1,2020-11-01,-7,0,0,1.6094379124341003
2020-05-01,11,Neargye/magic_enum,4,1,2020-11-01,-6,0,0,2.4849066497880004
2020-06-01,10,Neargye/magic_enum,4,1,2020-11-01,-5,0,0,2.3978952727983707
2020-07-01,15,Neargye/magic_enum,4,1,2020-11-01,-4,0,0,2.772588722239781
2020-08-01,21,Neargye/magic_enum,4,1,2020-11-01,-3,0,0,3.091042453358316
2020-09-01,5,Neargye/magic_enum,4,1,2020-11-01,-2,0,0,1.791759469228055
2020-10-01,13,Neargye/magic_enum,4,1,2020-11-01,-1,0,0,2.639057329615259
2020-12-01,8,Neargye/magic_enum,4,1,2020-11-01,1,1,1,2.1972245773362196
2021-01-01,5,Neargye/magic_enum,4,1,2020-11-01,2,1,1,1.791759469228055
2021-02-01,2,Neargye/magic_enum,4,1,2020-11-01,3,1,1,1.0986122886681096
2021-03-01,4,Neargye/magic_enum,4,1,2020-11-01,4,1,1,1.6094379124341003
2021-04-01,6,Neargye/magic_enum,4,1,2020-11-01,5,1,1,1.9459101490553132
2021-05-01,3,Neargye/magic_enum,4,1,2020-11-01,6,1,1,1.3862943611198906
2021-06-01,7,Neargye/magic_enum,4,1,2020-11-01,7,1,1,2.0794415416798357
2021-07-01,0,Neargye/magic_enum,4,1,2020-11-01,8,1,1,0.0
2021-08-01,3,Neargye/magic_enum,4,1,2020-11-01,9,1,1,1.3862943611198906
2021-09-01,0,Neargye/magic_enum,4,1,2020-11-01,10,1,1,0.0
2021-10-01,3,Neargye/magic_enum,4,1,2020-11-01,11,1,1,1.3862943611198906
2021-11-01,4,Neargye/magic_enum,4,1,2020-11-01,12,1,1,1.6094379124341003
2020-10-01,33,GhostPack/Seatbelt,3,0,2021-10-01,-12,0,0,3.5263605246161616
2020-11-01,16,GhostPack/Seatbelt,3,0,2021-10-01,-11,0,0,2.833213344056216
2020-12-01,9,GhostPack/Seatbelt,3,0,2021-10-01,-10,0,0,2.302585092994046
2021-01-01,26,GhostPack/Seatbelt,3,0,2021-10-01,-9,0,0,3.295836866004329
2021-02-01,6,GhostPack/Seatbelt,3,0,2021-10-01,-8,0,0,1.9459101490553132
2021-03-01,6,GhostPack/Seatbelt,3,0,2021-10-01,-7,0,0,1.9459101490553132
2021-04-01,3,GhostPack/Seatbelt,3,0,2021-10-01,-6,0,0,1.3862943611198906
2021-05-01,0,GhostPack/Seatbelt,3,0,2021-10-01,-5,0,0,0.0
2021-06-01,0,GhostPack/Seatbelt,3,0,2021-10-01,-4,0,0,0.0
2021-07-01,1,GhostPack/Seatbelt,3,0,2021-10-01,-3,0,0,0.6931471805599453
2021-08-01,0,GhostPack/Seatbelt,3,0,2021-10-01,-2,0,0,0.0
2021-09-01,7,GhostPack/Seatbelt,3,0,2021-10-01,-1,0,0,2.0794415416798357
2021-11-01,0,GhostPack/Seatbelt,3,0,2021-10-01,1,1,0,0.0
2021-12-01,1,GhostPack/Seatbelt,3,0,2021-10-01,2,1,0,0.6931471805599453
2022-01-01,0,GhostPack/Seatbelt,3,0,2021-10-01,3,1,0,0.0
2022-02-01,4,GhostPack/Seatbelt,3,0,2021-10-01,4,1,0,1.6094379124341003
2022-03-01,4,GhostPack/Seatbelt,3,0,2021-10-01,5,1,0,1.6094379124341003
2022-04-01,3,GhostPack/Seatbelt,3,0,2021-10-01,6,1,0,1.3862943611198906
2022-05-01,13,GhostPack/Seatbelt,3,0,2021-10-01,7,1,0,2.639057329615259
2022-06-01,0,GhostPack/Seatbelt,3,0,2021-10-01,8,1,0,0.0
2022-07-01,1,GhostPack/Seatbelt,3,0,2021-10-01,9,1,0,0.6931471805599453
2022-08-01,0,GhostPack/Seatbelt,3,0,2021-10-01,10,1,0,0.0
2022-09-01,6,GhostPack/Seatbelt,3,0,2021-10-01,11,1,0,1.9459101490553132
2022-10-01,0,GhostPack/Seatbelt,3,0,2021-10-01,12,1,0,0.0
2019-11-01,0,0xZ0F/Z0FCourse_ReverseEngineering,4,0,2020-11-01,-12,0,0,0.0
2019-12-01,0,0xZ0F/Z0FCourse_ReverseEngineering,4,0,2020-11-01,-11,0,0,0.0
2020-01-01,67,0xZ0F/Z0FCourse_ReverseEngineering,4,0,2020-11-01,-10,0,0,4.219507705176107
2020-02-01,21,0xZ0F/Z0FCourse_ReverseEngineering,4,0,2020-11-01,-9,0,0,3.091042453358316
2020-03-01,17,0xZ0F/Z0FCourse_ReverseEngineering,4,0,2020-11-01,-8,0,0,2.8903717578961645
2020-04-01,9,0xZ0F/Z0FCourse_ReverseEngineering,4,0,2020-11-01,-7,0,0,2.302585092994046
2020-05-01,0,0xZ0F/Z0FCourse_ReverseEngineering,4,0,2020-11-01,-6,0,0,0.0
2020-06-01,0,0xZ0F/Z0FCourse_ReverseEngineering,4,0,2020-11-01,-5,0,0,0.0
2020-07-01,0,0xZ0F/Z0FCourse_ReverseEngineering,4,0,2020-11-01,-4,0,0,0.0
2020-08-01,1,0xZ0F/Z0FCourse_ReverseEngineering,4,0,2020-11-01,-3,0,0,0.6931471805599453
2020-09-01,2,0xZ0F/Z0FCourse_ReverseEngineering,4,0,2020-11-01,-2,0,0,1.0986122886681096
2020-10-01,0,0xZ0F/Z0FCourse_ReverseEngineering,4,0,2020-11-01,-1,0,0,0.0
2020-12-01,1,0xZ0F/Z0FCourse_ReverseEngineering,4,0,2020-11-01,1,1,0,0.6931471805599453
2021-01-01,2,0xZ0F/Z0FCourse_ReverseEngineering,4,0,2020-11-01,2,1,0,1.0986122886681096
2021-02-01,0,0xZ0F/Z0FCourse_ReverseEngineering,4,0,2020-11-01,3,1,0,0.0
2021-03-01,2,0xZ0F/Z0FCourse_ReverseEngineering,4,0,2020-11-01,4,1,0,1.0986122886681096
2021-04-01,0,0xZ0F/Z0FCourse_ReverseEngineering,4,0,2020-11-01,5,1,0,0.0
2021-05-01,0,0xZ0F/Z0FCourse_ReverseEngineering,4,0,2020-11-01,6,1,0,0.0
2021-06-01,6,0xZ0F/Z0FCourse_ReverseEngineering,4,0,2020-11-01,7,1,0,1.9459101490553132
2021-07-01,2,0xZ0F/Z0FCourse_ReverseEngineering,4,0,2020-11-01,8,1,0,1.0986122886681096
2021-08-01,0,0xZ0F/Z0FCourse_ReverseEngineering,4,0,2020-11-01,9,1,0,0.0
2021-09-01,0,0xZ0F/Z0FCourse_ReverseEngineering,4,0,2020-11-01,10,1,0,0.0
2021-10-01,0,0xZ0F/Z0FCourse_ReverseEngineering,4,0,2020-11-01,11,1,0,0.0
2021-11-01,0,0xZ0F/Z0FCourse_ReverseEngineering,4,0,2020-11-01,12,1,0,0.0
2019-06-01,1,BehaviorTree/BehaviorTree.CPP,5,1,2020-06-01,-12,0,0,0.6931471805599453
2019-07-01,9,BehaviorTree/BehaviorTree.CPP,5,1,2020-06-01,-11,0,0,2.302585092994046
2019-08-01,0,BehaviorTree/BehaviorTree.CPP,5,1,2020-06-01,-10,0,0,0.0
2019-09-01,0,BehaviorTree/BehaviorTree.CPP,5,1,2020-06-01,-9,0,0,0.0
2019-10-01,16,BehaviorTree/BehaviorTree.CPP,5,1,2020-06-01,-8,0,0,2.833213344056216
2019-11-01,7,BehaviorTree/BehaviorTree.CPP,5,1,2020-06-01,-7,0,0,2.0794415416798357
2019-12-01,5,BehaviorTree/BehaviorTree.CPP,5,1,2020-06-01,-6,0,0,1.791759469228055
2020-01-01,2,BehaviorTree/BehaviorTree.CPP,5,1,2020-06-01,-5,0,0,1.0986122886681096
2020-02-01,3,BehaviorTree/BehaviorTree.CPP,5,1,2020-06-01,-4,0,0,1.3862943611198906
2020-03-01,60,BehaviorTree/BehaviorTree.CPP,5,1,2020-06-01,-3,0,0,4.110873864173311
2020-04-01,18,BehaviorTree/BehaviorTree.CPP,5,1,2020-06-01,-2,0,0,2.9444389791664403
2020-05-01,21,BehaviorTree/BehaviorTree.CPP,5,1,2020-06-01,-1,0,0,3.091042453358316
2020-07-01,2,BehaviorTree/BehaviorTree.CPP,5,1,2020-06-01,1,1,1,1.0986122886681096
2020-08-01,1,BehaviorTree/BehaviorTree.CPP,5,1,2020-06-01,2,1,1,0.6931471805599453
2020-09-01,18,BehaviorTree/BehaviorTree.CPP,5,1,2020-06-01,3,1,1,2.9444389791664403
2020-10-01,1,BehaviorTree/BehaviorTree.CPP,5,1,2020-06-01,4,1,1,0.6931471805599453
2020-11-01,0,BehaviorTree/BehaviorTree.CPP,5,1,2020-06-01,5,1,1,0.0
2020-12-01,5,BehaviorTree/BehaviorTree.CPP,5,1,2020-06-01,6,1,1,1.791759469228055
2021-01-01,7,BehaviorTree/BehaviorTree.CPP,5,1,2020-06-01,7,1,1,2.0794415416798357
2021-02-01,11,BehaviorTree/BehaviorTree.CPP,5,1,2020-06-01,8,1,1,2.4849066497880004
2021-03-01,1,BehaviorTree/BehaviorTree.CPP,5,1,2020-06-01,9,1,1,0.6931471805599453
2021-04-01,6,BehaviorTree/BehaviorTree.CPP,5,1,2020-06-01,10,1,1,1.9459101490553132
2021-05-01,11,BehaviorTree/BehaviorTree.CPP,5,1,2020-06-01,11,1,1,2.4849066497880004
2021-06-01,0,BehaviorTree/BehaviorTree.CPP,5,1,2020-06-01,12,1,1,0.0
2019-11-01,24,AutoHotkey/AutoHotkey,2,0,2020-11-01,-12,0,0,3.2188758248682006
2019-12-01,2,AutoHotkey/AutoHotkey,2,0,2020-11-01,-11,0,0,1.0986122886681096
2020-01-01,1,AutoHotkey/AutoHotkey,2,0,2020-11-01,-10,0,0,0.6931471805599453
2020-02-01,7,AutoHotkey/AutoHotkey,2,0,2020-11-01,-9,0,0,2.0794415416798357
2020-03-01,1,AutoHotkey/AutoHotkey,2,0,2020-11-01,-8,0,0,0.6931471805599453
2020-04-01,19,AutoHotkey/AutoHotkey,2,0,2020-11-01,-7,0,0,2.995732273553991
2020-05-01,21,AutoHotkey/AutoHotkey,2,0,2020-11-01,-6,0,0,3.091042453358316
2020-06-01,130,AutoHotkey/AutoHotkey,2,0,2020-11-01,-5,0,0,4.875197323201151
2020-07-01,135,AutoHotkey/AutoHotkey,2,0,2020-11-01,-4,0,0,4.912654885736052
2020-08-01,46,AutoHotkey/AutoHotkey,2,0,2020-11-01,-3,0,0,3.8501476017100584
2020-09-01,0,AutoHotkey/AutoHotkey,2,0,2020-11-01,-2,0,0,0.0
2020-10-01,0,AutoHotkey/AutoHotkey,2,0,2020-11-01,-1,0,0,0.0
2020-12-01,0,AutoHotkey/AutoHotkey,2,0,2020-11-01,1,1,0,0.0
2021-01-01,13,AutoHotkey/AutoHotkey,2,0,2020-11-01,2,1,0,2.639057329615259
2021-02-01,59,AutoHotkey/AutoHotkey,2,0,2020-11-01,3,1,0,4.0943445622221
2021-03-01,52,AutoHotkey/AutoHotkey,2,0,2020-11-01,4,1,0,3.970291913552122
2021-04-01,108,AutoHotkey/AutoHotkey,2,0,2020-11-01,5,1,0,4.6913478822291435
2021-05-01,48,AutoHotkey/AutoHotkey,2,0,2020-11-01,6,1,0,3.8918202981106265
2021-06-01,31,AutoHotkey/AutoHotkey,2,0,2020-11-01,7,1,0,3.4657359027997265
2021-07-01,13,AutoHotkey/AutoHotkey,2,0,2020-11-01,8,1,0,2.639057329615259
2021-08-01,4,AutoHotkey/AutoHotkey,2,0,2020-11-01,9,1,0,1.6094379124341003
2021-09-01,5,AutoHotkey/AutoHotkey,2,0,2020-11-01,10,1,0,1.791759469228055
2021-10-01,19,AutoHotkey/AutoHotkey,2,0,2020-11-01,11,1,0,2.995732273553991
2021-11-01,14,AutoHotkey/AutoHotkey,2,0,2020-11-01,12,1,0,2.70805020110221
2021-07-01,1,elasticsearch-dump/elasticsearch-dump,6,1,2022-07-01,-12,0,0,0.6931471805599453
2021-08-01,4,elasticsearch-dump/elasticsearch-dump,6,1,2022-07-01,-11,0,0,1.6094379124341003
2021-09-01,5,elasticsearch-dump/elasticsearch-dump,6,1,2022-07-01,-10,0,0,1.791759469228055
2021-10-01,0,elasticsearch-dump/elasticsearch-dump,6,1,2022-07-01,-9,0,0,0.0
2021-11-01,15,elasticsearch-dump/elasticsearch-dump,6,1,2022-07-01,-8,0,0,2.772588722239781
2021-12-01,0,elasticsearch-dump/elasticsearch-dump,6,1,2022-07-01,-7,0,0,0.0
2022-01-01,11,elasticsearch-dump/elasticsearch-dump,6,1,2022-07-01,-6,0,0,2.4849066497880004
2022-02-01,4,elasticsearch-dump/elasticsearch-dump,6,1,2022-07-01,-5,0,0,1.6094379124341003
2022-03-01,12,elasticsearch-dump/elasticsearch-dump,6,1,2022-07-01,-4,0,0,2.5649493574615367
2022-04-01,10,elasticsearch-dump/elasticsearch-dump,6,1,2022-07-01,-3,0,0,2.3978952727983707
2022-05-01,5,elasticsearch-dump/elasticsearch-dump,6,1,2022-07-01,-2,0,0,1.791759469228055
2022-06-01,0,elasticsearch-dump/elasticsearch-dump,6,1,2022-07-01,-1,0,0,0.0
2022-08-01,3,elasticsearch-dump/elasticsearch-dump,6,1,2022-07-01,1,1,1,1.3862943611198906
2022-09-01,2,elasticsearch-dump/elasticsearch-dump,6,1,2022-07-01,2,1,1,1.0986122886681096
2022-10-01,18,elasticsearch-dump/elasticsearch-dump,6,1,2022-07-01,3,1,1,2.9444389791664403
2022-11-01,0,elasticsearch-dump/elasticsearch-dump,6,1,2022-07-01,4,1,1,0.0
2022-12-01,2,elasticsearch-dump/elasticsearch-dump,6,1,2022-07-01,5,1,1,1.0986122886681096
2023-01-01,13,elasticsearch-dump/elasticsearch-dump,6,1,2022-07-01,6,1,1,2.639057329615259
2023-02-01,7,elasticsearch-dump/elasticsearch-dump,6,1,2022-07-01,7,1,1,2.0794415416798357
2023-03-01,2,elasticsearch-dump/elasticsearch-dump,6,1,2022-07-01,8,1,1,1.0986122886681096
2023-04-01,1,elasticsearch-dump/elasticsearch-dump,6,1,2022-07-01,9,1,1,0.6931471805599453
2023-05-01,10,elasticsearch-dump/elasticsearch-dump,6,1,2022-07-01,10,1,1,2.3978952727983707
2023-06-01,2,elasticsearch-dump/elasticsearch-dump,6,1,2022-07-01,11,1,1,1.0986122886681096
2023-07-01,0,elasticsearch-dump/elasticsearch-dump,6,1,2022-07-01,12,1,1,0.0
2019-06-01,0,caarlos0/env,7,1,2020-06-01,-12,0,0,0.0
2019-07-01,1,caarlos0/env,7,1,2020-06-01,-11,0,0,0.6931471805599453
2019-08-01,0,caarlos0/env,7,1,2020-06-01,-10,0,0,0.0
2019-09-01,1,caarlos0/env,7,1,2020-06-01,-9,0,0,0.6931471805599453
2019-10-01,6,caarlos0/env,7,1,2020-06-01,-8,0,0,1.9459101490553132
2019-11-01,0,caarlos0/env,7,1,2020-06-01,-7,0,0,0.0
2019-12-01,0,caarlos0/env,7,1,2020-06-01,-6,0,0,0.0
2020-01-01,0,caarlos0/env,7,1,2020-06-01,-5,0,0,0.0
2020-02-01,8,caarlos0/env,7,1,2020-06-01,-4,0,0,2.1972245773362196
2020-03-01,0,caarlos0/env,7,1,2020-06-01,-3,0,0,0.0
2020-04-01,1,caarlos0/env,7,1,2020-06-01,-2,0,0,0.6931471805599453
2020-05-01,0,caarlos0/env,7,1,2020-06-01,-1,0,0,0.0
2020-07-01,5,caarlos0/env,7,1,2020-06-01,1,1,1,1.791759469228055
2020-08-01,2,caarlos0/env,7,1,2020-06-01,2,1,1,1.0986122886681096
2020-09-01,0,caarlos0/env,7,1,2020-06-01,3,1,1,0.0
2020-10-01,1,caarlos0/env,7,1,2020-06-01,4,1,1,0.6931471805599453
2020-11-01,2,caarlos0/env,7,1,2020-06-01,5,1,1,1.0986122886681096
2020-12-01,3,caarlos0/env,7,1,2020-06-01,6,1,1,1.3862943611198906
2021-01-01,5,caarlos0/env,7,1,2020-06-01,7,1,1,1.791759469228055
2021-02-01,3,caarlos0/env,7,1,2020-06-01,8,1,1,1.3862943611198906
2021-03-01,2,caarlos0/env,7,1,2020-06-01,9,1,1,1.0986122886681096
2021-04-01,2,caarlos0/env,7,1,2020-06-01,10,1,1,1.0986122886681096
2021-05-01,17,caarlos0/env,7,1,2020-06-01,11,1,1,2.8903717578961645
2021-06-01,0,caarlos0/env,7,1,2020-06-01,12,1,1,0.0
2020-10-01,11,Xabaril/AspNetCore.Diagnostics.HealthChecks,3,1,2021-10-01,-12,0,0,2.4849066497880004
2020-11-01,48,Xabaril/AspNetCore.Diagnostics.HealthChecks,3,1,2021-10-01,-11,0,0,3.8918202981106265
2020-12-01,2,Xabaril/AspNetCore.Diagnostics.HealthChecks,3,1,2021-10-01,-10,0,0,1.0986122886681096
2021-01-01,5,Xabaril/AspNetCore.Diagnostics.HealthChecks,3,1,2021-10-01,-9,0,0,1.791759469228055
2021-02-01,2,Xabaril/AspNetCore.Diagnostics.HealthChecks,3,1,2021-10-01,-8,0,0,1.0986122886681096
2021-03-01,24,Xabaril/AspNetCore.Diagnostics.HealthChecks,3,1,2021-10-01,-7,0,0,3.2188758248682006
2021-04-01,4,Xabaril/AspNetCore.Diagnostics.HealthChecks,3,1,2021-10-01,-6,0,0,1.6094379124341003
2021-05-01,11,Xabaril/AspNetCore.Diagnostics.HealthChecks,3,1,2021-10-01,-5,0,0,2.4849066497880004
2021-06-01,1,Xabaril/AspNetCore.Diagnostics.HealthChecks,3,1,2021-10-01,-4,0,0,0.6931471805599453
2021-07-01,6,Xabaril/AspNetCore.Diagnostics.HealthChecks,3,1,2021-10-01,-3,0,0,1.9459101490553132
2021-08-01,1,Xabaril/AspNetCore.Diagnostics.HealthChecks,3,1,2021-10-01,-2,0,0,0.6931471805599453
2021-09-01,0,Xabaril/AspNetCore.Diagnostics.HealthChecks,3,1,2021-10-01,-1,0,0,0.0
2021-11-01,169,Xabaril/AspNetCore.Diagnostics.HealthChecks,3,1,2021-10-01,1,1,1,5.135798437050262
2021-12-01,20,Xabaril/AspNetCore.Diagnostics.HealthChecks,3,1,2021-10-01,2,1,1,3.044522437723423
2022-01-01,9,Xabaril/AspNetCore.Diagnostics.HealthChecks,3,1,2021-10-01,3,1,1,2.302585092994046
2022-02-01,82,Xabaril/AspNetCore.Diagnostics.HealthChecks,3,1,2021-10-01,4,1,1,4.418840607796598
2022-03-01,83,Xabaril/AspNetCore.Diagnostics.HealthChecks,3,1,2021-10-01,5,1,1,4.430816798843313
2022-04-01,57,Xabaril/AspNetCore.Diagnostics.HealthChecks,3,1,2021-10-01,6,1,1,4.060443010546419
2022-05-01,53,Xabaril/AspNetCore.Diagnostics.HealthChecks,3,1,2021-10-01,7,1,1,3.9889840465642745
2022-06-01,74,Xabaril/AspNetCore.Diagnostics.HealthChecks,3,1,2021-10-01,8,1,1,4.31748811353631
2022-07-01,48,Xabaril/AspNetCore.Diagnostics.HealthChecks,3,1,2021-10-01,9,1,1,3.8918202981106265
2022-08-01,48,Xabaril/AspNetCore.Diagnostics.HealthChecks,3,1,2021-10-01,10,1,1,3.8918202981106265
2022-09-01,33,Xabaril/AspNetCore.Diagnostics.HealthChecks,3,1,2021-10-01,11,1,1,3.5263605246161616
2022-10-01,29,Xabaril/AspNetCore.Diagnostics.HealthChecks,3,1,2021-10-01,12,1,1,3.4011973816621555
2019-06-01,0,ShahjalalShohag/code-library,5,0,2020-06-01,-12,0,0,0.0
2019-07-01,0,ShahjalalShohag/code-library,5,0,2020-06-01,-11,0,0,0.0
2019-08-01,0,ShahjalalShohag/code-library,5,0,2020-06-01,-10,0,0,0.0
2019-09-01,0,ShahjalalShohag/code-library,5,0,2020-06-01,-9,0,0,0.0
2019-10-01,0,ShahjalalShohag/code-library,5,0,2020-06-01,-8,0,0,0.0
2019-11-01,0,ShahjalalShohag/code-library,5,0,2020-06-01,-7,0,0,0.0
2019-12-01,3,ShahjalalShohag/code-library,5,0,2020-06-01,-6,0,0,1.3862943611198906
2020-01-01,5,ShahjalalShohag/code-library,5,0,2020-06-01,-5,0,0,1.791759469228055
2020-02-01,1,ShahjalalShohag/code-library,5,0,2020-06-01,-4,0,0,0.6931471805599453
2020-03-01,30,ShahjalalShohag/code-library,5,0,2020-06-01,-3,0,0,3.4339872044851463
2020-04-01,88,ShahjalalShohag/code-library,5,0,2020-06-01,-2,0,0,4.48863636973214
2020-05-01,39,ShahjalalShohag/code-library,5,0,2020-06-01,-1,0,0,3.6888794541139363
2020-07-01,1,ShahjalalShohag/code-library,5,0,2020-06-01,1,1,0,0.6931471805599453
2020-08-01,2,ShahjalalShohag/code-library,5,0,2020-06-01,2,1,0,1.0986122886681096
2020-09-01,6,ShahjalalShohag/code-library,5,0,2020-06-01,3,1,0,1.9459101490553132
2020-10-01,2,ShahjalalShohag/code-library,5,0,2020-06-01,4,1,0,1.0986122886681096
2020-11-01,4,ShahjalalShohag/code-library,5,0,2020-06-01,5,1,0,1.6094379124341003
2020-12-01,5,ShahjalalShohag/code-library,5,0,2020-06-01,6,1,0,1.791759469228055
2021-01-01,0,ShahjalalShohag/code-library,5,0,2020-06-01,7,1,0,0.0
2021-02-01,9,ShahjalalShohag/code-library,5,0,2020-06-01,8,1,0,2.302585092994046
2021-03-01,31,ShahjalalShohag/code-library,5,0,2020-06-01,9,1,0,3.4657359027997265
2021-04-01,74,ShahjalalShohag/code-library,5,0,2020-06-01,10,1,0,4.31748811353631
2021-05-01,56,ShahjalalShohag/code-library,5,0,2020-06-01,11,1,0,4.04305126783455
2021-06-01,0,ShahjalalShohag/code-library,5,0,2020-06-01,12,1,0,0.0
2019-11-01,21,hluk/CopyQ,2,1,2020-11-01,-12,0,0,3.091042453358316
2019-12-01,15,hluk/CopyQ,2,1,2020-11-01,-11,0,0,2.772588722239781
2020-01-01,19,hluk/CopyQ,2,1,2020-11-01,-10,0,0,2.995732273553991
2020-02-01,41,hluk/CopyQ,2,1,2020-11-01,-9,0,0,3.7376696182833684
2020-03-01,31,hluk/CopyQ,2,1,2020-11-01,-8,0,0,3.4657359027997265
2020-04-01,89,hluk/CopyQ,2,1,2020-11-01,-7,0,0,4.499809670330265
2020-05-01,79,hluk/CopyQ,2,1,2020-11-01,-6,0,0,4.382026634673881
2020-06-01,34,hluk/CopyQ,2,1,2020-11-01,-5,0,0,3.5553480614894135
2020-07-01,18,hluk/CopyQ,2,1,2020-11-01,-4,0,0,2.9444389791664403
2020-08-01,14,hluk/CopyQ,2,1,2020-11-01,-3,0,0,2.70805020110221
2020-09-01,22,hluk/CopyQ,2,1,2020-11-01,-2,0,0,3.1354942159291497
2020-10-01,38,hluk/CopyQ,2,1,2020-11-01,-1,0,0,3.6635616461296463
2020-12-01,52,hluk/CopyQ,2,1,2020-11-01,1,1,1,3.970291913552122
2021-01-01,30,hluk/CopyQ,2,1,2020-11-01,2,1,1,3.4339872044851463
2021-02-01,18,hluk/CopyQ,2,1,2020-11-01,3,1,1,2.9444389791664403
2021-03-01,73,hluk/CopyQ,2,1,2020-11-01,4,1,1,4.304065093204169
2021-04-01,61,hluk/CopyQ,2,1,2020-11-01,5,1,1,4.127134385045092
2021-05-01,22,hluk/CopyQ,2,1,2020-11-01,6,1,1,3.1354942159291497
2021-06-01,2,hluk/CopyQ,2,1,2020-11-01,7,1,1,1.0986122886681096
2021-07-01,24,hluk/CopyQ,2,1,2020-11-01,8,1,1,3.2188758248682006
2021-08-01,12,hluk/CopyQ,2,1,2020-11-01,9,1,1,2.5649493574615367
2021-09-01,47,hluk/CopyQ,2,1,2020-11-01,10,1,1,3.8712010109078907
2021-10-01,46,hluk/CopyQ,2,1,2020-11-01,11,1,1,3.8501476017100584
2021-11-01,48,hluk/CopyQ,2,1,2020-11-01,12,1,1,3.8918202981106265
2019-06-01,0,dvyukov/go-fuzz,7,0,2020-06-01,-12,0,0,0.0
2019-07-01,3,dvyukov/go-fuzz,7,0,2020-06-01,-11,0,0,1.3862943611198906
2019-08-01,5,dvyukov/go-fuzz,7,0,2020-06-01,-10,0,0,1.791759469228055
2019-09-01,2,dvyukov/go-fuzz,7,0,2020-06-01,-9,0,0,1.0986122886681096
2019-10-01,5,dvyukov/go-fuzz,7,0,2020-06-01,-8,0,0,1.791759469228055
2019-11-01,0,dvyukov/go-fuzz,7,0,2020-06-01,-7,0,0,0.0
2019-12-01,1,dvyukov/go-fuzz,7,0,2020-06-01,-6,0,0,0.6931471805599453
2020-01-01,0,dvyukov/go-fuzz,7,0,2020-06-01,-5,0,0,0.0
2020-02-01,0,dvyukov/go-fuzz,7,0,2020-06-01,-4,0,0,0.0
2020-03-01,1,dvyukov/go-fuzz,7,0,2020-06-01,-3,0,0,0.6931471805599453
2020-04-01,0,dvyukov/go-fuzz,7,0,2020-06-01,-2,0,0,0.0
2020-05-01,0,dvyukov/go-fuzz,7,0,2020-06-01,-1,0,0,0.0
2020-07-01,0,dvyukov/go-fuzz,7,0,2020-06-01,1,1,0,0.0
2020-08-01,3,dvyukov/go-fuzz,7,0,2020-06-01,2,1,0,1.3862943611198906
2020-09-01,1,dvyukov/go-fuzz,7,0,2020-06-01,3,1,0,0.6931471805599453
2020-10-01,1,dvyukov/go-fuzz,7,0,2020-06-01,4,1,0,0.6931471805599453
2020-11-01,5,dvyukov/go-fuzz,7,0,2020-06-01,5,1,0,1.791759469228055
2020-12-01,0,dvyukov/go-fuzz,7,0,2020-06-01,6,1,0,0.0
2021-01-01,1,dvyukov/go-fuzz,7,0,2020-06-01,7,1,0,0.6931471805599453
2021-02-01,0,dvyukov/go-fuzz,7,0,2020-06-01,8,1,0,0.0
2021-03-01,0,dvyukov/go-fuzz,7,0,2020-06-01,9,1,0,0.0
2021-04-01,3,dvyukov/go-fuzz,7,0,2020-06-01,10,1,0,1.3862943611198906
2021-05-01,0,dvyukov/go-fuzz,7,0,2020-06-01,11,1,0,0.0
2021-06-01,23,dvyukov/go-fuzz,7,0,2020-06-01,12,1,0,3.1780538303479458
2021-07-01,15,jagenjo/litegraph.js,6,0,2022-07-01,-12,0,0,2.772588722239781
2021-08-01,11,jagenjo/litegraph.js,6,0,2022-07-01,-11,0,0,2.4849066497880004
2021-09-01,2,jagenjo/litegraph.js,6,0,2022-07-01,-10,0,0,1.0986122886681096
2021-10-01,22,jagenjo/litegraph.js,6,0,2022-07-01,-9,0,0,3.1354942159291497
2021-11-01,17,jagenjo/litegraph.js,6,0,2022-07-01,-8,0,0,2.8903717578961645
2021-12-01,5,jagenjo/litegraph.js,6,0,2022-07-01,-7,0,0,1.791759469228055
2022-01-01,1,jagenjo/litegraph.js,6,0,2022-07-01,-6,0,0,0.6931471805599453
2022-02-01,1,jagenjo/litegraph.js,6,0,2022-07-01,-5,0,0,0.6931471805599453
2022-03-01,0,jagenjo/litegraph.js,6,0,2022-07-01,-4,0,0,0.0
2022-04-01,0,jagenjo/litegraph.js,6,0,2022-07-01,-3,0,0,0.0
2022-05-01,0,jagenjo/litegraph.js,6,0,2022-07-01,-2,0,0,0.0
2022-06-01,0,jagenjo/litegraph.js,6,0,2022-07-01,-1,0,0,0.0
2022-08-01,0,jagenjo/litegraph.js,6,0,2022-07-01,1,1,0,0.0
2022-09-01,1,jagenjo/litegraph.js,6,0,2022-07-01,2,1,0,0.6931471805599453
2022-10-01,4,jagenjo/litegraph.js,6,0,2022-07-01,3,1,0,1.6094379124341003
2022-11-01,3,jagenjo/litegraph.js,6,0,2022-07-01,4,1,0,1.3862943611198906
2022-12-01,1,jagenjo/litegraph.js,6,0,2022-07-01,5,1,0,0.6931471805599453
2023-01-01,0,jagenjo/litegraph.js,6,0,2022-07-01,6,1,0,0.0
2023-02-01,5,jagenjo/litegraph.js,6,0,2022-07-01,7,1,0,1.791759469228055
2023-03-01,19,jagenjo/litegraph.js,6,0,2022-07-01,8,1,0,2.995732273553991
2023-04-01,46,jagenjo/litegraph.js,6,0,2022-07-01,9,1,0,3.8501476017100584
2023-05-01,18,jagenjo/litegraph.js,6,0,2022-07-01,10,1,0,2.9444389791664403
2023-06-01,12,jagenjo/litegraph.js,6,0,2022-07-01,11,1,0,2.5649493574615367
2023-07-01,8,jagenjo/litegraph.js,6,0,2022-07-01,12,1,0,2.1972245773362196
2020-10-01,4,blushft/go-diagrams,9,0,2021-10-01,-12,0,0,1.6094379124341003
2020-11-01,0,blushft/go-diagrams,9,0,2021-10-01,-11,0,0,0.0
2020-12-01,0,blushft/go-diagrams,9,0,2021-10-01,-10,0,0,0.0
2021-01-01,0,blushft/go-diagrams,9,0,2021-10-01,-9,0,0,0.0
2021-02-01,0,blushft/go-diagrams,9,0,2021-10-01,-8,0,0,0.0
2021-03-01,0,blushft/go-diagrams,9,0,2021-10-01,-7,0,0,0.0
2021-04-01,0,blushft/go-diagrams,9,0,2021-10-01,-6,0,0,0.0
2021-05-01,0,blushft/go-diagrams,9,0,2021-10-01,-5,0,0,0.0
2021-06-01,0,blushft/go-diagrams,9,0,2021-10-01,-4,0,0,0.0
2021-07-01,1,blushft/go-diagrams,9,0,2021-10-01,-3,0,0,0.6931471805599453
2021-08-01,0,blushft/go-diagrams,9,0,2021-10-01,-2,0,0,0.0
2021-09-01,0,blushft/go-diagrams,9,0,2021-10-01,-1,0,0,0.0
2021-11-01,0,blushft/go-diagrams,9,0,2021-10-01,1,1,0,0.0
2021-12-01,0,blushft/go-diagrams,9,0,2021-10-01,2,1,0,0.0
2022-01-01,0,blushft/go-diagrams,9,0,2021-10-01,3,1,0,0.0
2022-02-01,0,blushft/go-diagrams,9,0,2021-10-01,4,1,0,0.0
2022-03-01,0,blushft/go-diagrams,9,0,2021-10-01,5,1,0,0.0
2022-04-01,0,blushft/go-diagrams,9,0,2021-10-01,6,1,0,0.0
2022-05-01,0,blushft/go-diagrams,9,0,2021-10-01,7,1,0,0.0
2022-06-01,0,blushft/go-diagrams,9,0,2021-10-01,8,1,0,0.0
2022-07-01,0,blushft/go-diagrams,9,0,2021-10-01,9,1,0,0.0
2022-08-01,0,blushft/go-diagrams,9,0,2021-10-01,10,1,0,0.0
2022-09-01,0,blushft/go-diagrams,9,0,2021-10-01,11,1,0,0.0
2022-10-01,0,blushft/go-diagrams,9,0,2021-10-01,12,1,0,0.0
2021-04-01,0,trickster0/OffensiveRust,8,0,2022-04-01,-12,0,0,0.0
2021-05-01,0,trickster0/OffensiveRust,8,0,2022-04-01,-11,0,0,0.0
2021-06-01,0,trickster0/OffensiveRust,8,0,2022-04-01,-10,0,0,0.0
2021-07-01,0,trickster0/OffensiveRust,8,0,2022-04-01,-9,0,0,0.0
2021-08-01,0,trickster0/OffensiveRust,8,0,2022-04-01,-8,0,0,0.0
2021-09-01,32,trickster0/OffensiveRust,8,0,2022-04-01,-7,0,0,3.4965075614664802
2021-10-01,19,trickster0/OffensiveRust,8,0,2022-04-01,-6,0,0,2.995732273553991
2021-11-01,14,trickster0/OffensiveRust,8,0,2022-04-01,-5,0,0,2.70805020110221
2021-12-01,0,trickster0/OffensiveRust,8,0,2022-04-01,-4,0,0,0.0
2022-01-01,1,trickster0/OffensiveRust,8,0,2022-04-01,-3,0,0,0.6931471805599453
2022-02-01,16,trickster0/OffensiveRust,8,0,2022-04-01,-2,0,0,2.833213344056216
2022-03-01,13,trickster0/OffensiveRust,8,0,2022-04-01,-1,0,0,2.639057329615259
2022-05-01,3,trickster0/OffensiveRust,8,0,2022-04-01,1,1,0,1.3862943611198906
2022-06-01,11,trickster0/OffensiveRust,8,0,2022-04-01,2,1,0,2.4849066497880004
2022-07-01,2,trickster0/OffensiveRust,8,0,2022-04-01,3,1,0,1.0986122886681096
2022-08-01,6,trickster0/OffensiveRust,8,0,2022-04-01,4,1,0,1.9459101490553132
2022-09-01,0,trickster0/OffensiveRust,8,0,2022-04-01,5,1,0,0.0
2022-10-01,3,trickster0/OffensiveRust,8,0,2022-04-01,6,1,0,1.3862943611198906
2022-11-01,2,trickster0/OffensiveRust,8,0,2022-04-01,7,1,0,1.0986122886681096
2022-12-01,0,trickster0/OffensiveRust,8,0,2022-04-01,8,1,0,0.0
2023-01-01,0,trickster0/OffensiveRust,8,0,2022-04-01,9,1,0,0.0
2023-02-01,0,trickster0/OffensiveRust,8,0,2022-04-01,10,1,0,0.0
2023-03-01,8,trickster0/OffensiveRust,8,0,2022-04-01,11,1,0,2.1972245773362196
2023-04-01,0,trickster0/OffensiveRust,8,0,2022-04-01,12,1,0,0.0
2018-09-01,0,roslynpad/roslynpad,10,1,2019-09-01,-12,0,0,0.0
2018-10-01,0,roslynpad/roslynpad,10,1,2019-09-01,-11,0,0,0.0
2018-11-01,11,roslynpad/roslynpad,10,1,2019-09-01,-10,0,0,2.4849066497880004
2018-12-01,12,roslynpad/roslynpad,10,1,2019-09-01,-9,0,0,2.5649493574615367
2019-01-01,7,roslynpad/roslynpad,10,1,2019-09-01,-8,0,0,2.0794415416798357
2019-02-01,12,roslynpad/roslynpad,10,1,2019-09-01,-7,0,0,2.5649493574615367
2019-03-01,42,roslynpad/roslynpad,10,1,2019-09-01,-6,0,0,3.7612001156935624
2019-04-01,5,roslynpad/roslynpad,10,1,2019-09-01,-5,0,0,1.791759469228055
2019-05-01,7,roslynpad/roslynpad,10,1,2019-09-01,-4,0,0,2.0794415416798357
2019-06-01,0,roslynpad/roslynpad,10,1,2019-09-01,-3,0,0,0.0
2019-07-01,8,roslynpad/roslynpad,10,1,2019-09-01,-2,0,0,2.1972245773362196
2019-08-01,2,roslynpad/roslynpad,10,1,2019-09-01,-1,0,0,1.0986122886681096
2019-10-01,4,roslynpad/roslynpad,10,1,2019-09-01,1,1,1,1.6094379124341003
2019-11-01,0,roslynpad/roslynpad,10,1,2019-09-01,2,1,1,0.0
2019-12-01,13,roslynpad/roslynpad,10,1,2019-09-01,3,1,1,2.639057329615259
2020-01-01,19,roslynpad/roslynpad,10,1,2019-09-01,4,1,1,2.995732273553991
2020-02-01,1,roslynpad/roslynpad,10,1,2019-09-01,5,1,1,0.6931471805599453
2020-03-01,6,roslynpad/roslynpad,10,1,2019-09-01,6,1,1,1.9459101490553132
2020-04-01,2,roslynpad/roslynpad,10,1,2019-09-01,7,1,1,1.0986122886681096
2020-05-01,1,roslynpad/roslynpad,10,1,2019-09-01,8,1,1,0.6931471805599453
2020-06-01,2,roslynpad/roslynpad,10,1,2019-09-01,9,1,1,1.0986122886681096
2020-07-01,18,roslynpad/roslynpad,10,1,2019-09-01,10,1,1,2.9444389791664403
2020-08-01,0,roslynpad/roslynpad,10,1,2019-09-01,11,1,1,0.0
2020-09-01,4,roslynpad/roslynpad,10,1,2019-09-01,12,1,1,1.6094379124341003
2021-04-01,1,brave/adblock-rust,8,1,2022-04-01,-12,0,0,0.6931471805599453
2021-05-01,8,brave/adblock-rust,8,1,2022-04-01,-11,0,0,2.1972245773362196
2021-06-01,12,brave/adblock-rust,8,1,2022-04-01,-10,0,0,2.5649493574615367
2021-07-01,12,brave/adblock-rust,8,1,2022-04-01,-9,0,0,2.5649493574615367
2021-08-01,0,brave/adblock-rust,8,1,2022-04-01,-8,0,0,0.0
2021-09-01,21,brave/adblock-rust,8,1,2022-04-01,-7,0,0,3.091042453358316
2021-10-01,3,brave/adblock-rust,8,1,2022-04-01,-6,0,0,1.3862943611198906
2021-11-01,0,brave/adblock-rust,8,1,2022-04-01,-5,0,0,0.0
2021-12-01,8,brave/adblock-rust,8,1,2022-04-01,-4,0,0,2.1972245773362196
2022-01-01,0,brave/adblock-rust,8,1,2022-04-01,-3,0,0,0.0
2022-02-01,4,brave/adblock-rust,8,1,2022-04-01,-2,0,0,1.6094379124341003
2022-03-01,9,brave/adblock-rust,8,1,2022-04-01,-1,0,0,2.302585092994046
2022-05-01,2,brave/adblock-rust,8,1,2022-04-01,1,1,1,1.0986122886681096
2022-06-01,21,brave/adblock-rust,8,1,2022-04-01,2,1,1,3.091042453358316
2022-07-01,0,brave/adblock-rust,8,1,2022-04-01,3,1,1,0.0
2022-08-01,1,brave/adblock-rust,8,1,2022-04-01,4,1,1,0.6931471805599453
2022-09-01,10,brave/adblock-rust,8,1,2022-04-01,5,1,1,2.3978952727983707
2022-10-01,10,brave/adblock-rust,8,1,2022-04-01,6,1,1,2.3978952727983707
2022-11-01,16,brave/adblock-rust,8,1,2022-04-01,7,1,1,2.833213344056216
2022-12-01,5,brave/adblock-rust,8,1,2022-04-01,8,1,1,1.791759469228055
2023-01-01,37,brave/adblock-rust,8,1,2022-04-01,9,1,1,3.6375861597263857
2023-02-01,37,brave/adblock-rust,8,1,2022-04-01,10,1,1,3.6375861597263857
2023-03-01,17,brave/adblock-rust,8,1,2022-04-01,11,1,1,2.8903717578961645
2023-04-01,11,brave/adblock-rust,8,1,2022-04-01,12,1,1,2.4849066497880004
2018-09-01,0,x360ce/x360ce,10,0,2019-09-01,-12,0,0,0.0
2018-10-01,1,x360ce/x360ce,10,0,2019-09-01,-11,0,0,0.6931471805599453
2018-11-01,0,x360ce/x360ce,10,0,2019-09-01,-10,0,0,0.0
2018-12-01,5,x360ce/x360ce,10,0,2019-09-01,-9,0,0,1.791759469228055
2019-01-01,9,x360ce/x360ce,10,0,2019-09-01,-8,0,0,2.302585092994046
2019-02-01,8,x360ce/x360ce,10,0,2019-09-01,-7,0,0,2.1972245773362196
2019-03-01,7,x360ce/x360ce,10,0,2019-09-01,-6,0,0,2.0794415416798357
2019-04-01,21,x360ce/x360ce,10,0,2019-09-01,-5,0,0,3.091042453358316
2019-05-01,18,x360ce/x360ce,10,0,2019-09-01,-4,0,0,2.9444389791664403
2019-06-01,3,x360ce/x360ce,10,0,2019-09-01,-3,0,0,1.3862943611198906
2019-07-01,13,x360ce/x360ce,10,0,2019-09-01,-2,0,0,2.639057329615259
2019-08-01,0,x360ce/x360ce,10,0,2019-09-01,-1,0,0,0.0
2019-10-01,0,x360ce/x360ce,10,0,2019-09-01,1,1,0,0.0
2019-11-01,0,x360ce/x360ce,10,0,2019-09-01,2,1,0,0.0
2019-12-01,2,x360ce/x360ce,10,0,2019-09-01,3,1,0,1.0986122886681096
2020-01-01,4,x360ce/x360ce,10,0,2019-09-01,4,1,0,1.6094379124341003
2020-02-01,4,x360ce/x360ce,10,0,2019-09-01,5,1,0,1.6094379124341003
2020-03-01,2,x360ce/x360ce,10,0,2019-09-01,6,1,0,1.0986122886681096
2020-04-01,2,x360ce/x360ce,10,0,2019-09-01,7,1,0,1.0986122886681096
2020-05-01,5,x360ce/x360ce,10,0,2019-09-01,8,1,0,1.791759469228055
2020-06-01,1,x360ce/x360ce,10,0,2019-09-01,9,1,0,0.6931471805599453
2020-07-01,19,x360ce/x360ce,10,0,2019-09-01,10,1,0,2.995732273553991
2020-08-01,45,x360ce/x360ce,10,0,2019-09-01,11,1,0,3.828641396489095
2020-09-01,36,x360ce/x360ce,10,0,2019-09-01,12,1,0,3.6109179126442243
2019-08-01,1,top-think/think,12,0,2020-08-01,-12,0,0,0.6931471805599453
2019-09-01,9,top-think/think,12,0,2020-08-01,-11,0,0,2.302585092994046
2019-10-01,10,top-think/think,12,0,2020-08-01,-10,0,0,2.3978952727983707
2019-11-01,3,top-think/think,12,0,2020-08-01,-9,0,0,1.3862943611198906
2019-12-01,3,top-think/think,12,0,2020-08-01,-8,0,0,1.3862943611198906
2020-01-01,4,top-think/think,12,0,2020-08-01,-7,0,0,1.6094379124341003
2020-02-01,0,top-think/think,12,0,2020-08-01,-6,0,0,0.0
2020-03-01,1,top-think/think,12,0,2020-08-01,-5,0,0,0.6931471805599453
2020-04-01,0,top-think/think,12,0,2020-08-01,-4,0,0,0.0
2020-05-01,0,top-think/think,12,0,2020-08-01,-3,0,0,0.0
2020-06-01,6,top-think/think,12,0,2020-08-01,-2,0,0,1.9459101490553132
2020-07-01,0,top-think/think,12,0,2020-08-01,-1,0,0,0.0
2020-09-01,2,top-think/think,12,0,2020-08-01,1,1,0,1.0986122886681096
2020-10-01,0,top-think/think,12,0,2020-08-01,2,1,0,0.0
2020-11-01,1,top-think/think,12,0,2020-08-01,3,1,0,0.6931471805599453
2020-12-01,0,top-think/think,12,0,2020-08-01,4,1,0,0.0
2021-01-01,1,top-think/think,12,0,2020-08-01,5,1,0,0.6931471805599453
2021-02-01,0,top-think/think,12,0,2020-08-01,6,1,0,0.0
2021-03-01,0,top-think/think,12,0,2020-08-01,7,1,0,0.0
2021-04-01,0,top-think/think,12,0,2020-08-01,8,1,0,0.0
2021-05-01,0,top-think/think,12,0,2020-08-01,9,1,0,0.0
2021-06-01,0,top-think/think,12,0,2020-08-01,10,1,0,0.0
2021-07-01,2,top-think/think,12,0,2020-08-01,11,1,0,1.0986122886681096
2021-08-01,0,top-think/think,12,0,2020-08-01,12,1,0,0.0
2019-08-01,0,digininja/DVWA,12,1,2020-08-01,-12,0,0,0.0
2019-09-01,2,digininja/DVWA,12,1,2020-08-01,-11,0,0,1.0986122886681096
2019-10-01,0,digininja/DVWA,12,1,2020-08-01,-10,0,0,0.0
2019-11-01,1,digininja/DVWA,12,1,2020-08-01,-9,0,0,0.6931471805599453
2019-12-01,0,digininja/DVWA,12,1,2020-08-01,-8,0,0,0.0
2020-01-01,5,digininja/DVWA,12,1,2020-08-01,-7,0,0,1.791759469228055
2020-02-01,2,digininja/DVWA,12,1,2020-08-01,-6,0,0,1.0986122886681096
2020-03-01,0,digininja/DVWA,12,1,2020-08-01,-5,0,0,0.0
2020-04-01,1,digininja/DVWA,12,1,2020-08-01,-4,0,0,0.6931471805599453
2020-05-01,7,digininja/DVWA,12,1,2020-08-01,-3,0,0,2.0794415416798357
2020-06-01,9,digininja/DVWA,12,1,2020-08-01,-2,0,0,2.302585092994046
2020-07-01,3,digininja/DVWA,12,1,2020-08-01,-1,0,0,1.3862943611198906
2020-09-01,13,digininja/DVWA,12,1,2020-08-01,1,1,1,2.639057329615259
2020-10-01,21,digininja/DVWA,12,1,2020-08-01,2,1,1,3.091042453358316
2020-11-01,4,digininja/DVWA,12,1,2020-08-01,3,1,1,1.6094379124341003
2020-12-01,0,digininja/DVWA,12,1,2020-08-01,4,1,1,0.0
2021-01-01,2,digininja/DVWA,12,1,2020-08-01,5,1,1,1.0986122886681096
2021-02-01,3,digininja/DVWA,12,1,2020-08-01,6,1,1,1.3862943611198906
2021-03-01,8,digininja/DVWA,12,1,2020-08-01,7,1,1,2.1972245773362196
2021-04-01,4,digininja/DVWA,12,1,2020-08-01,8,1,1,1.6094379124341003
2021-05-01,1,digininja/DVWA,12,1,2020-08-01,9,1,1,0.6931471805599453
2021-06-01,10,digininja/DVWA,12,1,2020-08-01,10,1,1,2.3978952727983707
2021-07-01,1,digininja/DVWA,12,1,2020-08-01,11,1,1,0.6931471805599453
2021-08-01,8,digininja/DVWA,12,1,2020-08-01,12,1,1,2.1972245773362196
2020-10-01,0,simplcommerce/SimplCommerce,13,1,2021-10-01,-12,0,0,0.0
2020-11-01,3,simplcommerce/SimplCommerce,13,1,2021-10-01,-11,0,0,1.3862943611198906
2020-12-01,0,simplcommerce/SimplCommerce,13,1,2021-10-01,-10,0,0,0.0
2021-01-01,5,simplcommerce/SimplCommerce,13,1,2021-10-01,-9,0,0,1.791759469228055
2021-02-01,0,simplcommerce/SimplCommerce,13,1,2021-10-01,-8,0,0,0.0
2021-03-01,0,simplcommerce/SimplCommerce,13,1,2021-10-01,-7,0,0,0.0
2021-04-01,0,simplcommerce/SimplCommerce,13,1,2021-10-01,-6,0,0,0.0
2021-05-01,0,simplcommerce/SimplCommerce,13,1,2021-10-01,-5,0,0,0.0
2021-06-01,0,simplcommerce/SimplCommerce,13,1,2021-10-01,-4,0,0,0.0
2021-07-01,0,simplcommerce/SimplCommerce,13,1,2021-10-01,-3,0,0,0.0
2021-08-01,0,simplcommerce/SimplCommerce,13,1,2021-10-01,-2,0,0,0.0
2021-09-01,0,simplcommerce/SimplCommerce,13,1,2021-10-01,-1,0,0,0.0
2021-11-01,3,simplcommerce/SimplCommerce,13,1,2021-10-01,1,1,1,1.3862943611198906
2021-12-01,2,simplcommerce/SimplCommerce,13,1,2021-10-01,2,1,1,1.0986122886681096
2022-01-01,0,simplcommerce/SimplCommerce,13,1,2021-10-01,3,1,1,0.0
2022-02-01,1,simplcommerce/SimplCommerce,13,1,2021-10-01,4,1,1,0.6931471805599453
2022-03-01,0,simplcommerce/SimplCommerce,13,1,2021-10-01,5,1,1,0.0
2022-04-01,0,simplcommerce/SimplCommerce,13,1,2021-10-01,6,1,1,0.0
2022-05-01,0,simplcommerce/SimplCommerce,13,1,2021-10-01,7,1,1,0.0
2022-06-01,0,simplcommerce/SimplCommerce,13,1,2021-10-01,8,1,1,0.0
2022-07-01,0,simplcommerce/SimplCommerce,13,1,2021-10-01,9,1,1,0.0
2022-08-01,0,simplcommerce/SimplCommerce,13,1,2021-10-01,10,1,1,0.0
2022-09-01,0,simplcommerce/SimplCommerce,13,1,2021-10-01,11,1,1,0.0
2022-10-01,0,simplcommerce/SimplCommerce,13,1,2021-10-01,12,1,1,0.0
2020-10-01,0,Unity-Technologies/NavMeshComponents,13,0,2021-10-01,-12,0,0,0.0
2020-11-01,0,Unity-Technologies/NavMeshComponents,13,0,2021-10-01,-11,0,0,0.0
2020-12-01,6,Unity-Technologies/NavMeshComponents,13,0,2021-10-01,-10,0,0,1.9459101490553132
2021-01-01,0,Unity-Technologies/NavMeshComponents,13,0,2021-10-01,-9,0,0,0.0
2021-02-01,0,Unity-Technologies/NavMeshComponents,13,0,2021-10-01,-8,0,0,0.0
2021-03-01,0,Unity-Technologies/NavMeshComponents,13,0,2021-10-01,-7,0,0,0.0
2021-04-01,0,Unity-Technologies/NavMeshComponents,13,0,2021-10-01,-6,0,0,0.0
2021-05-01,0,Unity-Technologies/NavMeshComponents,13,0,2021-10-01,-5,0,0,0.0
2021-06-01,0,Unity-Technologies/NavMeshComponents,13,0,2021-10-01,-4,0,0,0.0
2021-07-01,3,Unity-Technologies/NavMeshComponents,13,0,2021-10-01,-3,0,0,1.3862943611198906
2021-08-01,0,Unity-Technologies/NavMeshComponents,13,0,2021-10-01,-2,0,0,0.0
2021-09-01,0,Unity-Technologies/NavMeshComponents,13,0,2021-10-01,-1,0,0,0.0
2021-11-01,0,Unity-Technologies/NavMeshComponents,13,0,2021-10-01,1,1,0,0.0
2021-12-01,0,Unity-Technologies/NavMeshComponents,13,0,2021-10-01,2,1,0,0.0
2022-01-01,0,Unity-Technologies/NavMeshComponents,13,0,2021-10-01,3,1,0,0.0
2022-02-01,0,Unity-Technologies/NavMeshComponents,13,0,2021-10-01,4,1,0,0.0
2022-03-01,0,Unity-Technologies/NavMeshComponents,13,0,2021-10-01,5,1,0,0.0
2022-04-01,0,Unity-Technologies/NavMeshComponents,13,0,2021-10-01,6,1,0,0.0
2022-05-01,0,Unity-Technologies/NavMeshComponents,13,0,2021-10-01,7,1,0,0.0
2022-06-01,0,Unity-Technologies/NavMeshComponents,13,0,2021-10-01,8,1,0,0.0
2022-07-01,0,Unity-Technologies/NavMeshComponents,13,0,2021-10-01,9,1,0,0.0
2022-08-01,0,Unity-Technologies/NavMeshComponents,13,0,2021-10-01,10,1,0,0.0
2022-09-01,0,Unity-Technologies/NavMeshComponents,13,0,2021-10-01,11,1,0,0.0
2022-10-01,0,Unity-Technologies/NavMeshComponents,13,0,2021-10-01,12,1,0,0.0
2018-08-01,10,mickael-kerjean/filestash,11,0,2019-08-01,-12,0,0,2.3978952727983707
2018-09-01,35,mickael-kerjean/filestash,11,0,2019-08-01,-11,0,0,3.58351893845611
2018-10-01,18,mickael-kerjean/filestash,11,0,2019-08-01,-10,0,0,2.9444389791664403
2018-11-01,21,mickael-kerjean/filestash,11,0,2019-08-01,-9,0,0,3.091042453358316
2018-12-01,1,mickael-kerjean/filestash,11,0,2019-08-01,-8,0,0,0.6931471805599453
2019-01-01,38,mickael-kerjean/filestash,11,0,2019-08-01,-7,0,0,3.6635616461296463
2019-02-01,13,mickael-kerjean/filestash,11,0,2019-08-01,-6,0,0,2.639057329615259
2019-03-01,38,mickael-kerjean/filestash,11,0,2019-08-01,-5,0,0,3.6635616461296463
2019-04-01,68,mickael-kerjean/filestash,11,0,2019-08-01,-4,0,0,4.23410650459726
2019-05-01,55,mickael-kerjean/filestash,11,0,2019-08-01,-3,0,0,4.02535169073515
2019-06-01,2,mickael-kerjean/filestash,11,0,2019-08-01,-2,0,0,1.0986122886681096
2019-07-01,6,mickael-kerjean/filestash,11,0,2019-08-01,-1,0,0,1.9459101490553132
2019-09-01,3,mickael-kerjean/filestash,11,0,2019-08-01,1,1,0,1.3862943611198906
2019-10-01,2,mickael-kerjean/filestash,11,0,2019-08-01,2,1,0,1.0986122886681096
2019-11-01,20,mickael-kerjean/filestash,11,0,2019-08-01,3,1,0,3.044522437723423
2019-12-01,9,mickael-kerjean/filestash,11,0,2019-08-01,4,1,0,2.302585092994046
2020-01-01,18,mickael-kerjean/filestash,11,0,2019-08-01,5,1,0,2.9444389791664403
2020-02-01,13,mickael-kerjean/filestash,11,0,2019-08-01,6,1,0,2.639057329615259
2020-03-01,4,mickael-kerjean/filestash,11,0,2019-08-01,7,1,0,1.6094379124341003
2020-04-01,3,mickael-kerjean/filestash,11,0,2019-08-01,8,1,0,1.3862943611198906
2020-05-01,21,mickael-kerjean/filestash,11,0,2019-08-01,9,1,0,3.091042453358316
2020-06-01,29,mickael-kerjean/filestash,11,0,2019-08-01,10,1,0,3.4011973816621555
2020-07-01,5,mickael-kerjean/filestash,11,0,2019-08-01,11,1,0,1.791759469228055
2020-08-01,6,mickael-kerjean/filestash,11,0,2019-08-01,12,1,0,1.9459101490553132
2018-08-01,16,go-task/task,11,1,2019-08-01,-12,0,0,2.833213344056216
2018-09-01,16,go-task/task,11,1,2019-08-01,-11,0,0,2.833213344056216
2018-10-01,18,go-task/task,11,1,2019-08-01,-10,0,0,2.9444389791664403
2018-11-01,6,go-task/task,11,1,2019-08-01,-9,0,0,1.9459101490553132
2018-12-01,22,go-task/task,11,1,2019-08-01,-8,0,0,3.1354942159291497
2019-01-01,17,go-task/task,11,1,2019-08-01,-7,0,0,2.8903717578961645
2019-02-01,80,go-task/task,11,1,2019-08-01,-6,0,0,4.394449154672439
2019-03-01,38,go-task/task,11,1,2019-08-01,-5,0,0,3.6635616461296463
2019-04-01,9,go-task/task,11,1,2019-08-01,-4,0,0,2.302585092994046
2019-05-01,9,go-task/task,11,1,2019-08-01,-3,0,0,2.302585092994046
2019-06-01,26,go-task/task,11,1,2019-08-01,-2,0,0,3.295836866004329
2019-07-01,8,go-task/task,11,1,2019-08-01,-1,0,0,2.1972245773362196
2019-09-01,29,go-task/task,11,1,2019-08-01,1,1,1,3.4011973816621555
2019-10-01,7,go-task/task,11,1,2019-08-01,2,1,1,2.0794415416798357
2019-11-01,18,go-task/task,11,1,2019-08-01,3,1,1,2.9444389791664403
2019-12-01,11,go-task/task,11,1,2019-08-01,4,1,1,2.4849066497880004
2020-01-01,11,go-task/task,11,1,2019-08-01,5,1,1,2.4849066497880004
2020-02-01,11,go-task/task,11,1,2019-08-01,6,1,1,2.4849066497880004
2020-03-01,10,go-task/task,11,1,2019-08-01,7,1,1,2.3978952727983707
2020-04-01,6,go-task/task,11,1,2019-08-01,8,1,1,1.9459101490553132
2020-05-01,29,go-task/task,11,1,2019-08-01,9,1,1,3.4011973816621555
2020-06-01,7,go-task/task,11,1,2019-08-01,10,1,1,2.0794415416798357
2020-07-01,2,go-task/task,11,1,2019-08-01,11,1,1,1.0986122886681096
2020-08-01,22,go-task/task,11,1,2019-08-01,12,1,1,3.1354942159291497
2020-10-01,0,wazero/wazero,9,1,2021-10-01,-12,0,0,0.0
2020-11-01,0,wazero/wazero,9,1,2021-10-01,-11,0,0,0.0
2020-12-01,0,wazero/wazero,9,1,2021-10-01,-10,0,0,0.0
2021-01-01,0,wazero/wazero,9,1,2021-10-01,-9,0,0,0.0
2021-02-01,0,wazero/wazero,9,1,2021-10-01,-8,0,0,0.0
2021-03-01,4,wazero/wazero,9,1,2021-10-01,-7,0,0,1.6094379124341003
2021-04-01,1,wazero/wazero,9,1,2021-10-01,-6,0,0,0.6931471805599453
2021-05-01,0,wazero/wazero,9,1,2021-10-01,-5,0,0,0.0
2021-06-01,0,wazero/wazero,9,1,2021-10-01,-4,0,0,0.0
2021-07-01,0,wazero/wazero,9,1,2021-10-01,-3,0,0,0.0
2021-08-01,0,wazero/wazero,9,1,2021-10-01,-2,0,0,0.0
2021-09-01,0,wazero/wazero,9,1,2021-10-01,-1,0,0,0.0
2021-11-01,19,wazero/wazero,9,1,2021-10-01,1,1,1,2.995732273553991
2021-12-01,39,wazero/wazero,9,1,2021-10-01,2,1,1,3.6888794541139363
2022-01-01,54,wazero/wazero,9,1,2021-10-01,3,1,1,4.007333185232471
2022-02-01,94,wazero/wazero,9,1,2021-10-01,4,1,1,4.553876891600541
2022-03-01,101,wazero/wazero,9,1,2021-10-01,5,1,1,4.624972813284271
2022-04-01,66,wazero/wazero,9,1,2021-10-01,6,1,1,4.204692619390966
2022-05-01,67,wazero/wazero,9,1,2021-10-01,7,1,1,4.219507705176107
2022-06-01,50,wazero/wazero,9,1,2021-10-01,8,1,1,3.9318256327243257
2022-07-01,57,wazero/wazero,9,1,2021-10-01,9,1,1,4.060443010546419
2022-08-01,54,wazero/wazero,9,1,2021-10-01,10,1,1,4.007333185232471
2022-09-01,26,wazero/wazero,9,1,2021-10-01,11,1,1,3.295836866004329
2022-10-01,11,wazero/wazero,9,1,2021-10-01,12,1,1,2.4849066497880004
2018-10-01,1,react-grid-layout/react-grid-layout,16,1,2019-10-01,-12,0,0,0.6931471805599453
2018-11-01,0,react-grid-layout/react-grid-layout,16,1,2019-10-01,-11,0,0,0.0
2018-12-01,1,react-grid-layout/react-grid-layout,16,1,2019-10-01,-10,0,0,0.6931471805599453
2019-01-01,0,react-grid-layout/react-grid-layout,16,1,2019-10-01,-9,0,0,0.0
2019-02-01,5,react-grid-layout/react-grid-layout,16,1,2019-10-01,-8,0,0,1.791759469228055
2019-03-01,0,react-grid-layout/react-grid-layout,16,1,2019-10-01,-7,0,0,0.0
2019-04-01,0,react-grid-layout/react-grid-layout,16,1,2019-10-01,-6,0,0,0.0
2019-05-01,0,react-grid-layout/react-grid-layout,16,1,2019-10-01,-5,0,0,0.0
2019-06-01,0,react-grid-layout/react-grid-layout,16,1,2019-10-01,-4,0,0,0.0
2019-07-01,0,react-grid-layout/react-grid-layout,16,1,2019-10-01,-3,0,0,0.0
2019-08-01,0,react-grid-layout/react-grid-layout,16,1,2019-10-01,-2,0,0,0.0
2019-09-01,14,react-grid-layout/react-grid-layout,16,1,2019-10-01,-1,0,0,2.70805020110221
2019-11-01,11,react-grid-layout/react-grid-layout,16,1,2019-10-01,1,1,1,2.4849066497880004
2019-12-01,1,react-grid-layout/react-grid-layout,16,1,2019-10-01,2,1,1,0.6931471805599453
2020-01-01,9,react-grid-layout/react-grid-layout,16,1,2019-10-01,3,1,1,2.302585092994046
2020-02-01,15,react-grid-layout/react-grid-layout,16,1,2019-10-01,4,1,1,2.772588722239781
2020-03-01,5,react-grid-layout/react-grid-layout,16,1,2019-10-01,5,1,1,1.791759469228055
2020-04-01,2,react-grid-layout/react-grid-layout,16,1,2019-10-01,6,1,1,1.0986122886681096
2020-05-01,0,react-grid-layout/react-grid-layout,16,1,2019-10-01,7,1,1,0.0
2020-06-01,0,react-grid-layout/react-grid-layout,16,1,2019-10-01,8,1,1,0.0
2020-07-01,13,react-grid-layout/react-grid-layout,16,1,2019-10-01,9,1,1,2.639057329615259
2020-08-01,1,react-grid-layout/react-grid-layout,16,1,2019-10-01,10,1,1,0.6931471805599453
2020-09-01,7,react-grid-layout/react-grid-layout,16,1,2019-10-01,11,1,1,2.0794415416798357
2020-10-01,3,react-grid-layout/react-grid-layout,16,1,2019-10-01,12,1,1,1.3862943611198906
2018-10-01,15,t4t5/sweetalert,16,0,2019-10-01,-12,0,0,2.772588722239781
2018-11-01,0,t4t5/sweetalert,16,0,2019-10-01,-11,0,0,0.0
2018-12-01,0,t4t5/sweetalert,16,0,2019-10-01,-10,0,0,0.0
2019-01-01,0,t4t5/sweetalert,16,0,2019-10-01,-9,0,0,0.0
2019-02-01,0,t4t5/sweetalert,16,0,2019-10-01,-8,0,0,0.0
2019-03-01,0,t4t5/sweetalert,16,0,2019-10-01,-7,0,0,0.0
2019-04-01,2,t4t5/sweetalert,16,0,2019-10-01,-6,0,0,1.0986122886681096
2019-05-01,0,t4t5/sweetalert,16,0,2019-10-01,-5,0,0,0.0
2019-06-01,0,t4t5/sweetalert,16,0,2019-10-01,-4,0,0,0.0
2019-07-01,0,t4t5/sweetalert,16,0,2019-10-01,-3,0,0,0.0
2019-08-01,0,t4t5/sweetalert,16,0,2019-10-01,-2,0,0,0.0
2019-09-01,0,t4t5/sweetalert,16,0,2019-10-01,-1,0,0,0.0
2019-11-01,0,t4t5/sweetalert,16,0,2019-10-01,1,1,0,0.0
2019-12-01,0,t4t5/sweetalert,16,0,2019-10-01,2,1,0,0.0
2020-01-01,0,t4t5/sweetalert,16,0,2019-10-01,3,1,0,0.0
2020-02-01,0,t4t5/sweetalert,16,0,2019-10-01,4,1,0,0.0
2020-03-01,0,t4t5/sweetalert,16,0,2019-10-01,5,1,0,0.0
2020-04-01,0,t4t5/sweetalert,16,0,2019-10-01,6,1,0,0.0
2020-05-01,0,t4t5/sweetalert,16,0,2019-10-01,7,1,0,0.0
2020-06-01,0,t4t5/sweetalert,16,0,2019-10-01,8,1,0,0.0
2020-07-01,0,t4t5/sweetalert,16,0,2019-10-01,9,1,0,0.0
2020-08-01,0,t4t5/sweetalert,16,0,2019-10-01,10,1,0,0.0
2020-09-01,0,t4t5/sweetalert,16,0,2019-10-01,11,1,0,0.0
2020-10-01,1,t4t5/sweetalert,16,0,2019-10-01,12,1,0,0.6931471805599453
2023-07-01,58,Lambada10/SongSync,15,1,2024-07-01,-12,0,0,4.07753744390572
2023-08-01,32,Lambada10/SongSync,15,1,2024-07-01,-11,0,0,3.4965075614664802
2023-09-01,10,Lambada10/SongSync,15,1,2024-07-01,-10,0,0,2.3978952727983707
2023-10-01,18,Lambada10/SongSync,15,1,2024-07-01,-9,0,0,2.9444389791664403
2023-11-01,10,Lambada10/SongSync,15,1,2024-07-01,-8,0,0,2.3978952727983707
2023-12-01,2,Lambada10/SongSync,15,1,2024-07-01,-7,0,0,1.0986122886681096
2024-01-01,4,Lambada10/SongSync,15,1,2024-07-01,-6,0,0,1.6094379124341003
2024-02-01,0,Lambada10/SongSync,15,1,2024-07-01,-5,0,0,0.0
2024-03-01,2,Lambada10/SongSync,15,1,2024-07-01,-4,0,0,1.0986122886681096
2024-04-01,3,Lambada10/SongSync,15,1,2024-07-01,-3,0,0,1.3862943611198906
2024-05-01,16,Lambada10/SongSync,15,1,2024-07-01,-2,0,0,2.833213344056216
2024-06-01,16,Lambada10/SongSync,15,1,2024-07-01,-1,0,0,2.833213344056216
2024-08-01,11,Lambada10/SongSync,15,1,2024-07-01,1,1,1,2.4849066497880004
2024-09-01,11,Lambada10/SongSync,15,1,2024-07-01,2,1,1,2.4849066497880004
2024-10-01,17,Lambada10/SongSync,15,1,2024-07-01,3,1,1,2.8903717578961645
2024-11-01,73,Lambada10/SongSync,15,1,2024-07-01,4,1,1,4.304065093204169
2024-12-01,11,Lambada10/SongSync,15,1,2024-07-01,5,1,1,2.4849066497880004
2025-01-01,5,Lambada10/SongSync,15,1,2024-07-01,6,1,1,1.791759469228055
2025-02-01,36,Lambada10/SongSync,15,1,2024-07-01,7,1,1,3.6109179126442243
2025-03-01,23,Lambada10/SongSync,15,1,2024-07-01,8,1,1,3.1780538303479458
2025-04-01,12,Lambada10/SongSync,15,1,2024-07-01,9,1,1,2.5649493574615367
2025-05-01,29,Lambada10/SongSync,15,1,2024-07-01,10,1,1,3.4011973816621555
2025-06-01,7,Lambada10/SongSync,15,1,2024-07-01,11,1,1,2.0794415416798357
2025-07-01,21,Lambada10/SongSync,15,1,2024-07-01,12,1,1,3.091042453358316
2023-07-01,6,aleksey-saenko/MusicRecognizer,15,0,2024-07-01,-12,0,0,1.9459101490553132
2023-08-01,8,aleksey-saenko/MusicRecognizer,15,0,2024-07-01,-11,0,0,2.1972245773362196
2023-09-01,8,aleksey-saenko/MusicRecognizer,15,0,2024-07-01,-10,0,0,2.1972245773362196
2023-10-01,9,aleksey-saenko/MusicRecognizer,15,0,2024-07-01,-9,0,0,2.302585092994046
2023-11-01,39,aleksey-saenko/MusicRecognizer,15,0,2024-07-01,-8,0,0,3.6888794541139363
2023-12-01,20,aleksey-saenko/MusicRecognizer,15,0,2024-07-01,-7,0,0,3.044522437723423
2024-01-01,10,aleksey-saenko/MusicRecognizer,15,0,2024-07-01,-6,0,0,2.3978952727983707
2024-02-01,8,aleksey-saenko/MusicRecognizer,15,0,2024-07-01,-5,0,0,2.1972245773362196
2024-03-01,15,aleksey-saenko/MusicRecognizer,15,0,2024-07-01,-4,0,0,2.772588722239781
2024-04-01,4,aleksey-saenko/MusicRecognizer,15,0,2024-07-01,-3,0,0,1.6094379124341003
2024-05-01,5,aleksey-saenko/MusicRecognizer,15,0,2024-07-01,-2,0,0,1.791759469228055
2024-06-01,15,aleksey-saenko/MusicRecognizer,15,0,2024-07-01,-1,0,0,2.772588722239781
2024-08-01,7,aleksey-saenko/MusicRecognizer,15,0,2024-07-01,1,1,0,2.0794415416798357
2024-09-01,24,aleksey-saenko/MusicRecognizer,15,0,2024-07-01,2,1,0,3.2188758248682006
2024-10-01,19,aleksey-saenko/MusicRecognizer,15,0,2024-07-01,3,1,0,2.995732273553991
2024-11-01,19,aleksey-saenko/MusicRecognizer,15,0,2024-07-01,4,1,0,2.995732273553991
2024-12-01,3,aleksey-saenko/MusicRecognizer,15,0,2024-07-01,5,1,0,1.3862943611198906
2025-01-01,7,aleksey-saenko/MusicRecognizer,15,0,2024-07-01,6,1,0,2.0794415416798357
2025-02-01,11,aleksey-saenko/MusicRecognizer,15,0,2024-07-01,7,1,0,2.4849066497880004
2025-03-01,14,aleksey-saenko/MusicRecognizer,15,0,2024-07-01,8,1,0,2.70805020110221
2025-04-01,17,aleksey-saenko/MusicRecognizer,15,0,2024-07-01,9,1,0,2.8903717578961645
2025-05-01,15,aleksey-saenko/MusicRecognizer,15,0,2024-07-01,10,1,0,2.772588722239781
2025-06-01,10,aleksey-saenko/MusicRecognizer,15,0,2024-07-01,11,1,0,2.3978952727983707
2025-07-01,2,aleksey-saenko/MusicRecognizer,15,0,2024-07-01,12,1,0,1.0986122886681096
2020-03-01,52,solstice23/argon-theme,17,0,2021-03-01,-12,0,0,3.970291913552122
2020-04-01,25,solstice23/argon-theme,17,0,2021-03-01,-11,0,0,3.258096538021482
2020-05-01,14,solstice23/argon-theme,17,0,2021-03-01,-10,0,0,2.70805020110221
2020-06-01,6,solstice23/argon-theme,17,0,2021-03-01,-9,0,0,1.9459101490553132
2020-07-01,10,solstice23/argon-theme,17,0,2021-03-01,-8,0,0,2.3978952727983707
2020-08-01,54,solstice23/argon-theme,17,0,2021-03-01,-7,0,0,4.007333185232471
2020-09-01,2,solstice23/argon-theme,17,0,2021-03-01,-6,0,0,1.0986122886681096
2020-10-01,20,solstice23/argon-theme,17,0,2021-03-01,-5,0,0,3.044522437723423
2020-11-01,17,solstice23/argon-theme,17,0,2021-03-01,-4,0,0,2.8903717578961645
2020-12-01,5,solstice23/argon-theme,17,0,2021-03-01,-3,0,0,1.791759469228055
2021-01-01,5,solstice23/argon-theme,17,0,2021-03-01,-2,0,0,1.791759469228055
2021-02-01,17,solstice23/argon-theme,17,0,2021-03-01,-1,0,0,2.8903717578961645
2021-04-01,2,solstice23/argon-theme,17,0,2021-03-01,1,1,0,1.0986122886681096
2021-05-01,11,solstice23/argon-theme,17,0,2021-03-01,2,1,0,2.4849066497880004
2021-06-01,13,solstice23/argon-theme,17,0,2021-03-01,3,1,0,2.639057329615259
2021-07-01,24,solstice23/argon-theme,17,0,2021-03-01,4,1,0,3.2188758248682006
2021-08-01,33,solstice23/argon-theme,17,0,2021-03-01,5,1,0,3.5263605246161616
2021-09-01,11,solstice23/argon-theme,17,0,2021-03-01,6,1,0,2.4849066497880004
2021-10-01,30,solstice23/argon-theme,17,0,2021-03-01,7,1,0,3.4339872044851463
2021-11-01,15,solstice23/argon-theme,17,0,2021-03-01,8,1,0,2.772588722239781
2021-12-01,22,solstice23/argon-theme,17,0,2021-03-01,9,1,0,3.1354942159291497
2022-01-01,30,solstice23/argon-theme,17,0,2021-03-01,10,1,0,3.4339872044851463
2022-02-01,67,solstice23/argon-theme,17,0,2021-03-01,11,1,0,4.219507705176107
2022-03-01,6,solstice23/argon-theme,17,0,2021-03-01,12,1,0,1.9459101490553132
2020-03-01,13,crater-invoice-inc/crater,17,1,2021-03-01,-12,0,0,2.639057329615259
2020-04-01,13,crater-invoice-inc/crater,17,1,2021-03-01,-11,0,0,2.639057329615259
2020-05-01,61,crater-invoice-inc/crater,17,1,2021-03-01,-10,0,0,4.127134385045092
2020-06-01,30,crater-invoice-inc/crater,17,1,2021-03-01,-9,0,0,3.4339872044851463
2020-07-01,7,crater-invoice-inc/crater,17,1,2021-03-01,-8,0,0,2.0794415416798357
2020-08-01,5,crater-invoice-inc/crater,17,1,2021-03-01,-7,0,0,1.791759469228055
2020-09-01,3,crater-invoice-inc/crater,17,1,2021-03-01,-6,0,0,1.3862943611198906
2020-10-01,1,crater-invoice-inc/crater,17,1,2021-03-01,-5,0,0,0.6931471805599453
2020-11-01,7,crater-invoice-inc/crater,17,1,2021-03-01,-4,0,0,2.0794415416798357
2020-12-01,101,crater-invoice-inc/crater,17,1,2021-03-01,-3,0,0,4.624972813284271
2021-01-01,18,crater-invoice-inc/crater,17,1,2021-03-01,-2,0,0,2.9444389791664403
2021-02-01,20,crater-invoice-inc/crater,17,1,2021-03-01,-1,0,0,3.044522437723423
2021-04-01,17,crater-invoice-inc/crater,17,1,2021-03-01,1,1,1,2.8903717578961645
2021-05-01,25,crater-invoice-inc/crater,17,1,2021-03-01,2,1,1,3.258096538021482
2021-06-01,42,crater-invoice-inc/crater,17,1,2021-03-01,3,1,1,3.7612001156935624
2021-07-01,14,crater-invoice-inc/crater,17,1,2021-03-01,4,1,1,2.70805020110221
2021-08-01,3,crater-invoice-inc/crater,17,1,2021-03-01,5,1,1,1.3862943611198906
2021-09-01,5,crater-invoice-inc/crater,17,1,2021-03-01,6,1,1,1.791759469228055
2021-10-01,4,crater-invoice-inc/crater,17,1,2021-03-01,7,1,1,1.6094379124341003
2021-11-01,4,crater-invoice-inc/crater,17,1,2021-03-01,8,1,1,1.6094379124341003
2021-12-01,140,crater-invoice-inc/crater,17,1,2021-03-01,9,1,1,4.948759890378168
2022-01-01,41,crater-invoice-inc/crater,17,1,2021-03-01,10,1,1,3.7376696182833684
2022-02-01,76,crater-invoice-inc/crater,17,1,2021-03-01,11,1,1,4.343805421853684
2022-03-01,44,crater-invoice-inc/crater,17,1,2021-03-01,12,1,1,3.8066624897703196
2018-12-01,1,google/tarpc,19,1,2019-12-01,-12,0,0,0.6931471805599453
2019-01-01,2,google/tarpc,19,1,2019-12-01,-11,0,0,1.0986122886681096
2019-02-01,1,google/tarpc,19,1,2019-12-01,-10,0,0,0.6931471805599453
2019-03-01,2,google/tarpc,19,1,2019-12-01,-9,0,0,1.0986122886681096
2019-04-01,20,google/tarpc,19,1,2019-12-01,-8,0,0,3.044522437723423
2019-05-01,8,google/tarpc,19,1,2019-12-01,-7,0,0,2.1972245773362196
2019-06-01,1,google/tarpc,19,1,2019-12-01,-6,0,0,0.6931471805599453
2019-07-01,28,google/tarpc,19,1,2019-12-01,-5,0,0,3.367295829986474
2019-08-01,19,google/tarpc,19,1,2019-12-01,-4,0,0,2.995732273553991
2019-09-01,0,google/tarpc,19,1,2019-12-01,-3,0,0,0.0
2019-10-01,7,google/tarpc,19,1,2019-12-01,-2,0,0,2.0794415416798357
2019-11-01,6,google/tarpc,19,1,2019-12-01,-1,0,0,1.9459101490553132
2020-01-01,0,google/tarpc,19,1,2019-12-01,1,1,1,0.0
2020-02-01,1,google/tarpc,19,1,2019-12-01,2,1,1,0.6931471805599453
2020-03-01,0,google/tarpc,19,1,2019-12-01,3,1,1,0.0
2020-04-01,1,google/tarpc,19,1,2019-12-01,4,1,1,0.6931471805599453
2020-05-01,1,google/tarpc,19,1,2019-12-01,5,1,1,0.6931471805599453
2020-06-01,3,google/tarpc,19,1,2019-12-01,6,1,1,1.3862943611198906
2020-07-01,16,google/tarpc,19,1,2019-12-01,7,1,1,2.833213344056216
2020-08-01,15,google/tarpc,19,1,2019-12-01,8,1,1,2.772588722239781
2020-09-01,0,google/tarpc,19,1,2019-12-01,9,1,1,0.0
2020-10-01,11,google/tarpc,19,1,2019-12-01,10,1,1,2.4849066497880004
2020-11-01,9,google/tarpc,19,1,2019-12-01,11,1,1,2.302585092994046
2020-12-01,2,google/tarpc,19,1,2019-12-01,12,1,1,1.0986122886681096
2019-12-01,34,commons-app/apps-android-commons,18,1,2020-12-01,-12,0,0,3.5553480614894135
2020-01-01,33,commons-app/apps-android-commons,18,1,2020-12-01,-11,0,0,3.5263605246161616
2020-02-01,28,commons-app/apps-android-commons,18,1,2020-12-01,-10,0,0,3.367295829986474
2020-03-01,65,commons-app/apps-android-commons,18,1,2020-12-01,-9,0,0,4.189654742026425
2020-04-01,42,commons-app/apps-android-commons,18,1,2020-12-01,-8,0,0,3.7612001156935624
2020-05-01,28,commons-app/apps-android-commons,18,1,2020-12-01,-7,0,0,3.367295829986474
2020-06-01,32,commons-app/apps-android-commons,18,1,2020-12-01,-6,0,0,3.4965075614664802
2020-07-01,14,commons-app/apps-android-commons,18,1,2020-12-01,-5,0,0,2.70805020110221
2020-08-01,15,commons-app/apps-android-commons,18,1,2020-12-01,-4,0,0,2.772588722239781
2020-09-01,13,commons-app/apps-android-commons,18,1,2020-12-01,-3,0,0,2.639057329615259
2020-10-01,27,commons-app/apps-android-commons,18,1,2020-12-01,-2,0,0,3.332204510175204
2020-11-01,21,commons-app/apps-android-commons,18,1,2020-12-01,-1,0,0,3.091042453358316
2021-01-01,35,commons-app/apps-android-commons,18,1,2020-12-01,1,1,1,3.58351893845611
2021-02-01,38,commons-app/apps-android-commons,18,1,2020-12-01,2,1,1,3.6635616461296463
2021-03-01,23,commons-app/apps-android-commons,18,1,2020-12-01,3,1,1,3.1780538303479458
2021-04-01,36,commons-app/apps-android-commons,18,1,2020-12-01,4,1,1,3.6109179126442243
2021-05-01,25,commons-app/apps-android-commons,18,1,2020-12-01,5,1,1,3.258096538021482
2021-06-01,39,commons-app/apps-android-commons,18,1,2020-12-01,6,1,1,3.6888794541139363
2021-07-01,17,commons-app/apps-android-commons,18,1,2020-12-01,7,1,1,2.8903717578961645
2021-08-01,21,commons-app/apps-android-commons,18,1,2020-12-01,8,1,1,3.091042453358316
2021-09-01,26,commons-app/apps-android-commons,18,1,2020-12-01,9,1,1,3.295836866004329
2021-10-01,22,commons-app/apps-android-commons,18,1,2020-12-01,10,1,1,3.1354942159291497
2021-11-01,12,commons-app/apps-android-commons,18,1,2020-12-01,11,1,1,2.5649493574615367
2021-12-01,27,commons-app/apps-android-commons,18,1,2020-12-01,12,1,1,3.332204510175204
2018-12-01,0,weld-project/weld,19,0,2019-12-01,-12,0,0,0.0
2019-01-01,0,weld-project/weld,19,0,2019-12-01,-11,0,0,0.0
2019-02-01,2,weld-project/weld,19,0,2019-12-01,-10,0,0,1.0986122886681096
2019-03-01,50,weld-project/weld,19,0,2019-12-01,-9,0,0,3.9318256327243257
2019-04-01,3,weld-project/weld,19,0,2019-12-01,-8,0,0,1.3862943611198906
2019-05-01,6,weld-project/weld,19,0,2019-12-01,-7,0,0,1.9459101490553132
2019-06-01,2,weld-project/weld,19,0,2019-12-01,-6,0,0,1.0986122886681096
2019-07-01,2,weld-project/weld,19,0,2019-12-01,-5,0,0,1.0986122886681096
2019-08-01,3,weld-project/weld,19,0,2019-12-01,-4,0,0,1.3862943611198906
2019-09-01,5,weld-project/weld,19,0,2019-12-01,-3,0,0,1.791759469228055
2019-10-01,3,weld-project/weld,19,0,2019-12-01,-2,0,0,1.3862943611198906
2019-11-01,0,weld-project/weld,19,0,2019-12-01,-1,0,0,0.0
2020-01-01,1,weld-project/weld,19,0,2019-12-01,1,1,0,0.6931471805599453
2020-02-01,5,weld-project/weld,19,0,2019-12-01,2,1,0,1.791759469228055
2020-03-01,6,weld-project/weld,19,0,2019-12-01,3,1,0,1.9459101490553132
2020-04-01,1,weld-project/weld,19,0,2019-12-01,4,1,0,0.6931471805599453
2020-05-01,0,weld-project/weld,19,0,2019-12-01,5,1,0,0.0
2020-06-01,0,weld-project/weld,19,0,2019-12-01,6,1,0,0.0
2020-07-01,0,weld-project/weld,19,0,2019-12-01,7,1,0,0.0
2020-08-01,0,weld-project/weld,19,0,2019-12-01,8,1,0,0.0
2020-09-01,0,weld-project/weld,19,0,2019-12-01,9,1,0,0.0
2020-10-01,0,weld-project/weld,19,0,2019-12-01,10,1,0,0.0
2020-11-01,0,weld-project/weld,19,0,2019-12-01,11,1,0,0.0
2020-12-01,0,weld-project/weld,19,0,2019-12-01,12,1,0,0.0
2019-12-01,7,SimpleMobileTools/Simple-Music-Player,18,0,2020-12-01,-12,0,0,2.0794415416798357
2020-01-01,7,SimpleMobileTools/Simple-Music-Player,18,0,2020-12-01,-11,0,0,2.0794415416798357
2020-02-01,7,SimpleMobileTools/Simple-Music-Player,18,0,2020-12-01,-10,0,0,2.0794415416798357
2020-03-01,29,SimpleMobileTools/Simple-Music-Player,18,0,2020-12-01,-9,0,0,3.4011973816621555
2020-04-01,28,SimpleMobileTools/Simple-Music-Player,18,0,2020-12-01,-8,0,0,3.367295829986474
2020-05-01,34,SimpleMobileTools/Simple-Music-Player,18,0,2020-12-01,-7,0,0,3.5553480614894135
2020-06-01,4,SimpleMobileTools/Simple-Music-Player,18,0,2020-12-01,-6,0,0,1.6094379124341003
2020-07-01,0,SimpleMobileTools/Simple-Music-Player,18,0,2020-12-01,-5,0,0,0.0
2020-08-01,4,SimpleMobileTools/Simple-Music-Player,18,0,2020-12-01,-4,0,0,1.6094379124341003
2020-09-01,16,SimpleMobileTools/Simple-Music-Player,18,0,2020-12-01,-3,0,0,2.833213344056216
2020-10-01,243,SimpleMobileTools/Simple-Music-Player,18,0,2020-12-01,-2,0,0,5.497168225293202
2020-11-01,33,SimpleMobileTools/Simple-Music-Player,18,0,2020-12-01,-1,0,0,3.5263605246161616
2021-01-01,20,SimpleMobileTools/Simple-Music-Player,18,0,2020-12-01,1,1,0,3.044522437723423
2021-02-01,61,SimpleMobileTools/Simple-Music-Player,18,0,2020-12-01,2,1,0,4.127134385045092
2021-03-01,63,SimpleMobileTools/Simple-Music-Player,18,0,2020-12-01,3,1,0,4.1588830833596715
2021-04-01,11,SimpleMobileTools/Simple-Music-Player,18,0,2020-12-01,4,1,0,2.4849066497880004
2021-05-01,26,SimpleMobileTools/Simple-Music-Player,18,0,2020-12-01,5,1,0,3.295836866004329
2021-06-01,0,SimpleMobileTools/Simple-Music-Player,18,0,2020-12-01,6,1,0,0.0
2021-07-01,0,SimpleMobileTools/Simple-Music-Player,18,0,2020-12-01,7,1,0,0.0
2021-08-01,38,SimpleMobileTools/Simple-Music-Player,18,0,2020-12-01,8,1,0,3.6635616461296463
2021-09-01,15,SimpleMobileTools/Simple-Music-Player,18,0,2020-12-01,9,1,0,2.772588722239781
2021-10-01,10,SimpleMobileTools/Simple-Music-Player,18,0,2020-12-01,10,1,0,2.3978952727983707
2021-11-01,63,SimpleMobileTools/Simple-Music-Player,18,0,2020-12-01,11,1,0,4.1588830833596715
2021-12-01,16,SimpleMobileTools/Simple-Music-Player,18,0,2020-12-01,12,1,0,2.833213344056216
2019-01-01,22,gregberge/loadable-components,20,0,2020-01-01,-12,0,0,3.1354942159291497
2019-02-01,15,gregberge/loadable-components,20,0,2020-01-01,-11,0,0,2.772588722239781
2019-03-01,17,gregberge/loadable-components,20,0,2020-01-01,-10,0,0,2.8903717578961645
2019-04-01,18,gregberge/loadable-components,20,0,2020-01-01,-9,0,0,2.9444389791664403
2019-05-01,11,gregberge/loadable-components,20,0,2020-01-01,-8,0,0,2.4849066497880004
2019-06-01,11,gregberge/loadable-components,20,0,2020-01-01,-7,0,0,2.4849066497880004
2019-07-01,6,gregberge/loadable-components,20,0,2020-01-01,-6,0,0,1.9459101490553132
2019-08-01,5,gregberge/loadable-components,20,0,2020-01-01,-5,0,0,1.791759469228055
2019-09-01,11,gregberge/loadable-components,20,0,2020-01-01,-4,0,0,2.4849066497880004
2019-10-01,3,gregberge/loadable-components,20,0,2020-01-01,-3,0,0,1.3862943611198906
2019-11-01,0,gregberge/loadable-components,20,0,2020-01-01,-2,0,0,0.0
2019-12-01,29,gregberge/loadable-components,20,0,2020-01-01,-1,0,0,3.4011973816621555
2020-02-01,1,gregberge/loadable-components,20,0,2020-01-01,1,1,0,0.6931471805599453
2020-03-01,4,gregberge/loadable-components,20,0,2020-01-01,2,1,0,1.6094379124341003
2020-04-01,3,gregberge/loadable-components,20,0,2020-01-01,3,1,0,1.3862943611198906
2020-05-01,4,gregberge/loadable-components,20,0,2020-01-01,4,1,0,1.6094379124341003
2020-06-01,10,gregberge/loadable-components,20,0,2020-01-01,5,1,0,2.3978952727983707
2020-07-01,11,gregberge/loadable-components,20,0,2020-01-01,6,1,0,2.4849066497880004
2020-08-01,5,gregberge/loadable-components,20,0,2020-01-01,7,1,0,1.791759469228055
2020-09-01,14,gregberge/loadable-components,20,0,2020-01-01,8,1,0,2.70805020110221
2020-10-01,15,gregberge/loadable-components,20,0,2020-01-01,9,1,0,2.772588722239781
2020-11-01,0,gregberge/loadable-components,20,0,2020-01-01,10,1,0,0.0
2020-12-01,0,gregberge/loadable-components,20,0,2020-01-01,11,1,0,0.0
2021-01-01,19,gregberge/loadable-components,20,0,2020-01-01,12,1,0,2.995732273553991
2019-01-01,16,developit/microbundle,20,1,2020-01-01,-12,0,0,2.833213344056216
2019-02-01,30,developit/microbundle,20,1,2020-01-01,-11,0,0,3.4339872044851463
2019-03-01,24,developit/microbundle,20,1,2020-01-01,-10,0,0,3.2188758248682006
2019-04-01,8,developit/microbundle,20,1,2020-01-01,-9,0,0,2.1972245773362196
2019-05-01,27,developit/microbundle,20,1,2020-01-01,-8,0,0,3.332204510175204
2019-06-01,33,developit/microbundle,20,1,2020-01-01,-7,0,0,3.5263605246161616
2019-07-01,8,developit/microbundle,20,1,2020-01-01,-6,0,0,2.1972245773362196
2019-08-01,9,developit/microbundle,20,1,2020-01-01,-5,0,0,2.302585092994046
2019-09-01,0,developit/microbundle,20,1,2020-01-01,-4,0,0,0.0
2019-10-01,6,developit/microbundle,20,1,2020-01-01,-3,0,0,1.9459101490553132
2019-11-01,0,developit/microbundle,20,1,2020-01-01,-2,0,0,0.0
2019-12-01,6,developit/microbundle,20,1,2020-01-01,-1,0,0,1.9459101490553132
2020-02-01,24,developit/microbundle,20,1,2020-01-01,1,1,1,3.2188758248682006
2020-03-01,8,developit/microbundle,20,1,2020-01-01,2,1,1,2.1972245773362196
2020-04-01,28,developit/microbundle,20,1,2020-01-01,3,1,1,3.367295829986474
2020-05-01,32,developit/microbundle,20,1,2020-01-01,4,1,1,3.4965075614664802
2020-06-01,21,developit/microbundle,20,1,2020-01-01,5,1,1,3.091042453358316
2020-07-01,10,developit/microbundle,20,1,2020-01-01,6,1,1,2.3978952727983707
2020-08-01,6,developit/microbundle,20,1,2020-01-01,7,1,1,1.9459101490553132
2020-09-01,8,developit/microbundle,20,1,2020-01-01,8,1,1,2.1972245773362196
2020-10-01,0,developit/microbundle,20,1,2020-01-01,9,1,1,0.0
2020-11-01,1,developit/microbundle,20,1,2020-01-01,10,1,1,0.6931471805599453
2020-12-01,13,developit/microbundle,20,1,2020-01-01,11,1,1,2.639057329615259
2021-01-01,0,developit/microbundle,20,1,2020-01-01,12,1,1,0.0
2019-08-01,51,redox-os/redox,21,0,2020-08-01,-12,0,0,3.9512437185814275
2019-09-01,36,redox-os/redox,21,0,2020-08-01,-11,0,0,3.6109179126442243
2019-10-01,24,redox-os/redox,21,0,2020-08-01,-10,0,0,3.2188758248682006
2019-11-01,17,redox-os/redox,21,0,2020-08-01,-9,0,0,2.8903717578961645
2019-12-01,17,redox-os/redox,21,0,2020-08-01,-8,0,0,2.8903717578961645
2020-01-01,49,redox-os/redox,21,0,2020-08-01,-7,0,0,3.912023005428146
2020-02-01,12,redox-os/redox,21,0,2020-08-01,-6,0,0,2.5649493574615367
2020-03-01,28,redox-os/redox,21,0,2020-08-01,-5,0,0,3.367295829986474
2020-04-01,16,redox-os/redox,21,0,2020-08-01,-4,0,0,2.833213344056216
2020-05-01,92,redox-os/redox,21,0,2020-08-01,-3,0,0,4.532599493153256
2020-06-01,26,redox-os/redox,21,0,2020-08-01,-2,0,0,3.295836866004329
2020-07-01,39,redox-os/redox,21,0,2020-08-01,-1,0,0,3.6888794541139363
2020-09-01,3,redox-os/redox,21,0,2020-08-01,1,1,0,1.3862943611198906
2020-10-01,10,redox-os/redox,21,0,2020-08-01,2,1,0,2.3978952727983707
2020-11-01,4,redox-os/redox,21,0,2020-08-01,3,1,0,1.6094379124341003
2020-12-01,33,redox-os/redox,21,0,2020-08-01,4,1,0,3.5263605246161616
2021-01-01,4,redox-os/redox,21,0,2020-08-01,5,1,0,1.6094379124341003
2021-02-01,12,redox-os/redox,21,0,2020-08-01,6,1,0,2.5649493574615367
2021-03-01,4,redox-os/redox,21,0,2020-08-01,7,1,0,1.6094379124341003
2021-04-01,8,redox-os/redox,21,0,2020-08-01,8,1,0,2.1972245773362196
2021-05-01,13,redox-os/redox,21,0,2020-08-01,9,1,0,2.639057329615259
2021-06-01,15,redox-os/redox,21,0,2020-08-01,10,1,0,2.772588722239781
2021-07-01,27,redox-os/redox,21,0,2020-08-01,11,1,0,3.332204510175204
2021-08-01,16,redox-os/redox,21,0,2020-08-01,12,1,0,2.833213344056216
2018-11-01,0,luin/medis,22,0,2019-11-01,-12,0,0,0.0
2018-12-01,0,luin/medis,22,0,2019-11-01,-11,0,0,0.0
2019-01-01,26,luin/medis,22,0,2019-11-01,-10,0,0,3.295836866004329
2019-02-01,0,luin/medis,22,0,2019-11-01,-9,0,0,0.0
2019-03-01,0,luin/medis,22,0,2019-11-01,-8,0,0,0.0
2019-04-01,0,luin/medis,22,0,2019-11-01,-7,0,0,0.0
2019-05-01,25,luin/medis,22,0,2019-11-01,-6,0,0,3.258096538021482
2019-06-01,3,luin/medis,22,0,2019-11-01,-5,0,0,1.3862943611198906
2019-07-01,0,luin/medis,22,0,2019-11-01,-4,0,0,0.0
2019-08-01,0,luin/medis,22,0,2019-11-01,-3,0,0,0.0
2019-09-01,0,luin/medis,22,0,2019-11-01,-2,0,0,0.0
2019-10-01,0,luin/medis,22,0,2019-11-01,-1,0,0,0.0
2019-12-01,0,luin/medis,22,0,2019-11-01,1,1,0,0.0
2020-01-01,0,luin/medis,22,0,2019-11-01,2,1,0,0.0
2020-02-01,0,luin/medis,22,0,2019-11-01,3,1,0,0.0
2020-03-01,1,luin/medis,22,0,2019-11-01,4,1,0,0.6931471805599453
2020-04-01,0,luin/medis,22,0,2019-11-01,5,1,0,0.0
2020-05-01,0,luin/medis,22,0,2019-11-01,6,1,0,0.0
2020-06-01,1,luin/medis,22,0,2019-11-01,7,1,0,0.6931471805599453
2020-07-01,0,luin/medis,22,0,2019-11-01,8,1,0,0.0
2020-08-01,0,luin/medis,22,0,2019-11-01,9,1,0,0.0
2020-09-01,0,luin/medis,22,0,2019-11-01,10,1,0,0.0
2020-10-01,0,luin/medis,22,0,2019-11-01,11,1,0,0.0
2020-11-01,0,luin/medis,22,0,2019-11-01,12,1,0,0.0
2020-01-01,0,cypriss/mutations,23,1,2021-01-01,-12,0,0,0.0
2020-02-01,13,cypriss/mutations,23,1,2021-01-01,-11,0,0,2.639057329615259
2020-03-01,0,cypriss/mutations,23,1,2021-01-01,-10,0,0,0.0
2020-04-01,7,cypriss/mutations,23,1,2021-01-01,-9,0,0,2.0794415416798357
2020-05-01,0,cypriss/mutations,23,1,2021-01-01,-8,0,0,0.0
2020-06-01,0,cypriss/mutations,23,1,2021-01-01,-7,0,0,0.0
2020-07-01,0,cypriss/mutations,23,1,2021-01-01,-6,0,0,0.0
2020-08-01,0,cypriss/mutations,23,1,2021-01-01,-5,0,0,0.0
2020-09-01,0,cypriss/mutations,23,1,2021-01-01,-4,0,0,0.0
2020-10-01,0,cypriss/mutations,23,1,2021-01-01,-3,0,0,0.0
2020-11-01,0,cypriss/mutations,23,1,2021-01-01,-2,0,0,0.0
2020-12-01,0,cypriss/mutations,23,1,2021-01-01,-1,0,0,0.0
2021-02-01,0,cypriss/mutations,23,1,2021-01-01,1,1,1,0.0
2021-03-01,0,cypriss/mutations,23,1,2021-01-01,2,1,1,0.0
2021-04-01,0,cypriss/mutations,23,1,2021-01-01,3,1,1,0.0
2021-05-01,0,cypriss/mutations,23,1,2021-01-01,4,1,1,0.0
2021-06-01,0,cypriss/mutations,23,1,2021-01-01,5,1,1,0.0
2021-07-01,0,cypriss/mutations,23,1,2021-01-01,6,1,1,0.0
2021-08-01,0,cypriss/mutations,23,1,2021-01-01,7,1,1,0.0
2021-09-01,0,cypriss/mutations,23,1,2021-01-01,8,1,1,0.0
2021-10-01,0,cypriss/mutations,23,1,2021-01-01,9,1,1,0.0
2021-11-01,0,cypriss/mutations,23,1,2021-01-01,10,1,1,0.0
2021-12-01,0,cypriss/mutations,23,1,2021-01-01,11,1,1,0.0
2022-01-01,0,cypriss/mutations,23,1,2021-01-01,12,1,1,0.0
2019-08-01,11,shadowsocks/shadowsocks-rust,21,1,2020-08-01,-12,0,0,2.4849066497880004
2019-09-01,0,shadowsocks/shadowsocks-rust,21,1,2020-08-01,-11,0,0,0.0
2019-10-01,0,shadowsocks/shadowsocks-rust,21,1,2020-08-01,-10,0,0,0.0
2019-11-01,1,shadowsocks/shadowsocks-rust,21,1,2020-08-01,-9,0,0,0.6931471805599453
2019-12-01,53,shadowsocks/shadowsocks-rust,21,1,2020-08-01,-8,0,0,3.9889840465642745
2020-01-01,41,shadowsocks/shadowsocks-rust,21,1,2020-08-01,-7,0,0,3.7376696182833684
2020-02-01,73,shadowsocks/shadowsocks-rust,21,1,2020-08-01,-6,0,0,4.304065093204169
2020-03-01,72,shadowsocks/shadowsocks-rust,21,1,2020-08-01,-5,0,0,4.290459441148391
2020-04-01,12,shadowsocks/shadowsocks-rust,21,1,2020-08-01,-4,0,0,2.5649493574615367
2020-05-01,137,shadowsocks/shadowsocks-rust,21,1,2020-08-01,-3,0,0,4.927253685157205
2020-06-01,17,shadowsocks/shadowsocks-rust,21,1,2020-08-01,-2,0,0,2.8903717578961645
2020-07-01,9,shadowsocks/shadowsocks-rust,21,1,2020-08-01,-1,0,0,2.302585092994046
2020-09-01,7,shadowsocks/shadowsocks-rust,21,1,2020-08-01,1,1,1,2.0794415416798357
2020-10-01,26,shadowsocks/shadowsocks-rust,21,1,2020-08-01,2,1,1,3.295836866004329
2020-11-01,78,shadowsocks/shadowsocks-rust,21,1,2020-08-01,3,1,1,4.3694478524670215
2020-12-01,40,shadowsocks/shadowsocks-rust,21,1,2020-08-01,4,1,1,3.713572066704308
2021-01-01,33,shadowsocks/shadowsocks-rust,21,1,2020-08-01,5,1,1,3.5263605246161616
2021-02-01,30,shadowsocks/shadowsocks-rust,21,1,2020-08-01,6,1,1,3.4339872044851463
2021-03-01,43,shadowsocks/shadowsocks-rust,21,1,2020-08-01,7,1,1,3.784189633918261
2021-04-01,42,shadowsocks/shadowsocks-rust,21,1,2020-08-01,8,1,1,3.7612001156935624
2021-05-01,29,shadowsocks/shadowsocks-rust,21,1,2020-08-01,9,1,1,3.4011973816621555
2021-06-01,28,shadowsocks/shadowsocks-rust,21,1,2020-08-01,10,1,1,3.367295829986474
2021-07-01,22,shadowsocks/shadowsocks-rust,21,1,2020-08-01,11,1,1,3.1354942159291497
2021-08-01,15,shadowsocks/shadowsocks-rust,21,1,2020-08-01,12,1,1,2.772588722239781
2018-11-01,11,jaredpalmer/razzle,22,1,2019-11-01,-12,0,0,2.4849066497880004
2018-12-01,6,jaredpalmer/razzle,22,1,2019-11-01,-11,0,0,1.9459101490553132
2019-01-01,25,jaredpalmer/razzle,22,1,2019-11-01,-10,0,0,3.258096538021482
2019-02-01,4,jaredpalmer/razzle,22,1,2019-11-01,-9,0,0,1.6094379124341003
2019-03-01,0,jaredpalmer/razzle,22,1,2019-11-01,-8,0,0,0.0
2019-04-01,7,jaredpalmer/razzle,22,1,2019-11-01,-7,0,0,2.0794415416798357
2019-05-01,1,jaredpalmer/razzle,22,1,2019-11-01,-6,0,0,0.6931471805599453
2019-06-01,4,jaredpalmer/razzle,22,1,2019-11-01,-5,0,0,1.6094379124341003
2019-07-01,7,jaredpalmer/razzle,22,1,2019-11-01,-4,0,0,2.0794415416798357
2019-08-01,5,jaredpalmer/razzle,22,1,2019-11-01,-3,0,0,1.791759469228055
2019-09-01,0,jaredpalmer/razzle,22,1,2019-11-01,-2,0,0,0.0
2019-10-01,0,jaredpalmer/razzle,22,1,2019-11-01,-1,0,0,0.0
2019-12-01,0,jaredpalmer/razzle,22,1,2019-11-01,1,1,1,0.0
2020-01-01,3,jaredpalmer/razzle,22,1,2019-11-01,2,1,1,1.3862943611198906
2020-02-01,4,jaredpalmer/razzle,22,1,2019-11-01,3,1,1,1.6094379124341003
2020-03-01,15,jaredpalmer/razzle,22,1,2019-11-01,4,1,1,2.772588722239781
2020-04-01,58,jaredpalmer/razzle,22,1,2019-11-01,5,1,1,4.07753744390572
2020-05-01,22,jaredpalmer/razzle,22,1,2019-11-01,6,1,1,3.1354942159291497
2020-06-01,16,jaredpalmer/razzle,22,1,2019-11-01,7,1,1,2.833213344056216
2020-07-01,86,jaredpalmer/razzle,22,1,2019-11-01,8,1,1,4.465908118654584
2020-08-01,71,jaredpalmer/razzle,22,1,2019-11-01,9,1,1,4.276666119016055
2020-09-01,136,jaredpalmer/razzle,22,1,2019-11-01,10,1,1,4.919980925828125
2020-10-01,121,jaredpalmer/razzle,22,1,2019-11-01,11,1,1,4.804021044733257
2020-11-01,13,jaredpalmer/razzle,22,1,2019-11-01,12,1,1,2.639057329615259
2020-01-01,0,freshshell/fresh,23,0,2021-01-01,-12,0,0,0.0
2020-02-01,0,freshshell/fresh,23,0,2021-01-01,-11,0,0,0.0
2020-03-01,0,freshshell/fresh,23,0,2021-01-01,-10,0,0,0.0
2020-04-01,8,freshshell/fresh,23,0,2021-01-01,-9,0,0,2.1972245773362196
2020-05-01,13,freshshell/fresh,23,0,2021-01-01,-8,0,0,2.639057329615259
2020-06-01,0,freshshell/fresh,23,0,2021-01-01,-7,0,0,0.0
2020-07-01,0,freshshell/fresh,23,0,2021-01-01,-6,0,0,0.0
2020-08-01,0,freshshell/fresh,23,0,2021-01-01,-5,0,0,0.0
2020-09-01,7,freshshell/fresh,23,0,2021-01-01,-4,0,0,2.0794415416798357
2020-10-01,0,freshshell/fresh,23,0,2021-01-01,-3,0,0,0.0
2020-11-01,0,freshshell/fresh,23,0,2021-01-01,-2,0,0,0.0
2020-12-01,0,freshshell/fresh,23,0,2021-01-01,-1,0,0,0.0
2021-02-01,0,freshshell/fresh,23,0,2021-01-01,1,1,0,0.0
2021-03-01,0,freshshell/fresh,23,0,2021-01-01,2,1,0,0.0
2021-04-01,1,freshshell/fresh,23,0,2021-01-01,3,1,0,0.6931471805599453
2021-05-01,0,freshshell/fresh,23,0,2021-01-01,4,1,0,0.0
2021-06-01,0,freshshell/fresh,23,0,2021-01-01,5,1,0,0.0
2021-07-01,0,freshshell/fresh,23,0,2021-01-01,6,1,0,0.0
2021-08-01,1,freshshell/fresh,23,0,2021-01-01,7,1,0,0.6931471805599453
2021-09-01,0,freshshell/fresh,23,0,2021-01-01,8,1,0,0.0
2021-10-01,0,freshshell/fresh,23,0,2021-01-01,9,1,0,0.0
2021-11-01,0,freshshell/fresh,23,0,2021-01-01,10,1,0,0.0
2021-12-01,0,freshshell/fresh,23,0,2021-01-01,11,1,0,0.0
2022-01-01,0,freshshell/fresh,23,0,2021-01-01,12,1,0,0.0
2019-09-01,0,android/architecture-samples,24,1,2020-09-01,-12,0,0,0.0
2019-10-01,0,android/architecture-samples,24,1,2020-09-01,-11,0,0,0.0
2019-11-01,9,android/architecture-samples,24,1,2020-09-01,-10,0,0,2.302585092994046
2019-12-01,0,android/architecture-samples,24,1,2020-09-01,-9,0,0,0.0
2020-01-01,12,android/architecture-samples,24,1,2020-09-01,-8,0,0,2.5649493574615367
2020-02-01,0,android/architecture-samples,24,1,2020-09-01,-7,0,0,0.0
2020-03-01,0,android/architecture-samples,24,1,2020-09-01,-6,0,0,0.0
2020-04-01,0,android/architecture-samples,24,1,2020-09-01,-5,0,0,0.0
2020-05-01,0,android/architecture-samples,24,1,2020-09-01,-4,0,0,0.0
2020-06-01,0,android/architecture-samples,24,1,2020-09-01,-3,0,0,0.0
2020-07-01,0,android/architecture-samples,24,1,2020-09-01,-2,0,0,0.0
2020-08-01,0,android/architecture-samples,24,1,2020-09-01,-1,0,0,0.0
2020-10-01,0,android/architecture-samples,24,1,2020-09-01,1,1,1,0.0
2020-11-01,0,android/architecture-samples,24,1,2020-09-01,2,1,1,0.0
2020-12-01,0,android/architecture-samples,24,1,2020-09-01,3,1,1,0.0
2021-01-01,0,android/architecture-samples,24,1,2020-09-01,4,1,1,0.0
2021-02-01,0,android/architecture-samples,24,1,2020-09-01,5,1,1,0.0
2021-03-01,0,android/architecture-samples,24,1,2020-09-01,6,1,1,0.0
2021-04-01,0,android/architecture-samples,24,1,2020-09-01,7,1,1,0.0
2021-05-01,0,android/architecture-samples,24,1,2020-09-01,8,1,1,0.0
2021-06-01,9,android/architecture-samples,24,1,2020-09-01,9,1,1,2.302585092994046
2021-07-01,0,android/architecture-samples,24,1,2020-09-01,10,1,1,0.0
2021-08-01,0,android/architecture-samples,24,1,2020-09-01,11,1,1,0.0
2021-09-01,0,android/architecture-samples,24,1,2020-09-01,12,1,1,0.0
2019-09-01,8,drakeet/MultiType,24,0,2020-09-01,-12,0,0,2.1972245773362196
2019-10-01,2,drakeet/MultiType,24,0,2020-09-01,-11,0,0,1.0986122886681096
2019-11-01,0,drakeet/MultiType,24,0,2020-09-01,-10,0,0,0.0
2019-12-01,13,drakeet/MultiType,24,0,2020-09-01,-9,0,0,2.639057329615259
2020-01-01,0,drakeet/MultiType,24,0,2020-09-01,-8,0,0,0.0
2020-02-01,0,drakeet/MultiType,24,0,2020-09-01,-7,0,0,0.0
2020-03-01,0,drakeet/MultiType,24,0,2020-09-01,-6,0,0,0.0
2020-04-01,0,drakeet/MultiType,24,0,2020-09-01,-5,0,0,0.0
2020-05-01,0,drakeet/MultiType,24,0,2020-09-01,-4,0,0,0.0
2020-06-01,0,drakeet/MultiType,24,0,2020-09-01,-3,0,0,0.0
2020-07-01,0,drakeet/MultiType,24,0,2020-09-01,-2,0,0,0.0
2020-08-01,2,drakeet/MultiType,24,0,2020-09-01,-1,0,0,1.0986122886681096
2020-10-01,0,drakeet/MultiType,24,0,2020-09-01,1,1,0,0.0
2020-11-01,3,drakeet/MultiType,24,0,2020-09-01,2,1,0,1.3862943611198906
2020-12-01,0,drakeet/MultiType,24,0,2020-09-01,3,1,0,0.0
2021-01-01,2,drakeet/MultiType,24,0,2020-09-01,4,1,0,1.0986122886681096
2021-02-01,0,drakeet/MultiType,24,0,2020-09-01,5,1,0,0.0
2021-03-01,0,drakeet/MultiType,24,0,2020-09-01,6,1,0,0.0
2021-04-01,0,drakeet/MultiType,24,0,2020-09-01,7,1,0,0.0
2021-05-01,14,drakeet/MultiType,24,0,2020-09-01,8,1,0,2.70805020110221
2021-06-01,8,drakeet/MultiType,24,0,2020-09-01,9,1,0,2.1972245773362196
2021-07-01,0,drakeet/MultiType,24,0,2020-09-01,10,1,0,0.0
2021-08-01,0,drakeet/MultiType,24,0,2020-09-01,11,1,0,0.0
2021-09-01,0,drakeet/MultiType,24,0,2020-09-01,12,1,0,0.0
2018-08-01,0,stefanprodan/AspNetCoreRateLimit,25,0,2019-08-01,-12,0,0,0.0
2018-09-01,0,stefanprodan/AspNetCoreRateLimit,25,0,2019-08-01,-11,0,0,0.0
2018-10-01,0,stefanprodan/AspNetCoreRateLimit,25,0,2019-08-01,-10,0,0,0.0
2018-11-01,0,stefanprodan/AspNetCoreRateLimit,25,0,2019-08-01,-9,0,0,0.0
2018-12-01,0,stefanprodan/AspNetCoreRateLimit,25,0,2019-08-01,-8,0,0,0.0
2019-01-01,0,stefanprodan/AspNetCoreRateLimit,25,0,2019-08-01,-7,0,0,0.0
2019-02-01,27,stefanprodan/AspNetCoreRateLimit,25,0,2019-08-01,-6,0,0,3.332204510175204
2019-03-01,1,stefanprodan/AspNetCoreRateLimit,25,0,2019-08-01,-5,0,0,0.6931471805599453
2019-04-01,0,stefanprodan/AspNetCoreRateLimit,25,0,2019-08-01,-4,0,0,0.0
2019-05-01,9,stefanprodan/AspNetCoreRateLimit,25,0,2019-08-01,-3,0,0,2.302585092994046
2019-06-01,0,stefanprodan/AspNetCoreRateLimit,25,0,2019-08-01,-2,0,0,0.0
2019-07-01,0,stefanprodan/AspNetCoreRateLimit,25,0,2019-08-01,-1,0,0,0.0
2019-09-01,0,stefanprodan/AspNetCoreRateLimit,25,0,2019-08-01,1,1,0,0.0
2019-10-01,1,stefanprodan/AspNetCoreRateLimit,25,0,2019-08-01,2,1,0,0.6931471805599453
2019-11-01,0,stefanprodan/AspNetCoreRateLimit,25,0,2019-08-01,3,1,0,0.0
2019-12-01,1,stefanprodan/AspNetCoreRateLimit,25,0,2019-08-01,4,1,0,0.6931471805599453
2020-01-01,5,stefanprodan/AspNetCoreRateLimit,25,0,2019-08-01,5,1,0,1.791759469228055
2020-02-01,0,stefanprodan/AspNetCoreRateLimit,25,0,2019-08-01,6,1,0,0.0
2020-03-01,0,stefanprodan/AspNetCoreRateLimit,25,0,2019-08-01,7,1,0,0.0
2020-04-01,0,stefanprodan/AspNetCoreRateLimit,25,0,2019-08-01,8,1,0,0.0
2020-05-01,0,stefanprodan/AspNetCoreRateLimit,25,0,2019-08-01,9,1,0,0.0
2020-06-01,0,stefanprodan/AspNetCoreRateLimit,25,0,2019-08-01,10,1,0,0.0
2020-07-01,8,stefanprodan/AspNetCoreRateLimit,25,0,2019-08-01,11,1,0,2.1972245773362196
2020-08-01,2,stefanprodan/AspNetCoreRateLimit,25,0,2019-08-01,12,1,0,1.0986122886681096
2018-08-01,1,oskardudycz/EventSourcing.NetCore,25,1,2019-08-01,-12,0,0,0.6931471805599453
2018-09-01,11,oskardudycz/EventSourcing.NetCore,25,1,2019-08-01,-11,0,0,2.4849066497880004
2018-10-01,0,oskardudycz/EventSourcing.NetCore,25,1,2019-08-01,-10,0,0,0.0
2018-11-01,0,oskardudycz/EventSourcing.NetCore,25,1,2019-08-01,-9,0,0,0.0
2018-12-01,3,oskardudycz/EventSourcing.NetCore,25,1,2019-08-01,-8,0,0,1.3862943611198906
2019-01-01,1,oskardudycz/EventSourcing.NetCore,25,1,2019-08-01,-7,0,0,0.6931471805599453
2019-02-01,0,oskardudycz/EventSourcing.NetCore,25,1,2019-08-01,-6,0,0,0.0
2019-03-01,0,oskardudycz/EventSourcing.NetCore,25,1,2019-08-01,-5,0,0,0.0
2019-04-01,1,oskardudycz/EventSourcing.NetCore,25,1,2019-08-01,-4,0,0,0.6931471805599453
2019-05-01,7,oskardudycz/EventSourcing.NetCore,25,1,2019-08-01,-3,0,0,2.0794415416798357
2019-06-01,4,oskardudycz/EventSourcing.NetCore,25,1,2019-08-01,-2,0,0,1.6094379124341003
2019-07-01,3,oskardudycz/EventSourcing.NetCore,25,1,2019-08-01,-1,0,0,1.3862943611198906
2019-09-01,3,oskardudycz/EventSourcing.NetCore,25,1,2019-08-01,1,1,1,1.3862943611198906
2019-10-01,1,oskardudycz/EventSourcing.NetCore,25,1,2019-08-01,2,1,1,0.6931471805599453
2019-11-01,16,oskardudycz/EventSourcing.NetCore,25,1,2019-08-01,3,1,1,2.833213344056216
2019-12-01,4,oskardudycz/EventSourcing.NetCore,25,1,2019-08-01,4,1,1,1.6094379124341003
2020-01-01,27,oskardudycz/EventSourcing.NetCore,25,1,2019-08-01,5,1,1,3.332204510175204
2020-02-01,4,oskardudycz/EventSourcing.NetCore,25,1,2019-08-01,6,1,1,1.6094379124341003
2020-03-01,0,oskardudycz/EventSourcing.NetCore,25,1,2019-08-01,7,1,1,0.0
2020-04-01,4,oskardudycz/EventSourcing.NetCore,25,1,2019-08-01,8,1,1,1.6094379124341003
2020-05-01,4,oskardudycz/EventSourcing.NetCore,25,1,2019-08-01,9,1,1,1.6094379124341003
2020-06-01,7,oskardudycz/EventSourcing.NetCore,25,1,2019-08-01,10,1,1,2.0794415416798357
2020-07-01,4,oskardudycz/EventSourcing.NetCore,25,1,2019-08-01,11,1,1,1.6094379124341003
2020-08-01,5,oskardudycz/EventSourcing.NetCore,25,1,2019-08-01,12,1,1,1.791759469228055
2019-06-01,1,univrsal/input-overlay,26,1,2020-06-01,-12,0,0,0.6931471805599453
2019-07-01,7,univrsal/input-overlay,26,1,2020-06-01,-11,0,0,2.0794415416798357
2019-08-01,14,univrsal/input-overlay,26,1,2020-06-01,-10,0,0,2.70805020110221
2019-09-01,1,univrsal/input-overlay,26,1,2020-06-01,-9,0,0,0.6931471805599453
2019-10-01,0,univrsal/input-overlay,26,1,2020-06-01,-8,0,0,0.0
2019-11-01,4,univrsal/input-overlay,26,1,2020-06-01,-7,0,0,1.6094379124341003
2019-12-01,0,univrsal/input-overlay,26,1,2020-06-01,-6,0,0,0.0
2020-01-01,0,univrsal/input-overlay,26,1,2020-06-01,-5,0,0,0.0
2020-02-01,10,univrsal/input-overlay,26,1,2020-06-01,-4,0,0,2.3978952727983707
2020-03-01,14,univrsal/input-overlay,26,1,2020-06-01,-3,0,0,2.70805020110221
2020-04-01,5,univrsal/input-overlay,26,1,2020-06-01,-2,0,0,1.791759469228055
2020-05-01,10,univrsal/input-overlay,26,1,2020-06-01,-1,0,0,2.3978952727983707
2020-07-01,0,univrsal/input-overlay,26,1,2020-06-01,1,1,1,0.0
2020-08-01,2,univrsal/input-overlay,26,1,2020-06-01,2,1,1,1.0986122886681096
2020-09-01,0,univrsal/input-overlay,26,1,2020-06-01,3,1,1,0.0
2020-10-01,0,univrsal/input-overlay,26,1,2020-06-01,4,1,1,0.0
2020-11-01,26,univrsal/input-overlay,26,1,2020-06-01,5,1,1,3.295836866004329
2020-12-01,17,univrsal/input-overlay,26,1,2020-06-01,6,1,1,2.8903717578961645
2021-01-01,47,univrsal/input-overlay,26,1,2020-06-01,7,1,1,3.8712010109078907
2021-02-01,2,univrsal/input-overlay,26,1,2020-06-01,8,1,1,1.0986122886681096
2021-03-01,28,univrsal/input-overlay,26,1,2020-06-01,9,1,1,3.367295829986474
2021-04-01,25,univrsal/input-overlay,26,1,2020-06-01,10,1,1,3.258096538021482
2021-05-01,65,univrsal/input-overlay,26,1,2020-06-01,11,1,1,4.189654742026425
2021-06-01,2,univrsal/input-overlay,26,1,2020-06-01,12,1,1,1.0986122886681096
2019-06-01,7,jupyter-xeus/xeus-cling,26,0,2020-06-01,-12,0,0,2.0794415416798357
2019-07-01,8,jupyter-xeus/xeus-cling,26,0,2020-06-01,-11,0,0,2.1972245773362196
2019-08-01,2,jupyter-xeus/xeus-cling,26,0,2020-06-01,-10,0,0,1.0986122886681096
2019-09-01,0,jupyter-xeus/xeus-cling,26,0,2020-06-01,-9,0,0,0.0
2019-10-01,1,jupyter-xeus/xeus-cling,26,0,2020-06-01,-8,0,0,0.6931471805599453
2019-11-01,7,jupyter-xeus/xeus-cling,26,0,2020-06-01,-7,0,0,2.0794415416798357
2019-12-01,23,jupyter-xeus/xeus-cling,26,0,2020-06-01,-6,0,0,3.1780538303479458
2020-01-01,0,jupyter-xeus/xeus-cling,26,0,2020-06-01,-5,0,0,0.0
2020-02-01,4,jupyter-xeus/xeus-cling,26,0,2020-06-01,-4,0,0,1.6094379124341003
2020-03-01,32,jupyter-xeus/xeus-cling,26,0,2020-06-01,-3,0,0,3.4965075614664802
2020-04-01,7,jupyter-xeus/xeus-cling,26,0,2020-06-01,-2,0,0,2.0794415416798357
2020-05-01,1,jupyter-xeus/xeus-cling,26,0,2020-06-01,-1,0,0,0.6931471805599453
2020-07-01,0,jupyter-xeus/xeus-cling,26,0,2020-06-01,1,1,0,0.0
2020-08-01,6,jupyter-xeus/xeus-cling,26,0,2020-06-01,2,1,0,1.9459101490553132
2020-09-01,1,jupyter-xeus/xeus-cling,26,0,2020-06-01,3,1,0,0.6931471805599453
2020-10-01,1,jupyter-xeus/xeus-cling,26,0,2020-06-01,4,1,0,0.6931471805599453
2020-11-01,12,jupyter-xeus/xeus-cling,26,0,2020-06-01,5,1,0,2.5649493574615367
2020-12-01,4,jupyter-xeus/xeus-cling,26,0,2020-06-01,6,1,0,1.6094379124341003
2021-01-01,16,jupyter-xeus/xeus-cling,26,0,2020-06-01,7,1,0,2.833213344056216
2021-02-01,0,jupyter-xeus/xeus-cling,26,0,2020-06-01,8,1,0,0.0
2021-03-01,5,jupyter-xeus/xeus-cling,26,0,2020-06-01,9,1,0,1.791759469228055
2021-04-01,1,jupyter-xeus/xeus-cling,26,0,2020-06-01,10,1,0,0.6931471805599453
2021-05-01,0,jupyter-xeus/xeus-cling,26,0,2020-06-01,11,1,0,0.0
2021-06-01,2,jupyter-xeus/xeus-cling,26,0,2020-06-01,12,1,0,1.0986122886681096
2022-04-01,19,NLog/NLog,27,0,2023-04-01,-12,0,0,2.995732273553991
2022-05-01,28,NLog/NLog,27,0,2023-04-01,-11,0,0,3.367295829986474
2022-06-01,31,NLog/NLog,27,0,2023-04-01,-10,0,0,3.4657359027997265
2022-07-01,10,NLog/NLog,27,0,2023-04-01,-9,0,0,2.3978952727983707
2022-08-01,19,NLog/NLog,27,0,2023-04-01,-8,0,0,2.995732273553991
2022-09-01,18,NLog/NLog,27,0,2023-04-01,-7,0,0,2.9444389791664403
2022-10-01,9,NLog/NLog,27,0,2023-04-01,-6,0,0,2.302585092994046
2022-11-01,14,NLog/NLog,27,0,2023-04-01,-5,0,0,2.70805020110221
2022-12-01,12,NLog/NLog,27,0,2023-04-01,-4,0,0,2.5649493574615367
2023-01-01,3,NLog/NLog,27,0,2023-04-01,-3,0,0,1.3862943611198906
2023-02-01,8,NLog/NLog,27,0,2023-04-01,-2,0,0,2.1972245773362196
2023-03-01,15,NLog/NLog,27,0,2023-04-01,-1,0,0,2.772588722239781
2023-05-01,15,NLog/NLog,27,0,2023-04-01,1,1,0,2.772588722239781
2023-06-01,20,NLog/NLog,27,0,2023-04-01,2,1,0,3.044522437723423
2023-07-01,18,NLog/NLog,27,0,2023-04-01,3,1,0,2.9444389791664403
2023-08-01,22,NLog/NLog,27,0,2023-04-01,4,1,0,3.1354942159291497
2023-09-01,20,NLog/NLog,27,0,2023-04-01,5,1,0,3.044522437723423
2023-10-01,23,NLog/NLog,27,0,2023-04-01,6,1,0,3.1780538303479458
2023-11-01,22,NLog/NLog,27,0,2023-04-01,7,1,0,3.1354942159291497
2023-12-01,9,NLog/NLog,27,0,2023-04-01,8,1,0,2.302585092994046
2024-01-01,3,NLog/NLog,27,0,2023-04-01,9,1,0,1.3862943611198906
2024-02-01,6,NLog/NLog,27,0,2023-04-01,10,1,0,1.9459101490553132
2024-03-01,18,NLog/NLog,27,0,2023-04-01,11,1,0,2.9444389791664403
2024-04-01,8,NLog/NLog,27,0,2023-04-01,12,1,0,2.1972245773362196
2022-04-01,39,nissl-lab/npoi,27,1,2023-04-01,-12,0,0,3.6888794541139363
2022-05-01,30,nissl-lab/npoi,27,1,2023-04-01,-11,0,0,3.4339872044851463
2022-06-01,15,nissl-lab/npoi,27,1,2023-04-01,-10,0,0,2.772588722239781
2022-07-01,19,nissl-lab/npoi,27,1,2023-04-01,-9,0,0,2.995732273553991
2022-08-01,43,nissl-lab/npoi,27,1,2023-04-01,-8,0,0,3.784189633918261
2022-09-01,9,nissl-lab/npoi,27,1,2023-04-01,-7,0,0,2.302585092994046
2022-10-01,15,nissl-lab/npoi,27,1,2023-04-01,-6,0,0,2.772588722239781
2022-11-01,17,nissl-lab/npoi,27,1,2023-04-01,-5,0,0,2.8903717578961645
2022-12-01,8,nissl-lab/npoi,27,1,2023-04-01,-4,0,0,2.1972245773362196
2023-01-01,8,nissl-lab/npoi,27,1,2023-04-01,-3,0,0,2.1972245773362196
2023-02-01,32,nissl-lab/npoi,27,1,2023-04-01,-2,0,0,3.4965075614664802
2023-03-01,24,nissl-lab/npoi,27,1,2023-04-01,-1,0,0,3.2188758248682006
2023-05-01,63,nissl-lab/npoi,27,1,2023-04-01,1,1,1,4.1588830833596715
2023-06-01,43,nissl-lab/npoi,27,1,2023-04-01,2,1,1,3.784189633918261
2023-07-01,60,nissl-lab/npoi,27,1,2023-04-01,3,1,1,4.110873864173311
2023-08-01,56,nissl-lab/npoi,27,1,2023-04-01,4,1,1,4.04305126783455
2023-09-01,32,nissl-lab/npoi,27,1,2023-04-01,5,1,1,3.4965075614664802
2023-10-01,6,nissl-lab/npoi,27,1,2023-04-01,6,1,1,1.9459101490553132
2023-11-01,12,nissl-lab/npoi,27,1,2023-04-01,7,1,1,2.5649493574615367
2023-12-01,15,nissl-lab/npoi,27,1,2023-04-01,8,1,1,2.772588722239781
2024-01-01,13,nissl-lab/npoi,27,1,2023-04-01,9,1,1,2.639057329615259
2024-02-01,57,nissl-lab/npoi,27,1,2023-04-01,10,1,1,4.060443010546419
2024-03-01,98,nissl-lab/npoi,27,1,2023-04-01,11,1,1,4.59511985013459
2024-04-01,41,nissl-lab/npoi,27,1,2023-04-01,12,1,1,3.7376696182833684
2020-03-01,0,clue/stream-filter,29,1,2021-03-01,-12,0,0,0.0
2020-04-01,0,clue/stream-filter,29,1,2021-03-01,-11,0,0,0.0
2020-05-01,0,clue/stream-filter,29,1,2021-03-01,-10,0,0,0.0
2020-06-01,4,clue/stream-filter,29,1,2021-03-01,-9,0,0,1.6094379124341003
2020-07-01,0,clue/stream-filter,29,1,2021-03-01,-8,0,0,0.0
2020-08-01,0,clue/stream-filter,29,1,2021-03-01,-7,0,0,0.0
2020-09-01,0,clue/stream-filter,29,1,2021-03-01,-6,0,0,0.0
2020-10-01,10,clue/stream-filter,29,1,2021-03-01,-5,0,0,2.3978952727983707
2020-11-01,0,clue/stream-filter,29,1,2021-03-01,-4,0,0,0.0
2020-12-01,0,clue/stream-filter,29,1,2021-03-01,-3,0,0,0.0
2021-01-01,0,clue/stream-filter,29,1,2021-03-01,-2,0,0,0.0
2021-02-01,0,clue/stream-filter,29,1,2021-03-01,-1,0,0,0.0
2021-04-01,1,clue/stream-filter,29,1,2021-03-01,1,1,1,0.6931471805599453
2021-05-01,0,clue/stream-filter,29,1,2021-03-01,2,1,1,0.0
2021-06-01,2,clue/stream-filter,29,1,2021-03-01,3,1,1,1.0986122886681096
2021-07-01,0,clue/stream-filter,29,1,2021-03-01,4,1,1,0.0
2021-08-01,0,clue/stream-filter,29,1,2021-03-01,5,1,1,0.0
2021-09-01,0,clue/stream-filter,29,1,2021-03-01,6,1,1,0.0
2021-10-01,2,clue/stream-filter,29,1,2021-03-01,7,1,1,1.0986122886681096
2021-11-01,0,clue/stream-filter,29,1,2021-03-01,8,1,1,0.0
2021-12-01,0,clue/stream-filter,29,1,2021-03-01,9,1,1,0.0
2022-01-01,2,clue/stream-filter,29,1,2021-03-01,10,1,1,1.0986122886681096
2022-02-01,1,clue/stream-filter,29,1,2021-03-01,11,1,1,0.6931471805599453
2022-03-01,0,clue/stream-filter,29,1,2021-03-01,12,1,1,0.0
2020-03-01,1,symfony/polyfill-iconv,29,0,2021-03-01,-12,0,0,0.6931471805599453
2020-04-01,0,symfony/polyfill-iconv,29,0,2021-03-01,-11,0,0,0.0
2020-05-01,4,symfony/polyfill-iconv,29,0,2021-03-01,-10,0,0,1.6094379124341003
2020-06-01,2,symfony/polyfill-iconv,29,0,2021-03-01,-9,0,0,1.0986122886681096
2020-07-01,1,symfony/polyfill-iconv,29,0,2021-03-01,-8,0,0,0.6931471805599453
2020-08-01,0,symfony/polyfill-iconv,29,0,2021-03-01,-7,0,0,0.0
2020-09-01,0,symfony/polyfill-iconv,29,0,2021-03-01,-6,0,0,0.0
2020-10-01,8,symfony/polyfill-iconv,29,0,2021-03-01,-5,0,0,2.1972245773362196
2020-11-01,0,symfony/polyfill-iconv,29,0,2021-03-01,-4,0,0,0.0
2020-12-01,1,symfony/polyfill-iconv,29,0,2021-03-01,-3,0,0,0.6931471805599453
2021-01-01,3,symfony/polyfill-iconv,29,0,2021-03-01,-2,0,0,1.3862943611198906
2021-02-01,1,symfony/polyfill-iconv,29,0,2021-03-01,-1,0,0,0.6931471805599453
2021-04-01,0,symfony/polyfill-iconv,29,0,2021-03-01,1,1,0,0.0
2021-05-01,2,symfony/polyfill-iconv,29,0,2021-03-01,2,1,0,1.0986122886681096
2021-06-01,0,symfony/polyfill-iconv,29,0,2021-03-01,3,1,0,0.0
2021-07-01,0,symfony/polyfill-iconv,29,0,2021-03-01,4,1,0,0.0
2021-08-01,0,symfony/polyfill-iconv,29,0,2021-03-01,5,1,0,0.0
2021-09-01,0,symfony/polyfill-iconv,29,0,2021-03-01,6,1,0,0.0
2021-10-01,1,symfony/polyfill-iconv,29,0,2021-03-01,7,1,0,0.6931471805599453
2021-11-01,0,symfony/polyfill-iconv,29,0,2021-03-01,8,1,0,0.0
2021-12-01,0,symfony/polyfill-iconv,29,0,2021-03-01,9,1,0,0.0
2022-01-01,1,symfony/polyfill-iconv,29,0,2021-03-01,10,1,0,0.6931471805599453
2022-02-01,0,symfony/polyfill-iconv,29,0,2021-03-01,11,1,0,0.0
2022-03-01,0,symfony/polyfill-iconv,29,0,2021-03-01,12,1,0,0.0
2021-02-01,17,onnxsim/onnxsim,30,1,2022-02-01,-12,0,0,2.8903717578961645
2021-03-01,2,onnxsim/onnxsim,30,1,2022-02-01,-11,0,0,1.0986122886681096
2021-04-01,2,onnxsim/onnxsim,30,1,2022-02-01,-10,0,0,1.0986122886681096
2021-05-01,1,onnxsim/onnxsim,30,1,2022-02-01,-9,0,0,0.6931471805599453
2021-06-01,0,onnxsim/onnxsim,30,1,2022-02-01,-8,0,0,0.0
2021-07-01,0,onnxsim/onnxsim,30,1,2022-02-01,-7,0,0,0.0
2021-08-01,0,onnxsim/onnxsim,30,1,2022-02-01,-6,0,0,0.0
2021-09-01,1,onnxsim/onnxsim,30,1,2022-02-01,-5,0,0,0.6931471805599453
2021-10-01,0,onnxsim/onnxsim,30,1,2022-02-01,-4,0,0,0.0
2021-11-01,0,onnxsim/onnxsim,30,1,2022-02-01,-3,0,0,0.0
2021-12-01,2,onnxsim/onnxsim,30,1,2022-02-01,-2,0,0,1.0986122886681096
2022-01-01,0,onnxsim/onnxsim,30,1,2022-02-01,-1,0,0,0.0
2022-03-01,13,onnxsim/onnxsim,30,1,2022-02-01,1,1,1,2.639057329615259
2022-04-01,13,onnxsim/onnxsim,30,1,2022-02-01,2,1,1,2.639057329615259
2022-05-01,5,onnxsim/onnxsim,30,1,2022-02-01,3,1,1,1.791759469228055
2022-06-01,8,onnxsim/onnxsim,30,1,2022-02-01,4,1,1,2.1972245773362196
2022-07-01,76,onnxsim/onnxsim,30,1,2022-02-01,5,1,1,4.343805421853684
2022-08-01,4,onnxsim/onnxsim,30,1,2022-02-01,6,1,1,1.6094379124341003
2022-09-01,0,onnxsim/onnxsim,30,1,2022-02-01,7,1,1,0.0
2022-10-01,3,onnxsim/onnxsim,30,1,2022-02-01,8,1,1,1.3862943611198906
2022-11-01,16,onnxsim/onnxsim,30,1,2022-02-01,9,1,1,2.833213344056216
2022-12-01,1,onnxsim/onnxsim,30,1,2022-02-01,10,1,1,0.6931471805599453
2023-01-01,17,onnxsim/onnxsim,30,1,2022-02-01,11,1,1,2.8903717578961645
2023-02-01,10,onnxsim/onnxsim,30,1,2022-02-01,12,1,1,2.3978952727983707
2019-12-01,0,Mbed-TLS/mbedtls,14,0,2020-12-01,-12,0,0,0.0
2020-01-01,0,Mbed-TLS/mbedtls,14,0,2020-12-01,-11,0,0,0.0
2020-02-01,0,Mbed-TLS/mbedtls,14,0,2020-12-01,-10,0,0,0.0
2020-03-01,0,Mbed-TLS/mbedtls,14,0,2020-12-01,-9,0,0,0.0
2020-04-01,0,Mbed-TLS/mbedtls,14,0,2020-12-01,-8,0,0,0.0
2020-05-01,0,Mbed-TLS/mbedtls,14,0,2020-12-01,-7,0,0,0.0
2020-06-01,108,Mbed-TLS/mbedtls,14,0,2020-12-01,-6,0,0,4.6913478822291435
2020-07-01,124,Mbed-TLS/mbedtls,14,0,2020-12-01,-5,0,0,4.8283137373023015
2020-08-01,169,Mbed-TLS/mbedtls,14,0,2020-12-01,-4,0,0,5.135798437050262
2020-09-01,175,Mbed-TLS/mbedtls,14,0,2020-12-01,-3,0,0,5.170483995038151
2020-10-01,151,Mbed-TLS/mbedtls,14,0,2020-12-01,-2,0,0,5.0238805208462765
2020-11-01,168,Mbed-TLS/mbedtls,14,0,2020-12-01,-1,0,0,5.1298987149230735
2021-01-01,131,Mbed-TLS/mbedtls,14,0,2020-12-01,1,1,0,4.882801922586371
2021-02-01,350,Mbed-TLS/mbedtls,14,0,2020-12-01,2,1,0,5.860786223465865
2021-03-01,370,Mbed-TLS/mbedtls,14,0,2020-12-01,3,1,0,5.916202062607435
2021-04-01,308,Mbed-TLS/mbedtls,14,0,2020-12-01,4,1,0,5.733341276897746
2021-05-01,515,Mbed-TLS/mbedtls,14,0,2020-12-01,5,1,0,6.246106765481563
2021-06-01,751,Mbed-TLS/mbedtls,14,0,2020-12-01,6,1,0,6.62273632394984
2021-07-01,150,Mbed-TLS/mbedtls,14,0,2020-12-01,7,1,0,5.017279836814924
2021-08-01,279,Mbed-TLS/mbedtls,14,0,2020-12-01,8,1,0,5.634789603169249
2021-09-01,358,Mbed-TLS/mbedtls,14,0,2020-12-01,9,1,0,5.883322388488279
2021-10-01,265,Mbed-TLS/mbedtls,14,0,2020-12-01,10,1,0,5.583496308781699
2021-11-01,231,Mbed-TLS/mbedtls,14,0,2020-12-01,11,1,0,5.44673737166631
2021-12-01,248,Mbed-TLS/mbedtls,14,0,2020-12-01,12,1,0,5.517452896464707
2021-02-01,3,microsoft/SPTAG,30,0,2022-02-01,-12,0,0,1.3862943611198906
2021-03-01,5,microsoft/SPTAG,30,0,2022-02-01,-11,0,0,1.791759469228055
2021-04-01,2,microsoft/SPTAG,30,0,2022-02-01,-10,0,0,1.0986122886681096
2021-05-01,5,microsoft/SPTAG,30,0,2022-02-01,-9,0,0,1.791759469228055
2021-06-01,3,microsoft/SPTAG,30,0,2022-02-01,-8,0,0,1.3862943611198906
2021-07-01,1,microsoft/SPTAG,30,0,2022-02-01,-7,0,0,0.6931471805599453
2021-08-01,1,microsoft/SPTAG,30,0,2022-02-01,-6,0,0,0.6931471805599453
2021-09-01,1,microsoft/SPTAG,30,0,2022-02-01,-5,0,0,0.6931471805599453
2021-10-01,4,microsoft/SPTAG,30,0,2022-02-01,-4,0,0,1.6094379124341003
2021-11-01,4,microsoft/SPTAG,30,0,2022-02-01,-3,0,0,1.6094379124341003
2021-12-01,2,microsoft/SPTAG,30,0,2022-02-01,-2,0,0,1.0986122886681096
2022-01-01,1,microsoft/SPTAG,30,0,2022-02-01,-1,0,0,0.6931471805599453
2022-03-01,1,microsoft/SPTAG,30,0,2022-02-01,1,1,0,0.6931471805599453
2022-04-01,20,microsoft/SPTAG,30,0,2022-02-01,2,1,0,3.044522437723423
2022-05-01,5,microsoft/SPTAG,30,0,2022-02-01,3,1,0,1.791759469228055
2022-06-01,12,microsoft/SPTAG,30,0,2022-02-01,4,1,0,2.5649493574615367
2022-07-01,5,microsoft/SPTAG,30,0,2022-02-01,5,1,0,1.791759469228055
2022-08-01,2,microsoft/SPTAG,30,0,2022-02-01,6,1,0,1.0986122886681096
2022-09-01,10,microsoft/SPTAG,30,0,2022-02-01,7,1,0,2.3978952727983707
2022-10-01,1,microsoft/SPTAG,30,0,2022-02-01,8,1,0,0.6931471805599453
2022-11-01,6,microsoft/SPTAG,30,0,2022-02-01,9,1,0,1.9459101490553132
2022-12-01,1,microsoft/SPTAG,30,0,2022-02-01,10,1,0,0.6931471805599453
2023-01-01,1,microsoft/SPTAG,30,0,2022-02-01,11,1,0,0.6931471805599453
2023-02-01,2,microsoft/SPTAG,30,0,2022-02-01,12,1,0,1.0986122886681096
2019-10-01,17,jondot/awesome-react-native,31,0,2020-10-01,-12,0,0,2.8903717578961645
2019-11-01,4,jondot/awesome-react-native,31,0,2020-10-01,-11,0,0,1.6094379124341003
2019-12-01,4,jondot/awesome-react-native,31,0,2020-10-01,-10,0,0,1.6094379124341003
2020-01-01,6,jondot/awesome-react-native,31,0,2020-10-01,-9,0,0,1.9459101490553132
2020-02-01,4,jondot/awesome-react-native,31,0,2020-10-01,-8,0,0,1.6094379124341003
2020-03-01,0,jondot/awesome-react-native,31,0,2020-10-01,-7,0,0,0.0
2020-04-01,4,jondot/awesome-react-native,31,0,2020-10-01,-6,0,0,1.6094379124341003
2020-05-01,86,jondot/awesome-react-native,31,0,2020-10-01,-5,0,0,4.465908118654584
2020-06-01,10,jondot/awesome-react-native,31,0,2020-10-01,-4,0,0,2.3978952727983707
2020-07-01,4,jondot/awesome-react-native,31,0,2020-10-01,-3,0,0,1.6094379124341003
2020-08-01,4,jondot/awesome-react-native,31,0,2020-10-01,-2,0,0,1.6094379124341003
2020-09-01,1,jondot/awesome-react-native,31,0,2020-10-01,-1,0,0,0.6931471805599453
2020-11-01,3,jondot/awesome-react-native,31,0,2020-10-01,1,1,0,1.3862943611198906
2020-12-01,3,jondot/awesome-react-native,31,0,2020-10-01,2,1,0,1.3862943611198906
2021-01-01,4,jondot/awesome-react-native,31,0,2020-10-01,3,1,0,1.6094379124341003
2021-02-01,2,jondot/awesome-react-native,31,0,2020-10-01,4,1,0,1.0986122886681096
2021-03-01,2,jondot/awesome-react-native,31,0,2020-10-01,5,1,0,1.0986122886681096
2021-04-01,60,jondot/awesome-react-native,31,0,2020-10-01,6,1,0,4.110873864173311
2021-05-01,0,jondot/awesome-react-native,31,0,2020-10-01,7,1,0,0.0
2021-06-01,0,jondot/awesome-react-native,31,0,2020-10-01,8,1,0,0.0
2021-07-01,0,jondot/awesome-react-native,31,0,2020-10-01,9,1,0,0.0
2021-08-01,0,jondot/awesome-react-native,31,0,2020-10-01,10,1,0,0.0
2021-09-01,0,jondot/awesome-react-native,31,0,2020-10-01,11,1,0,0.0
2021-10-01,0,jondot/awesome-react-native,31,0,2020-10-01,12,1,0,0.0
2018-12-01,92,material-components/material-components-android,28,0,2019-12-01,-12,0,0,4.532599493153256
2019-01-01,69,material-components/material-components-android,28,0,2019-12-01,-11,0,0,4.248495242049359
2019-02-01,74,material-components/material-components-android,28,0,2019-12-01,-10,0,0,4.31748811353631
2019-03-01,83,material-components/material-components-android,28,0,2019-12-01,-9,0,0,4.430816798843313
2019-04-01,125,material-components/material-components-android,28,0,2019-12-01,-8,0,0,4.836281906951478
2019-05-01,107,material-components/material-components-android,28,0,2019-12-01,-7,0,0,4.68213122712422
2019-06-01,110,material-components/material-components-android,28,0,2019-12-01,-6,0,0,4.709530201312334
2019-07-01,114,material-components/material-components-android,28,0,2019-12-01,-5,0,0,4.74493212836325
2019-08-01,136,material-components/material-components-android,28,0,2019-12-01,-4,0,0,4.919980925828125
2019-09-01,108,material-components/material-components-android,28,0,2019-12-01,-3,0,0,4.6913478822291435
2019-10-01,56,material-components/material-components-android,28,0,2019-12-01,-2,0,0,4.04305126783455
2019-11-01,76,material-components/material-components-android,28,0,2019-12-01,-1,0,0,4.343805421853684
2020-01-01,55,material-components/material-components-android,28,0,2019-12-01,1,1,0,4.02535169073515
2020-02-01,103,material-components/material-components-android,28,0,2019-12-01,2,1,0,4.6443908991413725
2020-03-01,50,material-components/material-components-android,28,0,2019-12-01,3,1,0,3.9318256327243257
2020-04-01,56,material-components/material-components-android,28,0,2019-12-01,4,1,0,4.04305126783455
2020-05-01,64,material-components/material-components-android,28,0,2019-12-01,5,1,0,4.174387269895637
2020-06-01,86,material-components/material-components-android,28,0,2019-12-01,6,1,0,4.465908118654584
2020-07-01,98,material-components/material-components-android,28,0,2019-12-01,7,1,0,4.59511985013459
2020-08-01,63,material-components/material-components-android,28,0,2019-12-01,8,1,0,4.1588830833596715
2020-09-01,52,material-components/material-components-android,28,0,2019-12-01,9,1,0,3.970291913552122
2020-10-01,102,material-components/material-components-android,28,0,2019-12-01,10,1,0,4.634728988229636
2020-11-01,40,material-components/material-components-android,28,0,2019-12-01,11,1,0,3.713572066704308
2020-12-01,27,material-components/material-components-android,28,0,2019-12-01,12,1,0,3.332204510175204
2019-12-01,85,RT-Thread/rt-thread,14,1,2020-12-01,-12,0,0,4.454347296253507
2020-01-01,91,RT-Thread/rt-thread,14,1,2020-12-01,-11,0,0,4.5217885770490405
2020-02-01,124,RT-Thread/rt-thread,14,1,2020-12-01,-10,0,0,4.8283137373023015
2020-03-01,120,RT-Thread/rt-thread,14,1,2020-12-01,-9,0,0,4.795790545596741
2020-04-01,118,RT-Thread/rt-thread,14,1,2020-12-01,-8,0,0,4.77912349311153
2020-05-01,114,RT-Thread/rt-thread,14,1,2020-12-01,-7,0,0,4.74493212836325
2020-06-01,144,RT-Thread/rt-thread,14,1,2020-12-01,-6,0,0,4.976733742420574
2020-07-01,87,RT-Thread/rt-thread,14,1,2020-12-01,-5,0,0,4.477336814478207
2020-08-01,97,RT-Thread/rt-thread,14,1,2020-12-01,-4,0,0,4.584967478670572
2020-09-01,140,RT-Thread/rt-thread,14,1,2020-12-01,-3,0,0,4.948759890378168
2020-10-01,114,RT-Thread/rt-thread,14,1,2020-12-01,-2,0,0,4.74493212836325
2020-11-01,192,RT-Thread/rt-thread,14,1,2020-12-01,-1,0,0,5.262690188904886
2021-01-01,158,RT-Thread/rt-thread,14,1,2020-12-01,1,1,1,5.0689042022202315
2021-02-01,273,RT-Thread/rt-thread,14,1,2020-12-01,2,1,1,5.6131281063880705
2021-03-01,314,RT-Thread/rt-thread,14,1,2020-12-01,3,1,1,5.752572638825633
2021-04-01,197,RT-Thread/rt-thread,14,1,2020-12-01,4,1,1,5.288267030694535
2021-05-01,183,RT-Thread/rt-thread,14,1,2020-12-01,5,1,1,5.214935757608986
2021-06-01,182,RT-Thread/rt-thread,14,1,2020-12-01,6,1,1,5.209486152841421
2021-07-01,129,RT-Thread/rt-thread,14,1,2020-12-01,7,1,1,4.867534450455582
2021-08-01,229,RT-Thread/rt-thread,14,1,2020-12-01,8,1,1,5.438079308923196
2021-09-01,293,RT-Thread/rt-thread,14,1,2020-12-01,9,1,1,5.683579767338681
2021-10-01,276,RT-Thread/rt-thread,14,1,2020-12-01,10,1,1,5.6240175061873385
2021-11-01,179,RT-Thread/rt-thread,14,1,2020-12-01,11,1,1,5.19295685089021
2021-12-01,228,RT-Thread/rt-thread,14,1,2020-12-01,12,1,1,5.43372200355424
2019-10-01,39,remoteintech/remote-jobs,31,1,2020-10-01,-12,0,0,3.6888794541139363
2019-11-01,15,remoteintech/remote-jobs,31,1,2020-10-01,-11,0,0,2.772588722239781
2019-12-01,8,remoteintech/remote-jobs,31,1,2020-10-01,-10,0,0,2.1972245773362196
2020-01-01,4,remoteintech/remote-jobs,31,1,2020-10-01,-9,0,0,1.6094379124341003
2020-02-01,12,remoteintech/remote-jobs,31,1,2020-10-01,-8,0,0,2.5649493574615367
2020-03-01,7,remoteintech/remote-jobs,31,1,2020-10-01,-7,0,0,2.0794415416798357
2020-04-01,6,remoteintech/remote-jobs,31,1,2020-10-01,-6,0,0,1.9459101490553132
2020-05-01,2,remoteintech/remote-jobs,31,1,2020-10-01,-5,0,0,1.0986122886681096
2020-06-01,1,remoteintech/remote-jobs,31,1,2020-10-01,-4,0,0,0.6931471805599453
2020-07-01,11,remoteintech/remote-jobs,31,1,2020-10-01,-3,0,0,2.4849066497880004
2020-08-01,2,remoteintech/remote-jobs,31,1,2020-10-01,-2,0,0,1.0986122886681096
2020-09-01,5,remoteintech/remote-jobs,31,1,2020-10-01,-1,0,0,1.791759469228055
2020-11-01,21,remoteintech/remote-jobs,31,1,2020-10-01,1,1,1,3.091042453358316
2020-12-01,8,remoteintech/remote-jobs,31,1,2020-10-01,2,1,1,2.1972245773362196
2021-01-01,0,remoteintech/remote-jobs,31,1,2020-10-01,3,1,1,0.0
2021-02-01,23,remoteintech/remote-jobs,31,1,2020-10-01,4,1,1,3.1780538303479458
2021-03-01,3,remoteintech/remote-jobs,31,1,2020-10-01,5,1,1,1.3862943611198906
2021-04-01,10,remoteintech/remote-jobs,31,1,2020-10-01,6,1,1,2.3978952727983707
2021-05-01,22,remoteintech/remote-jobs,31,1,2020-10-01,7,1,1,3.1354942159291497
2021-06-01,29,remoteintech/remote-jobs,31,1,2020-10-01,8,1,1,3.4011973816621555
2021-07-01,25,remoteintech/remote-jobs,31,1,2020-10-01,9,1,1,3.258096538021482
2021-08-01,18,remoteintech/remote-jobs,31,1,2020-10-01,10,1,1,2.9444389791664403
2021-09-01,13,remoteintech/remote-jobs,31,1,2020-10-01,11,1,1,2.639057329615259
2021-10-01,253,remoteintech/remote-jobs,31,1,2020-10-01,12,1,1,5.537334267018537
2023-12-01,1,subframe7536/maple-font,33,1,2024-12-01,-12,0,0,0.6931471805599453
2024-01-01,1,subframe7536/maple-font,33,1,2024-12-01,-11,0,0,0.6931471805599453
2024-02-01,14,subframe7536/maple-font,33,1,2024-12-01,-10,0,0,2.70805020110221
2024-03-01,31,subframe7536/maple-font,33,1,2024-12-01,-9,0,0,3.4657359027997265
2024-04-01,16,subframe7536/maple-font,33,1,2024-12-01,-8,0,0,2.833213344056216
2024-05-01,23,subframe7536/maple-font,33,1,2024-12-01,-7,0,0,3.1780538303479458
2024-06-01,5,subframe7536/maple-font,33,1,2024-12-01,-6,0,0,1.791759469228055
2024-07-01,9,subframe7536/maple-font,33,1,2024-12-01,-5,0,0,2.302585092994046
2024-08-01,13,subframe7536/maple-font,33,1,2024-12-01,-4,0,0,2.639057329615259
2024-09-01,17,subframe7536/maple-font,33,1,2024-12-01,-3,0,0,2.8903717578961645
2024-10-01,19,subframe7536/maple-font,33,1,2024-12-01,-2,0,0,2.995732273553991
2024-11-01,8,subframe7536/maple-font,33,1,2024-12-01,-1,0,0,2.1972245773362196
2025-01-01,37,subframe7536/maple-font,33,1,2024-12-01,1,1,1,3.6375861597263857
2025-02-01,27,subframe7536/maple-font,33,1,2024-12-01,2,1,1,3.332204510175204
2025-03-01,30,subframe7536/maple-font,33,1,2024-12-01,3,1,1,3.4339872044851463
2025-04-01,52,subframe7536/maple-font,33,1,2024-12-01,4,1,1,3.970291913552122
2025-05-01,43,subframe7536/maple-font,33,1,2024-12-01,5,1,1,3.784189633918261
2025-06-01,34,subframe7536/maple-font,33,1,2024-12-01,6,1,1,3.5553480614894135
2025-07-01,19,subframe7536/maple-font,33,1,2024-12-01,7,1,1,2.995732273553991
2025-08-01,24,subframe7536/maple-font,33,1,2024-12-01,8,1,1,3.2188758248682006
2025-09-01,25,subframe7536/maple-font,33,1,2024-12-01,9,1,1,3.258096538021482
2025-10-01,16,subframe7536/maple-font,33,1,2024-12-01,10,1,1,2.833213344056216
2025-11-01,1,subframe7536/maple-font,33,1,2024-12-01,11,1,1,0.6931471805599453
2025-12-01,13,subframe7536/maple-font,33,1,2024-12-01,12,1,1,2.639057329615259
2019-09-01,29,KDE/kdeconnect-kde,32,0,2020-09-01,-12,0,0,3.4011973816621555
2019-10-01,20,KDE/kdeconnect-kde,32,0,2020-09-01,-11,0,0,3.044522437723423
2019-11-01,9,KDE/kdeconnect-kde,32,0,2020-09-01,-10,0,0,2.302585092994046
2019-12-01,31,KDE/kdeconnect-kde,32,0,2020-09-01,-9,0,0,3.4657359027997265
2020-01-01,27,KDE/kdeconnect-kde,32,0,2020-09-01,-8,0,0,3.332204510175204
2020-02-01,16,KDE/kdeconnect-kde,32,0,2020-09-01,-7,0,0,2.833213344056216
2020-03-01,43,KDE/kdeconnect-kde,32,0,2020-09-01,-6,0,0,3.784189633918261
2020-04-01,63,KDE/kdeconnect-kde,32,0,2020-09-01,-5,0,0,4.1588830833596715
2020-05-01,33,KDE/kdeconnect-kde,32,0,2020-09-01,-4,0,0,3.5263605246161616
2020-06-01,29,KDE/kdeconnect-kde,32,0,2020-09-01,-3,0,0,3.4011973816621555
2020-07-01,49,KDE/kdeconnect-kde,32,0,2020-09-01,-2,0,0,3.912023005428146
2020-08-01,28,KDE/kdeconnect-kde,32,0,2020-09-01,-1,0,0,3.367295829986474
2020-10-01,43,KDE/kdeconnect-kde,32,0,2020-09-01,1,1,0,3.784189633918261
2020-11-01,27,KDE/kdeconnect-kde,32,0,2020-09-01,2,1,0,3.332204510175204
2020-12-01,6,KDE/kdeconnect-kde,32,0,2020-09-01,3,1,0,1.9459101490553132
2021-01-01,14,KDE/kdeconnect-kde,32,0,2020-09-01,4,1,0,2.70805020110221
2021-02-01,18,KDE/kdeconnect-kde,32,0,2020-09-01,5,1,0,2.9444389791664403
2021-03-01,26,KDE/kdeconnect-kde,32,0,2020-09-01,6,1,0,3.295836866004329
2021-04-01,15,KDE/kdeconnect-kde,32,0,2020-09-01,7,1,0,2.772588722239781
2021-05-01,15,KDE/kdeconnect-kde,32,0,2020-09-01,8,1,0,2.772588722239781
2021-06-01,67,KDE/kdeconnect-kde,32,0,2020-09-01,9,1,0,4.219507705176107
2021-07-01,34,KDE/kdeconnect-kde,32,0,2020-09-01,10,1,0,3.5553480614894135
2021-08-01,8,KDE/kdeconnect-kde,32,0,2020-09-01,11,1,0,2.1972245773362196
2021-09-01,23,KDE/kdeconnect-kde,32,0,2020-09-01,12,1,0,3.1780538303479458
2019-09-01,32,Zylann/godot_voxel,32,1,2020-09-01,-12,0,0,3.4965075614664802
2019-10-01,5,Zylann/godot_voxel,32,1,2020-09-01,-11,0,0,1.791759469228055
2019-11-01,2,Zylann/godot_voxel,32,1,2020-09-01,-10,0,0,1.0986122886681096
2019-12-01,21,Zylann/godot_voxel,32,1,2020-09-01,-9,0,0,3.091042453358316
2020-01-01,72,Zylann/godot_voxel,32,1,2020-09-01,-8,0,0,4.290459441148391
2020-02-01,54,Zylann/godot_voxel,32,1,2020-09-01,-7,0,0,4.007333185232471
2020-03-01,8,Zylann/godot_voxel,32,1,2020-09-01,-6,0,0,2.1972245773362196
2020-04-01,5,Zylann/godot_voxel,32,1,2020-09-01,-5,0,0,1.791759469228055
2020-05-01,15,Zylann/godot_voxel,32,1,2020-09-01,-4,0,0,2.772588722239781
2020-06-01,0,Zylann/godot_voxel,32,1,2020-09-01,-3,0,0,0.0
2020-07-01,39,Zylann/godot_voxel,32,1,2020-09-01,-2,0,0,3.6888794541139363
2020-08-01,60,Zylann/godot_voxel,32,1,2020-09-01,-1,0,0,4.110873864173311
2020-10-01,31,Zylann/godot_voxel,32,1,2020-09-01,1,1,1,3.4657359027997265
2020-11-01,18,Zylann/godot_voxel,32,1,2020-09-01,2,1,1,2.9444389791664403
2020-12-01,43,Zylann/godot_voxel,32,1,2020-09-01,3,1,1,3.784189633918261
2021-01-01,109,Zylann/godot_voxel,32,1,2020-09-01,4,1,1,4.700480365792417
2021-02-01,69,Zylann/godot_voxel,32,1,2020-09-01,5,1,1,4.248495242049359
2021-03-01,55,Zylann/godot_voxel,32,1,2020-09-01,6,1,1,4.02535169073515
2021-04-01,83,Zylann/godot_voxel,32,1,2020-09-01,7,1,1,4.430816798843313
2021-05-01,74,Zylann/godot_voxel,32,1,2020-09-01,8,1,1,4.31748811353631
2021-06-01,24,Zylann/godot_voxel,32,1,2020-09-01,9,1,1,3.2188758248682006
2021-07-01,40,Zylann/godot_voxel,32,1,2020-09-01,10,1,1,3.713572066704308
2021-08-01,28,Zylann/godot_voxel,32,1,2020-09-01,11,1,1,3.367295829986474
2021-09-01,91,Zylann/godot_voxel,32,1,2020-09-01,12,1,1,4.5217885770490405
2018-12-01,18,rinvex/countries,34,0,2019-12-01,-12,0,0,2.9444389791664403
2019-01-01,1,rinvex/countries,34,0,2019-12-01,-11,0,0,0.6931471805599453
2019-02-01,0,rinvex/countries,34,0,2019-12-01,-10,0,0,0.0
2019-03-01,7,rinvex/countries,34,0,2019-12-01,-9,0,0,2.0794415416798357
2019-04-01,0,rinvex/countries,34,0,2019-12-01,-8,0,0,0.0
2019-05-01,2,rinvex/countries,34,0,2019-12-01,-7,0,0,1.0986122886681096
2019-06-01,4,rinvex/countries,34,0,2019-12-01,-6,0,0,1.6094379124341003
2019-07-01,0,rinvex/countries,34,0,2019-12-01,-5,0,0,0.0
2019-08-01,0,rinvex/countries,34,0,2019-12-01,-4,0,0,0.0
2019-09-01,6,rinvex/countries,34,0,2019-12-01,-3,0,0,1.9459101490553132
2019-10-01,0,rinvex/countries,34,0,2019-12-01,-2,0,0,0.0
2019-11-01,0,rinvex/countries,34,0,2019-12-01,-1,0,0,0.0
2020-01-01,5,rinvex/countries,34,0,2019-12-01,1,1,0,1.791759469228055
2020-02-01,0,rinvex/countries,34,0,2019-12-01,2,1,0,0.0
2020-03-01,8,rinvex/countries,34,0,2019-12-01,3,1,0,2.1972245773362196
2020-04-01,4,rinvex/countries,34,0,2019-12-01,4,1,0,1.6094379124341003
2020-05-01,2,rinvex/countries,34,0,2019-12-01,5,1,0,1.0986122886681096
2020-06-01,1,rinvex/countries,34,0,2019-12-01,6,1,0,0.6931471805599453
2020-07-01,17,rinvex/countries,34,0,2019-12-01,7,1,0,2.8903717578961645
2020-08-01,1,rinvex/countries,34,0,2019-12-01,8,1,0,0.6931471805599453
2020-09-01,0,rinvex/countries,34,0,2019-12-01,9,1,0,0.0
2020-10-01,0,rinvex/countries,34,0,2019-12-01,10,1,0,0.0
2020-11-01,0,rinvex/countries,34,0,2019-12-01,11,1,0,0.0
2020-12-01,10,rinvex/countries,34,0,2019-12-01,12,1,0,2.3978952727983707
2023-12-01,21,BlinkDL/RWKV-LM,33,0,2024-12-01,-12,0,0,3.091042453358316
2024-01-01,3,BlinkDL/RWKV-LM,33,0,2024-12-01,-11,0,0,1.3862943611198906
2024-02-01,15,BlinkDL/RWKV-LM,33,0,2024-12-01,-10,0,0,2.772588722239781
2024-03-01,4,BlinkDL/RWKV-LM,33,0,2024-12-01,-9,0,0,1.6094379124341003
2024-04-01,36,BlinkDL/RWKV-LM,33,0,2024-12-01,-8,0,0,3.6109179126442243
2024-05-01,4,BlinkDL/RWKV-LM,33,0,2024-12-01,-7,0,0,1.6094379124341003
2024-06-01,1,BlinkDL/RWKV-LM,33,0,2024-12-01,-6,0,0,0.6931471805599453
2024-07-01,11,BlinkDL/RWKV-LM,33,0,2024-12-01,-5,0,0,2.4849066497880004
2024-08-01,2,BlinkDL/RWKV-LM,33,0,2024-12-01,-4,0,0,1.0986122886681096
2024-09-01,6,BlinkDL/RWKV-LM,33,0,2024-12-01,-3,0,0,1.9459101490553132
2024-10-01,5,BlinkDL/RWKV-LM,33,0,2024-12-01,-2,0,0,1.791759469228055
2024-11-01,29,BlinkDL/RWKV-LM,33,0,2024-12-01,-1,0,0,3.4011973816621555
2025-01-01,11,BlinkDL/RWKV-LM,33,0,2024-12-01,1,1,0,2.4849066497880004
2025-02-01,6,BlinkDL/RWKV-LM,33,0,2024-12-01,2,1,0,1.9459101490553132
2025-03-01,2,BlinkDL/RWKV-LM,33,0,2024-12-01,3,1,0,1.0986122886681096
2025-04-01,12,BlinkDL/RWKV-LM,33,0,2024-12-01,4,1,0,2.5649493574615367
2025-05-01,10,BlinkDL/RWKV-LM,33,0,2024-12-01,5,1,0,2.3978952727983707
2025-06-01,5,BlinkDL/RWKV-LM,33,0,2024-12-01,6,1,0,1.791759469228055
2025-07-01,21,BlinkDL/RWKV-LM,33,0,2024-12-01,7,1,0,3.091042453358316
2025-08-01,8,BlinkDL/RWKV-LM,33,0,2024-12-01,8,1,0,2.1972245773362196
2025-09-01,7,BlinkDL/RWKV-LM,33,0,2024-12-01,9,1,0,2.0794415416798357
2025-10-01,26,BlinkDL/RWKV-LM,33,0,2024-12-01,10,1,0,3.295836866004329
2025-11-01,11,BlinkDL/RWKV-LM,33,0,2024-12-01,11,1,0,2.4849066497880004
2025-12-01,8,BlinkDL/RWKV-LM,33,0,2024-12-01,12,1,0,2.1972245773362196
2021-08-01,0,badoo/MVICore,35,1,2022-08-01,-12,0,0,0.0
2021-09-01,2,badoo/MVICore,35,1,2022-08-01,-11,0,0,1.0986122886681096
2021-10-01,0,badoo/MVICore,35,1,2022-08-01,-10,0,0,0.0
2021-11-01,0,badoo/MVICore,35,1,2022-08-01,-9,0,0,0.0
2021-12-01,0,badoo/MVICore,35,1,2022-08-01,-8,0,0,0.0
2022-01-01,0,badoo/MVICore,35,1,2022-08-01,-7,0,0,0.0
2022-02-01,0,badoo/MVICore,35,1,2022-08-01,-6,0,0,0.0
2022-03-01,14,badoo/MVICore,35,1,2022-08-01,-5,0,0,2.70805020110221
2022-04-01,0,badoo/MVICore,35,1,2022-08-01,-4,0,0,0.0
2022-05-01,0,badoo/MVICore,35,1,2022-08-01,-3,0,0,0.0
2022-06-01,0,badoo/MVICore,35,1,2022-08-01,-2,0,0,0.0
2022-07-01,0,badoo/MVICore,35,1,2022-08-01,-1,0,0,0.0
2022-09-01,0,badoo/MVICore,35,1,2022-08-01,1,1,1,0.0
2022-10-01,0,badoo/MVICore,35,1,2022-08-01,2,1,1,0.0
2022-11-01,0,badoo/MVICore,35,1,2022-08-01,3,1,1,0.0
2022-12-01,0,badoo/MVICore,35,1,2022-08-01,4,1,1,0.0
2023-01-01,0,badoo/MVICore,35,1,2022-08-01,5,1,1,0.0
2023-02-01,33,badoo/MVICore,35,1,2022-08-01,6,1,1,3.5263605246161616
2023-03-01,0,badoo/MVICore,35,1,2022-08-01,7,1,1,0.0
2023-04-01,0,badoo/MVICore,35,1,2022-08-01,8,1,1,0.0
2023-05-01,0,badoo/MVICore,35,1,2022-08-01,9,1,1,0.0
2023-06-01,0,badoo/MVICore,35,1,2022-08-01,10,1,1,0.0
2023-07-01,4,badoo/MVICore,35,1,2022-08-01,11,1,1,1.6094379124341003
2023-08-01,0,badoo/MVICore,35,1,2022-08-01,12,1,1,0.0
2021-08-01,2,rosuH/AndroidFilePicker,35,0,2022-08-01,-12,0,0,1.0986122886681096
2021-09-01,8,rosuH/AndroidFilePicker,35,0,2022-08-01,-11,0,0,2.1972245773362196
2021-10-01,0,rosuH/AndroidFilePicker,35,0,2022-08-01,-10,0,0,0.0
2021-11-01,0,rosuH/AndroidFilePicker,35,0,2022-08-01,-9,0,0,0.0
2021-12-01,2,rosuH/AndroidFilePicker,35,0,2022-08-01,-8,0,0,1.0986122886681096
2022-01-01,0,rosuH/AndroidFilePicker,35,0,2022-08-01,-7,0,0,0.0
2022-02-01,1,rosuH/AndroidFilePicker,35,0,2022-08-01,-6,0,0,0.6931471805599453
2022-03-01,1,rosuH/AndroidFilePicker,35,0,2022-08-01,-5,0,0,0.6931471805599453
2022-04-01,0,rosuH/AndroidFilePicker,35,0,2022-08-01,-4,0,0,0.0
2022-05-01,0,rosuH/AndroidFilePicker,35,0,2022-08-01,-3,0,0,0.0
2022-06-01,0,rosuH/AndroidFilePicker,35,0,2022-08-01,-2,0,0,0.0
2022-07-01,0,rosuH/AndroidFilePicker,35,0,2022-08-01,-1,0,0,0.0
2022-09-01,0,rosuH/AndroidFilePicker,35,0,2022-08-01,1,1,0,0.0
2022-10-01,0,rosuH/AndroidFilePicker,35,0,2022-08-01,2,1,0,0.0
2022-11-01,0,rosuH/AndroidFilePicker,35,0,2022-08-01,3,1,0,0.0
2022-12-01,0,rosuH/AndroidFilePicker,35,0,2022-08-01,4,1,0,0.0
2023-01-01,1,rosuH/AndroidFilePicker,35,0,2022-08-01,5,1,0,0.6931471805599453
2023-02-01,0,rosuH/AndroidFilePicker,35,0,2022-08-01,6,1,0,0.0
2023-03-01,0,rosuH/AndroidFilePicker,35,0,2022-08-01,7,1,0,0.0
2023-04-01,0,rosuH/AndroidFilePicker,35,0,2022-08-01,8,1,0,0.0
2023-05-01,0,rosuH/AndroidFilePicker,35,0,2022-08-01,9,1,0,0.0
2023-06-01,0,rosuH/AndroidFilePicker,35,0,2022-08-01,10,1,0,0.0
2023-07-01,0,rosuH/AndroidFilePicker,35,0,2022-08-01,11,1,0,0.0
2023-08-01,0,rosuH/AndroidFilePicker,35,0,2022-08-01,12,1,0,0.0
2018-12-01,0,spatie/laravel-sluggable,34,1,2019-12-01,-12,0,0,0.0
2019-01-01,8,spatie/laravel-sluggable,34,1,2019-12-01,-11,0,0,2.1972245773362196
2019-02-01,13,spatie/laravel-sluggable,34,1,2019-12-01,-10,0,0,2.639057329615259
2019-03-01,1,spatie/laravel-sluggable,34,1,2019-12-01,-9,0,0,0.6931471805599453
2019-04-01,4,spatie/laravel-sluggable,34,1,2019-12-01,-8,0,0,1.6094379124341003
2019-05-01,0,spatie/laravel-sluggable,34,1,2019-12-01,-7,0,0,0.0
2019-06-01,4,spatie/laravel-sluggable,34,1,2019-12-01,-6,0,0,1.6094379124341003
2019-07-01,2,spatie/laravel-sluggable,34,1,2019-12-01,-5,0,0,1.0986122886681096
2019-08-01,2,spatie/laravel-sluggable,34,1,2019-12-01,-4,0,0,1.0986122886681096
2019-09-01,11,spatie/laravel-sluggable,34,1,2019-12-01,-3,0,0,2.4849066497880004
2019-10-01,0,spatie/laravel-sluggable,34,1,2019-12-01,-2,0,0,0.0
2019-11-01,0,spatie/laravel-sluggable,34,1,2019-12-01,-1,0,0,0.0
2020-01-01,0,spatie/laravel-sluggable,34,1,2019-12-01,1,1,1,0.0
2020-02-01,0,spatie/laravel-sluggable,34,1,2019-12-01,2,1,1,0.0
2020-03-01,7,spatie/laravel-sluggable,34,1,2019-12-01,3,1,1,2.0794415416798357
2020-04-01,8,spatie/laravel-sluggable,34,1,2019-12-01,4,1,1,2.1972245773362196
2020-05-01,1,spatie/laravel-sluggable,34,1,2019-12-01,5,1,1,0.6931471805599453
2020-06-01,14,spatie/laravel-sluggable,34,1,2019-12-01,6,1,1,2.70805020110221
2020-07-01,0,spatie/laravel-sluggable,34,1,2019-12-01,7,1,1,0.0
2020-08-01,0,spatie/laravel-sluggable,34,1,2019-12-01,8,1,1,0.0
2020-09-01,18,spatie/laravel-sluggable,34,1,2019-12-01,9,1,1,2.9444389791664403
2020-10-01,11,spatie/laravel-sluggable,34,1,2019-12-01,10,1,1,2.4849066497880004
2020-11-01,0,spatie/laravel-sluggable,34,1,2019-12-01,11,1,1,0.0
2020-12-01,0,spatie/laravel-sluggable,34,1,2019-12-01,12,1,1,0.0
2020-02-01,4,Shopify/job-iteration,37,1,2021-02-01,-12,0,0,1.6094379124341003
2020-03-01,5,Shopify/job-iteration,37,1,2021-02-01,-11,0,0,1.791759469228055
2020-04-01,0,Shopify/job-iteration,37,1,2021-02-01,-10,0,0,0.0
2020-05-01,6,Shopify/job-iteration,37,1,2021-02-01,-9,0,0,1.9459101490553132
2020-06-01,5,Shopify/job-iteration,37,1,2021-02-01,-8,0,0,1.791759469228055
2020-07-01,0,Shopify/job-iteration,37,1,2021-02-01,-7,0,0,0.0
2020-08-01,0,Shopify/job-iteration,37,1,2021-02-01,-6,0,0,0.0
2020-09-01,2,Shopify/job-iteration,37,1,2021-02-01,-5,0,0,1.0986122886681096
2020-10-01,0,Shopify/job-iteration,37,1,2021-02-01,-4,0,0,0.0
2020-11-01,0,Shopify/job-iteration,37,1,2021-02-01,-3,0,0,0.0
2020-12-01,4,Shopify/job-iteration,37,1,2021-02-01,-2,0,0,1.6094379124341003
2021-01-01,5,Shopify/job-iteration,37,1,2021-02-01,-1,0,0,1.791759469228055
2021-03-01,9,Shopify/job-iteration,37,1,2021-02-01,1,1,1,2.302585092994046
2021-04-01,19,Shopify/job-iteration,37,1,2021-02-01,2,1,1,2.995732273553991
2021-05-01,21,Shopify/job-iteration,37,1,2021-02-01,3,1,1,3.091042453358316
2021-06-01,1,Shopify/job-iteration,37,1,2021-02-01,4,1,1,0.6931471805599453
2021-07-01,1,Shopify/job-iteration,37,1,2021-02-01,5,1,1,0.6931471805599453
2021-08-01,0,Shopify/job-iteration,37,1,2021-02-01,6,1,1,0.0
2021-09-01,24,Shopify/job-iteration,37,1,2021-02-01,7,1,1,3.2188758248682006
2021-10-01,10,Shopify/job-iteration,37,1,2021-02-01,8,1,1,2.3978952727983707
2021-11-01,34,Shopify/job-iteration,37,1,2021-02-01,9,1,1,3.5553480614894135
2021-12-01,8,Shopify/job-iteration,37,1,2021-02-01,10,1,1,2.1972245773362196
2022-01-01,16,Shopify/job-iteration,37,1,2021-02-01,11,1,1,2.833213344056216
2022-02-01,24,Shopify/job-iteration,37,1,2021-02-01,12,1,1,3.2188758248682006
2020-02-01,2,truemail-rb/truemail,37,0,2021-02-01,-12,0,0,1.0986122886681096
2020-03-01,2,truemail-rb/truemail,37,0,2021-02-01,-11,0,0,1.0986122886681096
2020-04-01,0,truemail-rb/truemail,37,0,2021-02-01,-10,0,0,0.0
2020-05-01,4,truemail-rb/truemail,37,0,2021-02-01,-9,0,0,1.6094379124341003
2020-06-01,2,truemail-rb/truemail,37,0,2021-02-01,-8,0,0,1.0986122886681096
2020-07-01,0,truemail-rb/truemail,37,0,2021-02-01,-7,0,0,0.0
2020-08-01,0,truemail-rb/truemail,37,0,2021-02-01,-6,0,0,0.0
2020-09-01,4,truemail-rb/truemail,37,0,2021-02-01,-5,0,0,1.6094379124341003
2020-10-01,6,truemail-rb/truemail,37,0,2021-02-01,-4,0,0,1.9459101490553132
2020-11-01,6,truemail-rb/truemail,37,0,2021-02-01,-3,0,0,1.9459101490553132
2020-12-01,6,truemail-rb/truemail,37,0,2021-02-01,-2,0,0,1.9459101490553132
2021-01-01,3,truemail-rb/truemail,37,0,2021-02-01,-1,0,0,1.3862943611198906
2021-03-01,3,truemail-rb/truemail,37,0,2021-02-01,1,1,0,1.3862943611198906
2021-04-01,6,truemail-rb/truemail,37,0,2021-02-01,2,1,0,1.9459101490553132
2021-05-01,8,truemail-rb/truemail,37,0,2021-02-01,3,1,0,2.1972245773362196
2021-06-01,4,truemail-rb/truemail,37,0,2021-02-01,4,1,0,1.6094379124341003
2021-07-01,5,truemail-rb/truemail,37,0,2021-02-01,5,1,0,1.791759469228055
2021-08-01,7,truemail-rb/truemail,37,0,2021-02-01,6,1,0,2.0794415416798357
2021-09-01,3,truemail-rb/truemail,37,0,2021-02-01,7,1,0,1.3862943611198906
2021-10-01,4,truemail-rb/truemail,37,0,2021-02-01,8,1,0,1.6094379124341003
2021-11-01,2,truemail-rb/truemail,37,0,2021-02-01,9,1,0,1.0986122886681096
2021-12-01,4,truemail-rb/truemail,37,0,2021-02-01,10,1,0,1.6094379124341003
2022-01-01,8,truemail-rb/truemail,37,0,2021-02-01,11,1,0,2.1972245773362196
2022-02-01,12,truemail-rb/truemail,37,0,2021-02-01,12,1,0,2.5649493574615367
2019-12-01,0,rajkumardusad/IP-Tracer,38,0,2020-12-01,-12,0,0,0.0
2020-01-01,0,rajkumardusad/IP-Tracer,38,0,2020-12-01,-11,0,0,0.0
2020-02-01,1,rajkumardusad/IP-Tracer,38,0,2020-12-01,-10,0,0,0.6931471805599453
2020-03-01,0,rajkumardusad/IP-Tracer,38,0,2020-12-01,-9,0,0,0.0
2020-04-01,0,rajkumardusad/IP-Tracer,38,0,2020-12-01,-8,0,0,0.0
2020-05-01,8,rajkumardusad/IP-Tracer,38,0,2020-12-01,-7,0,0,2.1972245773362196
2020-06-01,0,rajkumardusad/IP-Tracer,38,0,2020-12-01,-6,0,0,0.0
2020-07-01,0,rajkumardusad/IP-Tracer,38,0,2020-12-01,-5,0,0,0.0
2020-08-01,0,rajkumardusad/IP-Tracer,38,0,2020-12-01,-4,0,0,0.0
2020-09-01,0,rajkumardusad/IP-Tracer,38,0,2020-12-01,-3,0,0,0.0
2020-10-01,0,rajkumardusad/IP-Tracer,38,0,2020-12-01,-2,0,0,0.0
2020-11-01,3,rajkumardusad/IP-Tracer,38,0,2020-12-01,-1,0,0,1.3862943611198906
2021-01-01,0,rajkumardusad/IP-Tracer,38,0,2020-12-01,1,1,0,0.0
2021-02-01,0,rajkumardusad/IP-Tracer,38,0,2020-12-01,2,1,0,0.0
2021-03-01,0,rajkumardusad/IP-Tracer,38,0,2020-12-01,3,1,0,0.0
2021-04-01,0,rajkumardusad/IP-Tracer,38,0,2020-12-01,4,1,0,0.0
2021-05-01,0,rajkumardusad/IP-Tracer,38,0,2020-12-01,5,1,0,0.0
2021-06-01,0,rajkumardusad/IP-Tracer,38,0,2020-12-01,6,1,0,0.0
2021-07-01,0,rajkumardusad/IP-Tracer,38,0,2020-12-01,7,1,0,0.0
2021-08-01,0,rajkumardusad/IP-Tracer,38,0,2020-12-01,8,1,0,0.0
2021-09-01,0,rajkumardusad/IP-Tracer,38,0,2020-12-01,9,1,0,0.0
2021-10-01,0,rajkumardusad/IP-Tracer,38,0,2020-12-01,10,1,0,0.0
2021-11-01,0,rajkumardusad/IP-Tracer,38,0,2020-12-01,11,1,0,0.0
2021-12-01,3,rajkumardusad/IP-Tracer,38,0,2020-12-01,12,1,0,1.3862943611198906
2019-12-01,0,chrome-php/chrome,38,1,2020-12-01,-12,0,0,0.0
2020-01-01,2,chrome-php/chrome,38,1,2020-12-01,-11,0,0,1.0986122886681096
2020-02-01,10,chrome-php/chrome,38,1,2020-12-01,-10,0,0,2.3978952727983707
2020-03-01,0,chrome-php/chrome,38,1,2020-12-01,-9,0,0,0.0
2020-04-01,2,chrome-php/chrome,38,1,2020-12-01,-8,0,0,1.0986122886681096
2020-05-01,0,chrome-php/chrome,38,1,2020-12-01,-7,0,0,0.0
2020-06-01,0,chrome-php/chrome,38,1,2020-12-01,-6,0,0,0.0
2020-07-01,0,chrome-php/chrome,38,1,2020-12-01,-5,0,0,0.0
2020-08-01,0,chrome-php/chrome,38,1,2020-12-01,-4,0,0,0.0
2020-09-01,0,chrome-php/chrome,38,1,2020-12-01,-3,0,0,0.0
2020-10-01,0,chrome-php/chrome,38,1,2020-12-01,-2,0,0,0.0
2020-11-01,0,chrome-php/chrome,38,1,2020-12-01,-1,0,0,0.0
2021-01-01,5,chrome-php/chrome,38,1,2020-12-01,1,1,1,1.791759469228055
2021-02-01,0,chrome-php/chrome,38,1,2020-12-01,2,1,1,0.0
2021-03-01,0,chrome-php/chrome,38,1,2020-12-01,3,1,1,0.0
2021-04-01,1,chrome-php/chrome,38,1,2020-12-01,4,1,1,0.6931471805599453
2021-05-01,5,chrome-php/chrome,38,1,2020-12-01,5,1,1,1.791759469228055
2021-06-01,3,chrome-php/chrome,38,1,2020-12-01,6,1,1,1.3862943611198906
2021-07-01,18,chrome-php/chrome,38,1,2020-12-01,7,1,1,2.9444389791664403
2021-08-01,9,chrome-php/chrome,38,1,2020-12-01,8,1,1,2.302585092994046
2021-09-01,9,chrome-php/chrome,38,1,2020-12-01,9,1,1,2.302585092994046
2021-10-01,4,chrome-php/chrome,38,1,2020-12-01,10,1,1,1.6094379124341003
2021-11-01,8,chrome-php/chrome,38,1,2020-12-01,11,1,1,2.1972245773362196
2021-12-01,14,chrome-php/chrome,38,1,2020-12-01,12,1,1,2.70805020110221
2019-05-01,11,lysine-dev/okio,36,1,2020-05-01,-12,0,0,2.4849066497880004
2019-06-01,10,lysine-dev/okio,36,1,2020-05-01,-11,0,0,2.3978952727983707
2019-07-01,30,lysine-dev/okio,36,1,2020-05-01,-10,0,0,3.4339872044851463
2019-08-01,18,lysine-dev/okio,36,1,2020-05-01,-9,0,0,2.9444389791664403
2019-09-01,6,lysine-dev/okio,36,1,2020-05-01,-8,0,0,1.9459101490553132
2019-10-01,8,lysine-dev/okio,36,1,2020-05-01,-7,0,0,2.1972245773362196
2019-11-01,0,lysine-dev/okio,36,1,2020-05-01,-6,0,0,0.0
2019-12-01,9,lysine-dev/okio,36,1,2020-05-01,-5,0,0,2.302585092994046
2020-01-01,3,lysine-dev/okio,36,1,2020-05-01,-4,0,0,1.3862943611198906
2020-02-01,5,lysine-dev/okio,36,1,2020-05-01,-3,0,0,1.791759469228055
2020-03-01,11,lysine-dev/okio,36,1,2020-05-01,-2,0,0,2.4849066497880004
2020-04-01,4,lysine-dev/okio,36,1,2020-05-01,-1,0,0,1.6094379124341003
2020-06-01,9,lysine-dev/okio,36,1,2020-05-01,1,1,1,2.302585092994046
2020-07-01,3,lysine-dev/okio,36,1,2020-05-01,2,1,1,1.3862943611198906
2020-08-01,30,lysine-dev/okio,36,1,2020-05-01,3,1,1,3.4339872044851463
2020-09-01,19,lysine-dev/okio,36,1,2020-05-01,4,1,1,2.995732273553991
2020-10-01,10,lysine-dev/okio,36,1,2020-05-01,5,1,1,2.3978952727983707
2020-11-01,29,lysine-dev/okio,36,1,2020-05-01,6,1,1,3.4011973816621555
2020-12-01,67,lysine-dev/okio,36,1,2020-05-01,7,1,1,4.219507705176107
2021-01-01,29,lysine-dev/okio,36,1,2020-05-01,8,1,1,3.4011973816621555
2021-02-01,18,lysine-dev/okio,36,1,2020-05-01,9,1,1,2.9444389791664403
2021-03-01,6,lysine-dev/okio,36,1,2020-05-01,10,1,1,1.9459101490553132
2021-04-01,16,lysine-dev/okio,36,1,2020-05-01,11,1,1,2.833213344056216
2021-05-01,14,lysine-dev/okio,36,1,2020-05-01,12,1,1,2.70805020110221
2019-05-01,0,iSoron/uhabits,36,0,2020-05-01,-12,0,0,0.0
2019-06-01,4,iSoron/uhabits,36,0,2020-05-01,-11,0,0,1.6094379124341003
2019-07-01,0,iSoron/uhabits,36,0,2020-05-01,-10,0,0,0.0
2019-08-01,7,iSoron/uhabits,36,0,2020-05-01,-9,0,0,2.0794415416798357
2019-09-01,0,iSoron/uhabits,36,0,2020-05-01,-8,0,0,0.0
2019-10-01,7,iSoron/uhabits,36,0,2020-05-01,-7,0,0,2.0794415416798357
2019-11-01,19,iSoron/uhabits,36,0,2020-05-01,-6,0,0,2.995732273553991
2019-12-01,23,iSoron/uhabits,36,0,2020-05-01,-5,0,0,3.1780538303479458
2020-01-01,79,iSoron/uhabits,36,0,2020-05-01,-4,0,0,4.382026634673881
2020-02-01,3,iSoron/uhabits,36,0,2020-05-01,-3,0,0,1.3862943611198906
2020-03-01,1,iSoron/uhabits,36,0,2020-05-01,-2,0,0,0.6931471805599453
2020-04-01,0,iSoron/uhabits,36,0,2020-05-01,-1,0,0,0.0
2020-06-01,45,iSoron/uhabits,36,0,2020-05-01,1,1,0,3.828641396489095
2020-07-01,6,iSoron/uhabits,36,0,2020-05-01,2,1,0,1.9459101490553132
2020-08-01,42,iSoron/uhabits,36,0,2020-05-01,3,1,0,3.7612001156935624
2020-09-01,27,iSoron/uhabits,36,0,2020-05-01,4,1,0,3.332204510175204
2020-10-01,0,iSoron/uhabits,36,0,2020-05-01,5,1,0,0.0
2020-11-01,78,iSoron/uhabits,36,0,2020-05-01,6,1,0,4.3694478524670215
2020-12-01,129,iSoron/uhabits,36,0,2020-05-01,7,1,0,4.867534450455582
2021-01-01,139,iSoron/uhabits,36,0,2020-05-01,8,1,0,4.941642422609304
2021-02-01,22,iSoron/uhabits,36,0,2020-05-01,9,1,0,3.1354942159291497
2021-03-01,26,iSoron/uhabits,36,0,2020-05-01,10,1,0,3.295836866004329
2021-04-01,36,iSoron/uhabits,36,0,2020-05-01,11,1,0,3.6109179126442243
2021-05-01,32,iSoron/uhabits,36,0,2020-05-01,12,1,0,3.4965075614664802
2019-10-01,13,inancgumus/learngo,40,0,2020-10-01,-12,0,0,2.639057329615259
2019-11-01,25,inancgumus/learngo,40,0,2020-10-01,-11,0,0,3.258096538021482
2019-12-01,2,inancgumus/learngo,40,0,2020-10-01,-10,0,0,1.0986122886681096
2020-01-01,0,inancgumus/learngo,40,0,2020-10-01,-9,0,0,0.0
2020-02-01,0,inancgumus/learngo,40,0,2020-10-01,-8,0,0,0.0
2020-03-01,1,inancgumus/learngo,40,0,2020-10-01,-7,0,0,0.6931471805599453
2020-04-01,0,inancgumus/learngo,40,0,2020-10-01,-6,0,0,0.0
2020-05-01,0,inancgumus/learngo,40,0,2020-10-01,-5,0,0,0.0
2020-06-01,9,inancgumus/learngo,40,0,2020-10-01,-4,0,0,2.302585092994046
2020-07-01,1,inancgumus/learngo,40,0,2020-10-01,-3,0,0,0.6931471805599453
2020-08-01,0,inancgumus/learngo,40,0,2020-10-01,-2,0,0,0.0
2020-09-01,0,inancgumus/learngo,40,0,2020-10-01,-1,0,0,0.0
2020-11-01,2,inancgumus/learngo,40,0,2020-10-01,1,1,0,1.0986122886681096
2020-12-01,3,inancgumus/learngo,40,0,2020-10-01,2,1,0,1.3862943611198906
2021-01-01,6,inancgumus/learngo,40,0,2020-10-01,3,1,0,1.9459101490553132
2021-02-01,4,inancgumus/learngo,40,0,2020-10-01,4,1,0,1.6094379124341003
2021-03-01,6,inancgumus/learngo,40,0,2020-10-01,5,1,0,1.9459101490553132
2021-04-01,1,inancgumus/learngo,40,0,2020-10-01,6,1,0,0.6931471805599453
2021-05-01,0,inancgumus/learngo,40,0,2020-10-01,7,1,0,0.0
2021-06-01,25,inancgumus/learngo,40,0,2020-10-01,8,1,0,3.258096538021482
2021-07-01,1,inancgumus/learngo,40,0,2020-10-01,9,1,0,0.6931471805599453
2021-08-01,0,inancgumus/learngo,40,0,2020-10-01,10,1,0,0.0
2021-09-01,6,inancgumus/learngo,40,0,2020-10-01,11,1,0,1.9459101490553132
2021-10-01,0,inancgumus/learngo,40,0,2020-10-01,12,1,0,0.0
2019-10-01,5,ffuf/ffuf,40,1,2020-10-01,-12,0,0,1.791759469228055
2019-11-01,18,ffuf/ffuf,40,1,2020-10-01,-11,0,0,2.9444389791664403
2019-12-01,7,ffuf/ffuf,40,1,2020-10-01,-10,0,0,2.0794415416798357
2020-01-01,10,ffuf/ffuf,40,1,2020-10-01,-9,0,0,2.3978952727983707
2020-02-01,14,ffuf/ffuf,40,1,2020-10-01,-8,0,0,2.70805020110221
2020-03-01,3,ffuf/ffuf,40,1,2020-10-01,-7,0,0,1.3862943611198906
2020-04-01,4,ffuf/ffuf,40,1,2020-10-01,-6,0,0,1.6094379124341003
2020-05-01,1,ffuf/ffuf,40,1,2020-10-01,-5,0,0,0.6931471805599453
2020-06-01,1,ffuf/ffuf,40,1,2020-10-01,-4,0,0,0.6931471805599453
2020-07-01,6,ffuf/ffuf,40,1,2020-10-01,-3,0,0,1.9459101490553132
2020-08-01,4,ffuf/ffuf,40,1,2020-10-01,-2,0,0,1.6094379124341003
2020-09-01,8,ffuf/ffuf,40,1,2020-10-01,-1,0,0,2.1972245773362196
2020-11-01,1,ffuf/ffuf,40,1,2020-10-01,1,1,1,0.6931471805599453
2020-12-01,1,ffuf/ffuf,40,1,2020-10-01,2,1,1,0.6931471805599453
2021-01-01,7,ffuf/ffuf,40,1,2020-10-01,3,1,1,2.0794415416798357
2021-02-01,5,ffuf/ffuf,40,1,2020-10-01,4,1,1,1.791759469228055
2021-03-01,2,ffuf/ffuf,40,1,2020-10-01,5,1,1,1.0986122886681096
2021-04-01,10,ffuf/ffuf,40,1,2020-10-01,6,1,1,2.3978952727983707
2021-05-01,5,ffuf/ffuf,40,1,2020-10-01,7,1,1,1.791759469228055
2021-06-01,0,ffuf/ffuf,40,1,2020-10-01,8,1,1,0.0
2021-07-01,0,ffuf/ffuf,40,1,2020-10-01,9,1,1,0.0
2021-08-01,0,ffuf/ffuf,40,1,2020-10-01,10,1,1,0.0
2021-09-01,0,ffuf/ffuf,40,1,2020-10-01,11,1,1,0.0
2021-10-01,0,ffuf/ffuf,40,1,2020-10-01,12,1,1,0.0
2018-10-01,0,btraceio/btrace,41,1,2019-10-01,-12,0,0,0.0
2018-11-01,11,btraceio/btrace,41,1,2019-10-01,-11,0,0,2.4849066497880004
2018-12-01,8,btraceio/btrace,41,1,2019-10-01,-10,0,0,2.1972245773362196
2019-01-01,0,btraceio/btrace,41,1,2019-10-01,-9,0,0,0.0
2019-02-01,0,btraceio/btrace,41,1,2019-10-01,-8,0,0,0.0
2019-03-01,0,btraceio/btrace,41,1,2019-10-01,-7,0,0,0.0
2019-04-01,2,btraceio/btrace,41,1,2019-10-01,-6,0,0,1.0986122886681096
2019-05-01,0,btraceio/btrace,41,1,2019-10-01,-5,0,0,0.0
2019-06-01,0,btraceio/btrace,41,1,2019-10-01,-4,0,0,0.0
2019-07-01,4,btraceio/btrace,41,1,2019-10-01,-3,0,0,1.6094379124341003
2019-08-01,0,btraceio/btrace,41,1,2019-10-01,-2,0,0,0.0
2019-09-01,0,btraceio/btrace,41,1,2019-10-01,-1,0,0,0.0
2019-11-01,4,btraceio/btrace,41,1,2019-10-01,1,1,1,1.6094379124341003
2019-12-01,0,btraceio/btrace,41,1,2019-10-01,2,1,1,0.0
2020-01-01,23,btraceio/btrace,41,1,2019-10-01,3,1,1,3.1780538303479458
2020-02-01,19,btraceio/btrace,41,1,2019-10-01,4,1,1,2.995732273553991
2020-03-01,9,btraceio/btrace,41,1,2019-10-01,5,1,1,2.302585092994046
2020-04-01,22,btraceio/btrace,41,1,2019-10-01,6,1,1,3.1354942159291497
2020-05-01,8,btraceio/btrace,41,1,2019-10-01,7,1,1,2.1972245773362196
2020-06-01,12,btraceio/btrace,41,1,2019-10-01,8,1,1,2.5649493574615367
2020-07-01,0,btraceio/btrace,41,1,2019-10-01,9,1,1,0.0
2020-08-01,0,btraceio/btrace,41,1,2019-10-01,10,1,1,0.0
2020-09-01,0,btraceio/btrace,41,1,2019-10-01,11,1,1,0.0
2020-10-01,19,btraceio/btrace,41,1,2019-10-01,12,1,1,2.995732273553991
2018-10-01,0,CellularPrivacy/Android-IMSI-Catcher-Detector,41,0,2019-10-01,-12,0,0,0.0
2018-11-01,0,CellularPrivacy/Android-IMSI-Catcher-Detector,41,0,2019-10-01,-11,0,0,0.0
2018-12-01,1,CellularPrivacy/Android-IMSI-Catcher-Detector,41,0,2019-10-01,-10,0,0,0.6931471805599453
2019-01-01,5,CellularPrivacy/Android-IMSI-Catcher-Detector,41,0,2019-10-01,-9,0,0,1.791759469228055
2019-02-01,11,CellularPrivacy/Android-IMSI-Catcher-Detector,41,0,2019-10-01,-8,0,0,2.4849066497880004
2019-03-01,1,CellularPrivacy/Android-IMSI-Catcher-Detector,41,0,2019-10-01,-7,0,0,0.6931471805599453
2019-04-01,1,CellularPrivacy/Android-IMSI-Catcher-Detector,41,0,2019-10-01,-6,0,0,0.6931471805599453
2019-05-01,1,CellularPrivacy/Android-IMSI-Catcher-Detector,41,0,2019-10-01,-5,0,0,0.6931471805599453
2019-06-01,3,CellularPrivacy/Android-IMSI-Catcher-Detector,41,0,2019-10-01,-4,0,0,1.3862943611198906
2019-07-01,0,CellularPrivacy/Android-IMSI-Catcher-Detector,41,0,2019-10-01,-3,0,0,0.0
2019-08-01,3,CellularPrivacy/Android-IMSI-Catcher-Detector,41,0,2019-10-01,-2,0,0,1.3862943611198906
2019-09-01,1,CellularPrivacy/Android-IMSI-Catcher-Detector,41,0,2019-10-01,-1,0,0,0.6931471805599453
2019-11-01,1,CellularPrivacy/Android-IMSI-Catcher-Detector,41,0,2019-10-01,1,1,0,0.6931471805599453
2019-12-01,2,CellularPrivacy/Android-IMSI-Catcher-Detector,41,0,2019-10-01,2,1,0,1.0986122886681096
2020-01-01,2,CellularPrivacy/Android-IMSI-Catcher-Detector,41,0,2019-10-01,3,1,0,1.0986122886681096
2020-02-01,1,CellularPrivacy/Android-IMSI-Catcher-Detector,41,0,2019-10-01,4,1,0,0.6931471805599453
2020-03-01,1,CellularPrivacy/Android-IMSI-Catcher-Detector,41,0,2019-10-01,5,1,0,0.6931471805599453
2020-04-01,3,CellularPrivacy/Android-IMSI-Catcher-Detector,41,0,2019-10-01,6,1,0,1.3862943611198906
2020-05-01,1,CellularPrivacy/Android-IMSI-Catcher-Detector,41,0,2019-10-01,7,1,0,0.6931471805599453
2020-06-01,6,CellularPrivacy/Android-IMSI-Catcher-Detector,41,0,2019-10-01,8,1,0,1.9459101490553132
2020-07-01,2,CellularPrivacy/Android-IMSI-Catcher-Detector,41,0,2019-10-01,9,1,0,1.0986122886681096
2020-08-01,2,CellularPrivacy/Android-IMSI-Catcher-Detector,41,0,2019-10-01,10,1,0,1.0986122886681096
2020-09-01,5,CellularPrivacy/Android-IMSI-Catcher-Detector,41,0,2019-10-01,11,1,0,1.791759469228055
2020-10-01,1,CellularPrivacy/Android-IMSI-Catcher-Detector,41,0,2019-10-01,12,1,0,0.6931471805599453
2018-09-01,31,javalin/javalin,42,1,2019-09-01,-12,0,0,3.4657359027997265
2018-10-01,36,javalin/javalin,42,1,2019-09-01,-11,0,0,3.6109179126442243
2018-11-01,11,javalin/javalin,42,1,2019-09-01,-10,0,0,2.4849066497880004
2018-12-01,4,javalin/javalin,42,1,2019-09-01,-9,0,0,1.6094379124341003
2019-01-01,30,javalin/javalin,42,1,2019-09-01,-8,0,0,3.4339872044851463
2019-02-01,10,javalin/javalin,42,1,2019-09-01,-7,0,0,2.3978952727983707
2019-03-01,44,javalin/javalin,42,1,2019-09-01,-6,0,0,3.8066624897703196
2019-04-01,65,javalin/javalin,42,1,2019-09-01,-5,0,0,4.189654742026425
2019-05-01,52,javalin/javalin,42,1,2019-09-01,-4,0,0,3.970291913552122
2019-06-01,31,javalin/javalin,42,1,2019-09-01,-3,0,0,3.4657359027997265
2019-07-01,46,javalin/javalin,42,1,2019-09-01,-2,0,0,3.8501476017100584
2019-08-01,34,javalin/javalin,42,1,2019-09-01,-1,0,0,3.5553480614894135
2019-10-01,15,javalin/javalin,42,1,2019-09-01,1,1,1,2.772588722239781
2019-11-01,17,javalin/javalin,42,1,2019-09-01,2,1,1,2.8903717578961645
2019-12-01,22,javalin/javalin,42,1,2019-09-01,3,1,1,3.1354942159291497
2020-01-01,17,javalin/javalin,42,1,2019-09-01,4,1,1,2.8903717578961645
2020-02-01,9,javalin/javalin,42,1,2019-09-01,5,1,1,2.302585092994046
2020-03-01,10,javalin/javalin,42,1,2019-09-01,6,1,1,2.3978952727983707
2020-04-01,15,javalin/javalin,42,1,2019-09-01,7,1,1,2.772588722239781
2020-05-01,22,javalin/javalin,42,1,2019-09-01,8,1,1,3.1354942159291497
2020-06-01,18,javalin/javalin,42,1,2019-09-01,9,1,1,2.9444389791664403
2020-07-01,5,javalin/javalin,42,1,2019-09-01,10,1,1,1.791759469228055
2020-08-01,8,javalin/javalin,42,1,2019-09-01,11,1,1,2.1972245773362196
2020-09-01,10,javalin/javalin,42,1,2019-09-01,12,1,1,2.3978952727983707
2018-09-01,18,kickstarter/android-oss,42,0,2019-09-01,-12,0,0,2.9444389791664403
2018-10-01,20,kickstarter/android-oss,42,0,2019-09-01,-11,0,0,3.044522437723423
2018-11-01,20,kickstarter/android-oss,42,0,2019-09-01,-10,0,0,3.044522437723423
2018-12-01,14,kickstarter/android-oss,42,0,2019-09-01,-9,0,0,2.70805020110221
2019-01-01,31,kickstarter/android-oss,42,0,2019-09-01,-8,0,0,3.4657359027997265
2019-02-01,35,kickstarter/android-oss,42,0,2019-09-01,-7,0,0,3.58351893845611
2019-03-01,6,kickstarter/android-oss,42,0,2019-09-01,-6,0,0,1.9459101490553132
2019-04-01,16,kickstarter/android-oss,42,0,2019-09-01,-5,0,0,2.833213344056216
2019-05-01,11,kickstarter/android-oss,42,0,2019-09-01,-4,0,0,2.4849066497880004
2019-06-01,35,kickstarter/android-oss,42,0,2019-09-01,-3,0,0,3.58351893845611
2019-07-01,19,kickstarter/android-oss,42,0,2019-09-01,-2,0,0,2.995732273553991
2019-08-01,28,kickstarter/android-oss,42,0,2019-09-01,-1,0,0,3.367295829986474
2019-10-01,30,kickstarter/android-oss,42,0,2019-09-01,1,1,0,3.4339872044851463
2019-11-01,32,kickstarter/android-oss,42,0,2019-09-01,2,1,0,3.4965075614664802
2019-12-01,9,kickstarter/android-oss,42,0,2019-09-01,3,1,0,2.302585092994046
2020-01-01,30,kickstarter/android-oss,42,0,2019-09-01,4,1,0,3.4339872044851463
2020-02-01,30,kickstarter/android-oss,42,0,2019-09-01,5,1,0,3.4339872044851463
2020-03-01,17,kickstarter/android-oss,42,0,2019-09-01,6,1,0,2.8903717578961645
2020-04-01,35,kickstarter/android-oss,42,0,2019-09-01,7,1,0,3.58351893845611
2020-05-01,24,kickstarter/android-oss,42,0,2019-09-01,8,1,0,3.2188758248682006
2020-06-01,5,kickstarter/android-oss,42,0,2019-09-01,9,1,0,1.791759469228055
2020-07-01,2,kickstarter/android-oss,42,0,2019-09-01,10,1,0,1.0986122886681096
2020-08-01,4,kickstarter/android-oss,42,0,2019-09-01,11,1,0,1.6094379124341003
2020-09-01,2,kickstarter/android-oss,42,0,2019-09-01,12,1,0,1.0986122886681096
2019-01-01,13,proninyaroslav/libretorrent,43,0,2020-01-01,-12,0,0,2.639057329615259
2019-02-01,4,proninyaroslav/libretorrent,43,0,2020-01-01,-11,0,0,1.6094379124341003
2019-03-01,7,proninyaroslav/libretorrent,43,0,2020-01-01,-10,0,0,2.0794415416798357
2019-04-01,6,proninyaroslav/libretorrent,43,0,2020-01-01,-9,0,0,1.9459101490553132
2019-05-01,0,proninyaroslav/libretorrent,43,0,2020-01-01,-8,0,0,0.0
2019-06-01,7,proninyaroslav/libretorrent,43,0,2020-01-01,-7,0,0,2.0794415416798357
2019-07-01,11,proninyaroslav/libretorrent,43,0,2020-01-01,-6,0,0,2.4849066497880004
2019-08-01,15,proninyaroslav/libretorrent,43,0,2020-01-01,-5,0,0,2.772588722239781
2019-09-01,36,proninyaroslav/libretorrent,43,0,2020-01-01,-4,0,0,3.6109179126442243
2019-10-01,4,proninyaroslav/libretorrent,43,0,2020-01-01,-3,0,0,1.6094379124341003
2019-11-01,15,proninyaroslav/libretorrent,43,0,2020-01-01,-2,0,0,2.772588722239781
2019-12-01,55,proninyaroslav/libretorrent,43,0,2020-01-01,-1,0,0,4.02535169073515
2020-02-01,44,proninyaroslav/libretorrent,43,0,2020-01-01,1,1,0,3.8066624897703196
2020-03-01,29,proninyaroslav/libretorrent,43,0,2020-01-01,2,1,0,3.4011973816621555
2020-04-01,91,proninyaroslav/libretorrent,43,0,2020-01-01,3,1,0,4.5217885770490405
2020-05-01,6,proninyaroslav/libretorrent,43,0,2020-01-01,4,1,0,1.9459101490553132
2020-06-01,0,proninyaroslav/libretorrent,43,0,2020-01-01,5,1,0,0.0
2020-07-01,0,proninyaroslav/libretorrent,43,0,2020-01-01,6,1,0,0.0
2020-08-01,11,proninyaroslav/libretorrent,43,0,2020-01-01,7,1,0,2.4849066497880004
2020-09-01,17,proninyaroslav/libretorrent,43,0,2020-01-01,8,1,0,2.8903717578961645
2020-10-01,0,proninyaroslav/libretorrent,43,0,2020-01-01,9,1,0,0.0
2020-11-01,0,proninyaroslav/libretorrent,43,0,2020-01-01,10,1,0,0.0
2020-12-01,14,proninyaroslav/libretorrent,43,0,2020-01-01,11,1,0,2.70805020110221
2021-01-01,4,proninyaroslav/libretorrent,43,0,2020-01-01,12,1,0,1.6094379124341003
2019-08-01,0,amacneil/dbmate,44,1,2020-08-01,-12,0,0,0.0
2019-09-01,8,amacneil/dbmate,44,1,2020-08-01,-11,0,0,2.1972245773362196
2019-10-01,1,amacneil/dbmate,44,1,2020-08-01,-10,0,0,0.6931471805599453
2019-11-01,0,amacneil/dbmate,44,1,2020-08-01,-9,0,0,0.0
2019-12-01,0,amacneil/dbmate,44,1,2020-08-01,-8,0,0,0.0
2020-01-01,3,amacneil/dbmate,44,1,2020-08-01,-7,0,0,1.3862943611198906
2020-02-01,0,amacneil/dbmate,44,1,2020-08-01,-6,0,0,0.0
2020-03-01,4,amacneil/dbmate,44,1,2020-08-01,-5,0,0,1.6094379124341003
2020-04-01,1,amacneil/dbmate,44,1,2020-08-01,-4,0,0,0.6931471805599453
2020-05-01,7,amacneil/dbmate,44,1,2020-08-01,-3,0,0,2.0794415416798357
2020-06-01,2,amacneil/dbmate,44,1,2020-08-01,-2,0,0,1.0986122886681096
2020-07-01,2,amacneil/dbmate,44,1,2020-08-01,-1,0,0,1.0986122886681096
2020-09-01,2,amacneil/dbmate,44,1,2020-08-01,1,1,1,1.0986122886681096
2020-10-01,2,amacneil/dbmate,44,1,2020-08-01,2,1,1,1.0986122886681096
2020-11-01,10,amacneil/dbmate,44,1,2020-08-01,3,1,1,2.3978952727983707
2020-12-01,1,amacneil/dbmate,44,1,2020-08-01,4,1,1,0.6931471805599453
2021-01-01,0,amacneil/dbmate,44,1,2020-08-01,5,1,1,0.0
2021-02-01,2,amacneil/dbmate,44,1,2020-08-01,6,1,1,1.0986122886681096
2021-03-01,3,amacneil/dbmate,44,1,2020-08-01,7,1,1,1.3862943611198906
2021-04-01,4,amacneil/dbmate,44,1,2020-08-01,8,1,1,1.6094379124341003
2021-05-01,0,amacneil/dbmate,44,1,2020-08-01,9,1,1,0.0
2021-06-01,0,amacneil/dbmate,44,1,2020-08-01,10,1,1,0.0
2021-07-01,5,amacneil/dbmate,44,1,2020-08-01,11,1,1,1.791759469228055
2021-08-01,1,amacneil/dbmate,44,1,2020-08-01,12,1,1,0.6931471805599453
2019-01-01,13,TNG/ArchUnit,43,1,2020-01-01,-12,0,0,2.639057329615259
2019-02-01,17,TNG/ArchUnit,43,1,2020-01-01,-11,0,0,2.8903717578961645
2019-03-01,88,TNG/ArchUnit,43,1,2020-01-01,-10,0,0,4.48863636973214
2019-04-01,2,TNG/ArchUnit,43,1,2020-01-01,-9,0,0,1.0986122886681096
2019-05-01,0,TNG/ArchUnit,43,1,2020-01-01,-8,0,0,0.0
2019-06-01,2,TNG/ArchUnit,43,1,2020-01-01,-7,0,0,1.0986122886681096
2019-07-01,66,TNG/ArchUnit,43,1,2020-01-01,-6,0,0,4.204692619390966
2019-08-01,10,TNG/ArchUnit,43,1,2020-01-01,-5,0,0,2.3978952727983707
2019-09-01,13,TNG/ArchUnit,43,1,2020-01-01,-4,0,0,2.639057329615259
2019-10-01,13,TNG/ArchUnit,43,1,2020-01-01,-3,0,0,2.639057329615259
2019-11-01,12,TNG/ArchUnit,43,1,2020-01-01,-2,0,0,2.5649493574615367
2019-12-01,19,TNG/ArchUnit,43,1,2020-01-01,-1,0,0,2.995732273553991
2020-02-01,23,TNG/ArchUnit,43,1,2020-01-01,1,1,1,3.1780538303479458
2020-03-01,7,TNG/ArchUnit,43,1,2020-01-01,2,1,1,2.0794415416798357
2020-04-01,49,TNG/ArchUnit,43,1,2020-01-01,3,1,1,3.912023005428146
2020-05-01,34,TNG/ArchUnit,43,1,2020-01-01,4,1,1,3.5553480614894135
2020-06-01,15,TNG/ArchUnit,43,1,2020-01-01,5,1,1,2.772588722239781
2020-07-01,4,TNG/ArchUnit,43,1,2020-01-01,6,1,1,1.6094379124341003
2020-08-01,8,TNG/ArchUnit,43,1,2020-01-01,7,1,1,2.1972245773362196
2020-09-01,28,TNG/ArchUnit,43,1,2020-01-01,8,1,1,3.367295829986474
2020-10-01,10,TNG/ArchUnit,43,1,2020-01-01,9,1,1,2.3978952727983707
2020-11-01,26,TNG/ArchUnit,43,1,2020-01-01,10,1,1,3.295836866004329
2020-12-01,59,TNG/ArchUnit,43,1,2020-01-01,11,1,1,4.0943445622221
2021-01-01,48,TNG/ArchUnit,43,1,2020-01-01,12,1,1,3.8918202981106265
2019-08-01,0,jpbruinsslot/slack-term,44,0,2020-08-01,-12,0,0,0.0
2019-09-01,10,jpbruinsslot/slack-term,44,0,2020-08-01,-11,0,0,2.3978952727983707
2019-10-01,7,jpbruinsslot/slack-term,44,0,2020-08-01,-10,0,0,2.0794415416798357
2019-11-01,0,jpbruinsslot/slack-term,44,0,2020-08-01,-9,0,0,0.0
2019-12-01,0,jpbruinsslot/slack-term,44,0,2020-08-01,-8,0,0,0.0
2020-01-01,9,jpbruinsslot/slack-term,44,0,2020-08-01,-7,0,0,2.302585092994046
2020-02-01,0,jpbruinsslot/slack-term,44,0,2020-08-01,-6,0,0,0.0
2020-03-01,5,jpbruinsslot/slack-term,44,0,2020-08-01,-5,0,0,1.791759469228055
2020-04-01,0,jpbruinsslot/slack-term,44,0,2020-08-01,-4,0,0,0.0
2020-05-01,1,jpbruinsslot/slack-term,44,0,2020-08-01,-3,0,0,0.6931471805599453
2020-06-01,0,jpbruinsslot/slack-term,44,0,2020-08-01,-2,0,0,0.0
2020-07-01,0,jpbruinsslot/slack-term,44,0,2020-08-01,-1,0,0,0.0
2020-09-01,0,jpbruinsslot/slack-term,44,0,2020-08-01,1,1,0,0.0
2020-10-01,0,jpbruinsslot/slack-term,44,0,2020-08-01,2,1,0,0.0
2020-11-01,0,jpbruinsslot/slack-term,44,0,2020-08-01,3,1,0,0.0
2020-12-01,0,jpbruinsslot/slack-term,44,0,2020-08-01,4,1,0,0.0
2021-01-01,0,jpbruinsslot/slack-term,44,0,2020-08-01,5,1,0,0.0
2021-02-01,0,jpbruinsslot/slack-term,44,0,2020-08-01,6,1,0,0.0
2021-03-01,0,jpbruinsslot/slack-term,44,0,2020-08-01,7,1,0,0.0
2021-04-01,0,jpbruinsslot/slack-term,44,0,2020-08-01,8,1,0,0.0
2021-05-01,0,jpbruinsslot/slack-term,44,0,2020-08-01,9,1,0,0.0
2021-06-01,0,jpbruinsslot/slack-term,44,0,2020-08-01,10,1,0,0.0
2021-07-01,0,jpbruinsslot/slack-term,44,0,2020-08-01,11,1,0,0.0
2021-08-01,0,jpbruinsslot/slack-term,44,0,2020-08-01,12,1,0,0.0
2018-12-01,119,apache/pulsar,28,1,2019-12-01,-12,0,0,4.787491742782046
2019-01-01,121,apache/pulsar,28,1,2019-12-01,-11,0,0,4.804021044733257
2019-02-01,144,apache/pulsar,28,1,2019-12-01,-10,0,0,4.976733742420574
2019-03-01,144,apache/pulsar,28,1,2019-12-01,-9,0,0,4.976733742420574
2019-04-01,132,apache/pulsar,28,1,2019-12-01,-8,0,0,4.890349128221754
2019-05-01,158,apache/pulsar,28,1,2019-12-01,-7,0,0,5.0689042022202315
2019-06-01,138,apache/pulsar,28,1,2019-12-01,-6,0,0,4.9344739331306915
2019-07-01,92,apache/pulsar,28,1,2019-12-01,-5,0,0,4.532599493153256
2019-08-01,111,apache/pulsar,28,1,2019-12-01,-4,0,0,4.718498871295094
2019-09-01,126,apache/pulsar,28,1,2019-12-01,-3,0,0,4.844187086458591
2019-10-01,128,apache/pulsar,28,1,2019-12-01,-2,0,0,4.859812404361672
2019-11-01,109,apache/pulsar,28,1,2019-12-01,-1,0,0,4.700480365792417
2020-01-01,98,apache/pulsar,28,1,2019-12-01,1,1,1,4.59511985013459
2020-02-01,124,apache/pulsar,28,1,2019-12-01,2,1,1,4.8283137373023015
2020-03-01,110,apache/pulsar,28,1,2019-12-01,3,1,1,4.709530201312334
2020-04-01,100,apache/pulsar,28,1,2019-12-01,4,1,1,4.61512051684126
2020-05-01,141,apache/pulsar,28,1,2019-12-01,5,1,1,4.955827057601261
2020-06-01,180,apache/pulsar,28,1,2019-12-01,6,1,1,5.198497031265826
2020-07-01,148,apache/pulsar,28,1,2019-12-01,7,1,1,5.003946305945459
2020-08-01,104,apache/pulsar,28,1,2019-12-01,8,1,1,4.653960350157523
2020-09-01,128,apache/pulsar,28,1,2019-12-01,9,1,1,4.859812404361672
2020-10-01,136,apache/pulsar,28,1,2019-12-01,10,1,1,4.919980925828125
2020-11-01,165,apache/pulsar,28,1,2019-12-01,11,1,1,5.111987788356544
2020-12-01,187,apache/pulsar,28,1,2019-12-01,12,1,1,5.236441962829949
2020-03-01,10,mkj/dropbear,46,1,2021-03-01,-12,0,0,2.3978952727983707
2020-04-01,1,mkj/dropbear,46,1,2021-03-01,-11,0,0,0.6931471805599453
2020-05-01,38,mkj/dropbear,46,1,2021-03-01,-10,0,0,3.6635616461296463
2020-06-01,28,mkj/dropbear,46,1,2021-03-01,-9,0,0,3.367295829986474
2020-07-01,1,mkj/dropbear,46,1,2021-03-01,-8,0,0,0.6931471805599453
2020-08-01,0,mkj/dropbear,46,1,2021-03-01,-7,0,0,0.0
2020-09-01,0,mkj/dropbear,46,1,2021-03-01,-6,0,0,0.0
2020-10-01,35,mkj/dropbear,46,1,2021-03-01,-5,0,0,3.58351893845611
2020-11-01,8,mkj/dropbear,46,1,2021-03-01,-4,0,0,2.1972245773362196
2020-12-01,10,mkj/dropbear,46,1,2021-03-01,-3,0,0,2.3978952727983707
2021-01-01,2,mkj/dropbear,46,1,2021-03-01,-2,0,0,1.0986122886681096
2021-02-01,0,mkj/dropbear,46,1,2021-03-01,-1,0,0,0.0
2021-04-01,0,mkj/dropbear,46,1,2021-03-01,1,1,1,0.0
2021-05-01,1,mkj/dropbear,46,1,2021-03-01,2,1,1,0.6931471805599453
2021-06-01,0,mkj/dropbear,46,1,2021-03-01,3,1,1,0.0
2021-07-01,0,mkj/dropbear,46,1,2021-03-01,4,1,1,0.0
2021-08-01,6,mkj/dropbear,46,1,2021-03-01,5,1,1,1.9459101490553132
2021-09-01,0,mkj/dropbear,46,1,2021-03-01,6,1,1,0.0
2021-10-01,29,mkj/dropbear,46,1,2021-03-01,7,1,1,3.4011973816621555
2021-11-01,0,mkj/dropbear,46,1,2021-03-01,8,1,1,0.0
2021-12-01,0,mkj/dropbear,46,1,2021-03-01,9,1,1,0.0
2022-01-01,17,mkj/dropbear,46,1,2021-03-01,10,1,1,2.8903717578961645
2022-02-01,8,mkj/dropbear,46,1,2021-03-01,11,1,1,2.1972245773362196
2022-03-01,56,mkj/dropbear,46,1,2021-03-01,12,1,1,4.04305126783455
2019-10-01,5,yudaocode/SpringBoot-Labs,45,0,2020-10-01,-12,0,0,1.791759469228055
2019-11-01,85,yudaocode/SpringBoot-Labs,45,0,2020-10-01,-11,0,0,4.454347296253507
2019-12-01,85,yudaocode/SpringBoot-Labs,45,0,2020-10-01,-10,0,0,4.454347296253507
2020-01-01,70,yudaocode/SpringBoot-Labs,45,0,2020-10-01,-9,0,0,4.2626798770413155
2020-02-01,90,yudaocode/SpringBoot-Labs,45,0,2020-10-01,-8,0,0,4.51085950651685
2020-03-01,81,yudaocode/SpringBoot-Labs,45,0,2020-10-01,-7,0,0,4.406719247264253
2020-04-01,38,yudaocode/SpringBoot-Labs,45,0,2020-10-01,-6,0,0,3.6635616461296463
2020-05-01,50,yudaocode/SpringBoot-Labs,45,0,2020-10-01,-5,0,0,3.9318256327243257
2020-06-01,107,yudaocode/SpringBoot-Labs,45,0,2020-10-01,-4,0,0,4.68213122712422
2020-07-01,2,yudaocode/SpringBoot-Labs,45,0,2020-10-01,-3,0,0,1.0986122886681096
2020-08-01,1,yudaocode/SpringBoot-Labs,45,0,2020-10-01,-2,0,0,0.6931471805599453
2020-09-01,1,yudaocode/SpringBoot-Labs,45,0,2020-10-01,-1,0,0,0.6931471805599453
2020-11-01,5,yudaocode/SpringBoot-Labs,45,0,2020-10-01,1,1,0,1.791759469228055
2020-12-01,7,yudaocode/SpringBoot-Labs,45,0,2020-10-01,2,1,0,2.0794415416798357
2021-01-01,0,yudaocode/SpringBoot-Labs,45,0,2020-10-01,3,1,0,0.0
2021-02-01,0,yudaocode/SpringBoot-Labs,45,0,2020-10-01,4,1,0,0.0
2021-03-01,0,yudaocode/SpringBoot-Labs,45,0,2020-10-01,5,1,0,0.0
2021-04-01,2,yudaocode/SpringBoot-Labs,45,0,2020-10-01,6,1,0,1.0986122886681096
2021-05-01,0,yudaocode/SpringBoot-Labs,45,0,2020-10-01,7,1,0,0.0
2021-06-01,0,yudaocode/SpringBoot-Labs,45,0,2020-10-01,8,1,0,0.0
2021-07-01,0,yudaocode/SpringBoot-Labs,45,0,2020-10-01,9,1,0,0.0
2021-08-01,5,yudaocode/SpringBoot-Labs,45,0,2020-10-01,10,1,0,1.791759469228055
2021-09-01,0,yudaocode/SpringBoot-Labs,45,0,2020-10-01,11,1,0,0.0
2021-10-01,0,yudaocode/SpringBoot-Labs,45,0,2020-10-01,12,1,0,0.0
2020-03-01,10,flame/blis,46,0,2021-03-01,-12,0,0,2.3978952727983707
2020-04-01,12,flame/blis,46,0,2021-03-01,-11,0,0,2.5649493574615367
2020-05-01,6,flame/blis,46,0,2021-03-01,-10,0,0,1.9459101490553132
2020-06-01,7,flame/blis,46,0,2021-03-01,-9,0,0,2.0794415416798357
2020-07-01,13,flame/blis,46,0,2021-03-01,-8,0,0,2.639057329615259
2020-08-01,10,flame/blis,46,0,2021-03-01,-7,0,0,2.3978952727983707
2020-09-01,20,flame/blis,46,0,2021-03-01,-6,0,0,3.044522437723423
2020-10-01,10,flame/blis,46,0,2021-03-01,-5,0,0,2.3978952727983707
2020-11-01,12,flame/blis,46,0,2021-03-01,-4,0,0,2.5649493574615367
2020-12-01,11,flame/blis,46,0,2021-03-01,-3,0,0,2.4849066497880004
2021-01-01,10,flame/blis,46,0,2021-03-01,-2,0,0,2.3978952727983707
2021-02-01,3,flame/blis,46,0,2021-03-01,-1,0,0,1.3862943611198906
2021-04-01,10,flame/blis,46,0,2021-03-01,1,1,0,2.3978952727983707
2021-05-01,22,flame/blis,46,0,2021-03-01,2,1,0,3.1354942159291497
2021-06-01,8,flame/blis,46,0,2021-03-01,3,1,0,2.1972245773362196
2021-07-01,20,flame/blis,46,0,2021-03-01,4,1,0,3.044522437723423
2021-08-01,49,flame/blis,46,0,2021-03-01,5,1,0,3.912023005428146
2021-09-01,24,flame/blis,46,0,2021-03-01,6,1,0,3.2188758248682006
2021-10-01,53,flame/blis,46,0,2021-03-01,7,1,0,3.9889840465642745
2021-11-01,12,flame/blis,46,0,2021-03-01,8,1,0,2.5649493574615367
2021-12-01,4,flame/blis,46,0,2021-03-01,9,1,0,1.6094379124341003
2022-01-01,9,flame/blis,46,0,2021-03-01,10,1,0,2.302585092994046
2022-02-01,12,flame/blis,46,0,2021-03-01,11,1,0,2.5649493574615367
2022-03-01,9,flame/blis,46,0,2021-03-01,12,1,0,2.302585092994046
2019-12-01,0,NotFound9/interviewGuide,47,0,2020-12-01,-12,0,0,0.0
2020-01-01,18,NotFound9/interviewGuide,47,0,2020-12-01,-11,0,0,2.9444389791664403
2020-02-01,6,NotFound9/interviewGuide,47,0,2020-12-01,-10,0,0,1.9459101490553132
2020-03-01,7,NotFound9/interviewGuide,47,0,2020-12-01,-9,0,0,2.0794415416798357
2020-04-01,14,NotFound9/interviewGuide,47,0,2020-12-01,-8,0,0,2.70805020110221
2020-05-01,29,NotFound9/interviewGuide,47,0,2020-12-01,-7,0,0,3.4011973816621555
2020-06-01,28,NotFound9/interviewGuide,47,0,2020-12-01,-6,0,0,3.367295829986474
2020-07-01,10,NotFound9/interviewGuide,47,0,2020-12-01,-5,0,0,2.3978952727983707
2020-08-01,6,NotFound9/interviewGuide,47,0,2020-12-01,-4,0,0,1.9459101490553132
2020-09-01,4,NotFound9/interviewGuide,47,0,2020-12-01,-3,0,0,1.6094379124341003
2020-10-01,4,NotFound9/interviewGuide,47,0,2020-12-01,-2,0,0,1.6094379124341003
2020-11-01,5,NotFound9/interviewGuide,47,0,2020-12-01,-1,0,0,1.791759469228055
2021-01-01,8,NotFound9/interviewGuide,47,0,2020-12-01,1,1,0,2.1972245773362196
2021-02-01,3,NotFound9/interviewGuide,47,0,2020-12-01,2,1,0,1.3862943611198906
2021-03-01,8,NotFound9/interviewGuide,47,0,2020-12-01,3,1,0,2.1972245773362196
2021-04-01,16,NotFound9/interviewGuide,47,0,2020-12-01,4,1,0,2.833213344056216
2021-05-01,5,NotFound9/interviewGuide,47,0,2020-12-01,5,1,0,1.791759469228055
2021-06-01,4,NotFound9/interviewGuide,47,0,2020-12-01,6,1,0,1.6094379124341003
2021-07-01,3,NotFound9/interviewGuide,47,0,2020-12-01,7,1,0,1.3862943611198906
2021-08-01,6,NotFound9/interviewGuide,47,0,2020-12-01,8,1,0,1.9459101490553132
2021-09-01,2,NotFound9/interviewGuide,47,0,2020-12-01,9,1,0,1.0986122886681096
2021-10-01,4,NotFound9/interviewGuide,47,0,2020-12-01,10,1,0,1.6094379124341003
2021-11-01,0,NotFound9/interviewGuide,47,0,2020-12-01,11,1,0,0.0
2021-12-01,3,NotFound9/interviewGuide,47,0,2020-12-01,12,1,0,1.3862943611198906
2019-12-01,10,LibrePDF/OpenPDF,47,1,2020-12-01,-12,0,0,2.3978952727983707
2020-01-01,56,LibrePDF/OpenPDF,47,1,2020-12-01,-11,0,0,4.04305126783455
2020-02-01,4,LibrePDF/OpenPDF,47,1,2020-12-01,-10,0,0,1.6094379124341003
2020-03-01,12,LibrePDF/OpenPDF,47,1,2020-12-01,-9,0,0,2.5649493574615367
2020-04-01,23,LibrePDF/OpenPDF,47,1,2020-12-01,-8,0,0,3.1780538303479458
2020-05-01,15,LibrePDF/OpenPDF,47,1,2020-12-01,-7,0,0,2.772588722239781
2020-06-01,20,LibrePDF/OpenPDF,47,1,2020-12-01,-6,0,0,3.044522437723423
2020-07-01,0,LibrePDF/OpenPDF,47,1,2020-12-01,-5,0,0,0.0
2020-08-01,7,LibrePDF/OpenPDF,47,1,2020-12-01,-4,0,0,2.0794415416798357
2020-09-01,20,LibrePDF/OpenPDF,47,1,2020-12-01,-3,0,0,3.044522437723423
2020-10-01,21,LibrePDF/OpenPDF,47,1,2020-12-01,-2,0,0,3.091042453358316
2020-11-01,30,LibrePDF/OpenPDF,47,1,2020-12-01,-1,0,0,3.4339872044851463
2021-01-01,16,LibrePDF/OpenPDF,47,1,2020-12-01,1,1,1,2.833213344056216
2021-02-01,12,LibrePDF/OpenPDF,47,1,2020-12-01,2,1,1,2.5649493574615367
2021-03-01,6,LibrePDF/OpenPDF,47,1,2020-12-01,3,1,1,1.9459101490553132
2021-04-01,40,LibrePDF/OpenPDF,47,1,2020-12-01,4,1,1,3.713572066704308
2021-05-01,29,LibrePDF/OpenPDF,47,1,2020-12-01,5,1,1,3.4011973816621555
2021-06-01,11,LibrePDF/OpenPDF,47,1,2020-12-01,6,1,1,2.4849066497880004
2021-07-01,5,LibrePDF/OpenPDF,47,1,2020-12-01,7,1,1,1.791759469228055
2021-08-01,8,LibrePDF/OpenPDF,47,1,2020-12-01,8,1,1,2.1972245773362196
2021-09-01,8,LibrePDF/OpenPDF,47,1,2020-12-01,9,1,1,2.1972245773362196
2021-10-01,9,LibrePDF/OpenPDF,47,1,2020-12-01,10,1,1,2.302585092994046
2021-11-01,1,LibrePDF/OpenPDF,47,1,2020-12-01,11,1,1,0.6931471805599453
2021-12-01,9,LibrePDF/OpenPDF,47,1,2020-12-01,12,1,1,2.302585092994046
2020-01-01,0,reactphp/reactphp,48,1,2021-01-01,-12,0,0,0.0
2020-02-01,0,reactphp/reactphp,48,1,2021-01-01,-11,0,0,0.0
2020-03-01,0,reactphp/reactphp,48,1,2021-01-01,-10,0,0,0.0
2020-04-01,0,reactphp/reactphp,48,1,2021-01-01,-9,0,0,0.0
2020-05-01,0,reactphp/reactphp,48,1,2021-01-01,-8,0,0,0.0
2020-06-01,0,reactphp/reactphp,48,1,2021-01-01,-7,0,0,0.0
2020-07-01,8,reactphp/reactphp,48,1,2021-01-01,-6,0,0,2.1972245773362196
2020-08-01,0,reactphp/reactphp,48,1,2021-01-01,-5,0,0,0.0
2020-09-01,0,reactphp/reactphp,48,1,2021-01-01,-4,0,0,0.0
2020-10-01,0,reactphp/reactphp,48,1,2021-01-01,-3,0,0,0.0
2020-11-01,0,reactphp/reactphp,48,1,2021-01-01,-2,0,0,0.0
2020-12-01,0,reactphp/reactphp,48,1,2021-01-01,-1,0,0,0.0
2021-02-01,0,reactphp/reactphp,48,1,2021-01-01,1,1,1,0.0
2021-03-01,0,reactphp/reactphp,48,1,2021-01-01,2,1,1,0.0
2021-04-01,0,reactphp/reactphp,48,1,2021-01-01,3,1,1,0.0
2021-05-01,0,reactphp/reactphp,48,1,2021-01-01,4,1,1,0.0
2021-06-01,0,reactphp/reactphp,48,1,2021-01-01,5,1,1,0.0
2021-07-01,5,reactphp/reactphp,48,1,2021-01-01,6,1,1,1.791759469228055
2021-08-01,0,reactphp/reactphp,48,1,2021-01-01,7,1,1,0.0
2021-09-01,0,reactphp/reactphp,48,1,2021-01-01,8,1,1,0.0
2021-10-01,0,reactphp/reactphp,48,1,2021-01-01,9,1,1,0.0
2021-11-01,0,reactphp/reactphp,48,1,2021-01-01,10,1,1,0.0
2021-12-01,0,reactphp/reactphp,48,1,2021-01-01,11,1,1,0.0
2022-01-01,0,reactphp/reactphp,48,1,2021-01-01,12,1,1,0.0
2020-01-01,0,php-fig/log,48,0,2021-01-01,-12,0,0,0.0
2020-02-01,1,php-fig/log,48,0,2021-01-01,-11,0,0,0.6931471805599453
2020-03-01,2,php-fig/log,48,0,2021-01-01,-10,0,0,1.0986122886681096
2020-04-01,0,php-fig/log,48,0,2021-01-01,-9,0,0,0.0
2020-05-01,0,php-fig/log,48,0,2021-01-01,-8,0,0,0.0
2020-06-01,0,php-fig/log,48,0,2021-01-01,-7,0,0,0.0
2020-07-01,0,php-fig/log,48,0,2021-01-01,-6,0,0,0.0
2020-08-01,0,php-fig/log,48,0,2021-01-01,-5,0,0,0.0
2020-09-01,2,php-fig/log,48,0,2021-01-01,-4,0,0,1.0986122886681096
2020-10-01,0,php-fig/log,48,0,2021-01-01,-3,0,0,0.0
2020-11-01,0,php-fig/log,48,0,2021-01-01,-2,0,0,0.0
2020-12-01,0,php-fig/log,48,0,2021-01-01,-1,0,0,0.0
2021-02-01,0,php-fig/log,48,0,2021-01-01,1,1,0,0.0
2021-03-01,2,php-fig/log,48,0,2021-01-01,2,1,0,1.0986122886681096
2021-04-01,0,php-fig/log,48,0,2021-01-01,3,1,0,0.0
2021-05-01,4,php-fig/log,48,0,2021-01-01,4,1,0,1.6094379124341003
2021-06-01,6,php-fig/log,48,0,2021-01-01,5,1,0,1.9459101490553132
2021-07-01,3,php-fig/log,48,0,2021-01-01,6,1,0,1.3862943611198906
2021-08-01,0,php-fig/log,48,0,2021-01-01,7,1,0,0.0
2021-09-01,0,php-fig/log,48,0,2021-01-01,8,1,0,0.0
2021-10-01,0,php-fig/log,48,0,2021-01-01,9,1,0,0.0
2021-11-01,0,php-fig/log,48,0,2021-01-01,10,1,0,0.0
2021-12-01,0,php-fig/log,48,0,2021-01-01,11,1,0,0.0
2022-01-01,0,php-fig/log,48,0,2021-01-01,12,1,0,0.0
2020-02-01,0,prontolabs/pronto,49,1,2021-02-01,-12,0,0,0.0
2020-03-01,1,prontolabs/pronto,49,1,2021-02-01,-11,0,0,0.6931471805599453
2020-04-01,0,prontolabs/pronto,49,1,2021-02-01,-10,0,0,0.0
2020-05-01,7,prontolabs/pronto,49,1,2021-02-01,-9,0,0,2.0794415416798357
2020-06-01,4,prontolabs/pronto,49,1,2021-02-01,-8,0,0,1.6094379124341003
2020-07-01,3,prontolabs/pronto,49,1,2021-02-01,-7,0,0,1.3862943611198906
2020-08-01,0,prontolabs/pronto,49,1,2021-02-01,-6,0,0,0.0
2020-09-01,0,prontolabs/pronto,49,1,2021-02-01,-5,0,0,0.0
2020-10-01,1,prontolabs/pronto,49,1,2021-02-01,-4,0,0,0.6931471805599453
2020-11-01,1,prontolabs/pronto,49,1,2021-02-01,-3,0,0,0.6931471805599453
2020-12-01,1,prontolabs/pronto,49,1,2021-02-01,-2,0,0,0.6931471805599453
2021-01-01,3,prontolabs/pronto,49,1,2021-02-01,-1,0,0,1.3862943611198906
2021-03-01,1,prontolabs/pronto,49,1,2021-02-01,1,1,1,0.6931471805599453
2021-04-01,0,prontolabs/pronto,49,1,2021-02-01,2,1,1,0.0
2021-05-01,1,prontolabs/pronto,49,1,2021-02-01,3,1,1,0.6931471805599453
2021-06-01,2,prontolabs/pronto,49,1,2021-02-01,4,1,1,1.0986122886681096
2021-07-01,0,prontolabs/pronto,49,1,2021-02-01,5,1,1,0.0
2021-08-01,0,prontolabs/pronto,49,1,2021-02-01,6,1,1,0.0
2021-09-01,2,prontolabs/pronto,49,1,2021-02-01,7,1,1,1.0986122886681096
2021-10-01,1,prontolabs/pronto,49,1,2021-02-01,8,1,1,0.6931471805599453
2021-11-01,2,prontolabs/pronto,49,1,2021-02-01,9,1,1,1.0986122886681096
2021-12-01,0,prontolabs/pronto,49,1,2021-02-01,10,1,1,0.0
2022-01-01,0,prontolabs/pronto,49,1,2021-02-01,11,1,1,0.0
2022-02-01,0,prontolabs/pronto,49,1,2021-02-01,12,1,1,0.0
2020-02-01,7,airbnb/synapse,49,0,2021-02-01,-12,0,0,2.0794415416798357
2020-03-01,6,airbnb/synapse,49,0,2021-02-01,-11,0,0,1.9459101490553132
2020-04-01,1,airbnb/synapse,49,0,2021-02-01,-10,0,0,0.6931471805599453
2020-05-01,0,airbnb/synapse,49,0,2021-02-01,-9,0,0,0.0
2020-06-01,4,airbnb/synapse,49,0,2021-02-01,-8,0,0,1.6094379124341003
2020-07-01,2,airbnb/synapse,49,0,2021-02-01,-7,0,0,1.0986122886681096
2020-08-01,4,airbnb/synapse,49,0,2021-02-01,-6,0,0,1.6094379124341003
2020-09-01,5,airbnb/synapse,49,0,2021-02-01,-5,0,0,1.791759469228055
2020-10-01,1,airbnb/synapse,49,0,2021-02-01,-4,0,0,0.6931471805599453
2020-11-01,1,airbnb/synapse,49,0,2021-02-01,-3,0,0,0.6931471805599453
2020-12-01,0,airbnb/synapse,49,0,2021-02-01,-2,0,0,0.0
2021-01-01,0,airbnb/synapse,49,0,2021-02-01,-1,0,0,0.0
2021-03-01,0,airbnb/synapse,49,0,2021-02-01,1,1,0,0.0
2021-04-01,0,airbnb/synapse,49,0,2021-02-01,2,1,0,0.0
2021-05-01,0,airbnb/synapse,49,0,2021-02-01,3,1,0,0.0
2021-06-01,0,airbnb/synapse,49,0,2021-02-01,4,1,0,0.0
2021-07-01,0,airbnb/synapse,49,0,2021-02-01,5,1,0,0.0
2021-08-01,0,airbnb/synapse,49,0,2021-02-01,6,1,0,0.0
2021-09-01,0,airbnb/synapse,49,0,2021-02-01,7,1,0,0.0
2021-10-01,0,airbnb/synapse,49,0,2021-02-01,8,1,0,0.0
2021-11-01,0,airbnb/synapse,49,0,2021-02-01,9,1,0,0.0
2021-12-01,0,airbnb/synapse,49,0,2021-02-01,10,1,0,0.0
2022-01-01,0,airbnb/synapse,49,0,2021-02-01,11,1,0,0.0
2022-02-01,0,airbnb/synapse,49,0,2021-02-01,12,1,0,0.0
2019-10-01,39,alibaba/nacos,45,1,2020-10-01,-12,0,0,3.6888794541139363
2019-11-01,54,alibaba/nacos,45,1,2020-10-01,-11,0,0,4.007333185232471
2019-12-01,54,alibaba/nacos,45,1,2020-10-01,-10,0,0,4.007333185232471
2020-01-01,75,alibaba/nacos,45,1,2020-10-01,-9,0,0,4.330733340286331
2020-02-01,33,alibaba/nacos,45,1,2020-10-01,-8,0,0,3.5263605246161616
2020-03-01,87,alibaba/nacos,45,1,2020-10-01,-7,0,0,4.477336814478207
2020-04-01,42,alibaba/nacos,45,1,2020-10-01,-6,0,0,3.7612001156935624
2020-05-01,190,alibaba/nacos,45,1,2020-10-01,-5,0,0,5.25227342804663
2020-06-01,175,alibaba/nacos,45,1,2020-10-01,-4,0,0,5.170483995038151
2020-07-01,97,alibaba/nacos,45,1,2020-10-01,-3,0,0,4.584967478670572
2020-08-01,62,alibaba/nacos,45,1,2020-10-01,-2,0,0,4.143134726391533
2020-09-01,86,alibaba/nacos,45,1,2020-10-01,-1,0,0,4.465908118654584
2020-11-01,82,alibaba/nacos,45,1,2020-10-01,1,1,1,4.418840607796598
2020-12-01,74,alibaba/nacos,45,1,2020-10-01,2,1,1,4.31748811353631
2021-01-01,81,alibaba/nacos,45,1,2020-10-01,3,1,1,4.406719247264253
2021-02-01,29,alibaba/nacos,45,1,2020-10-01,4,1,1,3.4011973816621555
2021-03-01,94,alibaba/nacos,45,1,2020-10-01,5,1,1,4.553876891600541
2021-04-01,83,alibaba/nacos,45,1,2020-10-01,6,1,1,4.430816798843313
2021-05-01,101,alibaba/nacos,45,1,2020-10-01,7,1,1,4.624972813284271
2021-06-01,89,alibaba/nacos,45,1,2020-10-01,8,1,1,4.499809670330265
2021-07-01,75,alibaba/nacos,45,1,2020-10-01,9,1,1,4.330733340286331
2021-08-01,50,alibaba/nacos,45,1,2020-10-01,10,1,1,3.9318256327243257
2021-09-01,24,alibaba/nacos,45,1,2020-10-01,11,1,1,3.2188758248682006
2021-10-01,18,alibaba/nacos,45,1,2020-10-01,12,1,1,2.9444389791664403
2021-02-01,0,jsdecena/laracom,51,1,2022-02-01,-12,0,0,0.0
2021-03-01,0,jsdecena/laracom,51,1,2022-02-01,-11,0,0,0.0
2021-04-01,3,jsdecena/laracom,51,1,2022-02-01,-10,0,0,1.3862943611198906
2021-05-01,6,jsdecena/laracom,51,1,2022-02-01,-9,0,0,1.9459101490553132
2021-06-01,23,jsdecena/laracom,51,1,2022-02-01,-8,0,0,3.1780538303479458
2021-07-01,5,jsdecena/laracom,51,1,2022-02-01,-7,0,0,1.791759469228055
2021-08-01,0,jsdecena/laracom,51,1,2022-02-01,-6,0,0,0.0
2021-09-01,17,jsdecena/laracom,51,1,2022-02-01,-5,0,0,2.8903717578961645
2021-10-01,6,jsdecena/laracom,51,1,2022-02-01,-4,0,0,1.9459101490553132
2021-11-01,4,jsdecena/laracom,51,1,2022-02-01,-3,0,0,1.6094379124341003
2021-12-01,0,jsdecena/laracom,51,1,2022-02-01,-2,0,0,0.0
2022-01-01,1,jsdecena/laracom,51,1,2022-02-01,-1,0,0,0.6931471805599453
2022-03-01,1,jsdecena/laracom,51,1,2022-02-01,1,1,1,0.6931471805599453
2022-04-01,0,jsdecena/laracom,51,1,2022-02-01,2,1,1,0.0
2022-05-01,1,jsdecena/laracom,51,1,2022-02-01,3,1,1,0.6931471805599453
2022-06-01,6,jsdecena/laracom,51,1,2022-02-01,4,1,1,1.9459101490553132
2022-07-01,1,jsdecena/laracom,51,1,2022-02-01,5,1,1,0.6931471805599453
2022-08-01,6,jsdecena/laracom,51,1,2022-02-01,6,1,1,1.9459101490553132
2022-09-01,0,jsdecena/laracom,51,1,2022-02-01,7,1,1,0.0
2022-10-01,0,jsdecena/laracom,51,1,2022-02-01,8,1,1,0.0
2022-11-01,0,jsdecena/laracom,51,1,2022-02-01,9,1,1,0.0
2022-12-01,0,jsdecena/laracom,51,1,2022-02-01,10,1,1,0.0
2023-01-01,7,jsdecena/laracom,51,1,2022-02-01,11,1,1,2.0794415416798357
2023-02-01,11,jsdecena/laracom,51,1,2022-02-01,12,1,1,2.4849066497880004
2021-02-01,0,summerblue/laravel-shop,51,0,2022-02-01,-12,0,0,0.0
2021-03-01,49,summerblue/laravel-shop,51,0,2022-02-01,-11,0,0,3.912023005428146
2021-04-01,0,summerblue/laravel-shop,51,0,2022-02-01,-10,0,0,0.0
2021-05-01,2,summerblue/laravel-shop,51,0,2022-02-01,-9,0,0,1.0986122886681096
2021-06-01,0,summerblue/laravel-shop,51,0,2022-02-01,-8,0,0,0.0
2021-07-01,0,summerblue/laravel-shop,51,0,2022-02-01,-7,0,0,0.0
2021-08-01,0,summerblue/laravel-shop,51,0,2022-02-01,-6,0,0,0.0
2021-09-01,0,summerblue/laravel-shop,51,0,2022-02-01,-5,0,0,0.0
2021-10-01,0,summerblue/laravel-shop,51,0,2022-02-01,-4,0,0,0.0
2021-11-01,0,summerblue/laravel-shop,51,0,2022-02-01,-3,0,0,0.0
2021-12-01,0,summerblue/laravel-shop,51,0,2022-02-01,-2,0,0,0.0
2022-01-01,0,summerblue/laravel-shop,51,0,2022-02-01,-1,0,0,0.0
2022-03-01,0,summerblue/laravel-shop,51,0,2022-02-01,1,1,0,0.0
2022-04-01,0,summerblue/laravel-shop,51,0,2022-02-01,2,1,0,0.0
2022-05-01,0,summerblue/laravel-shop,51,0,2022-02-01,3,1,0,0.0
2022-06-01,0,summerblue/laravel-shop,51,0,2022-02-01,4,1,0,0.0
2022-07-01,0,summerblue/laravel-shop,51,0,2022-02-01,5,1,0,0.0
2022-08-01,0,summerblue/laravel-shop,51,0,2022-02-01,6,1,0,0.0
2022-09-01,0,summerblue/laravel-shop,51,0,2022-02-01,7,1,0,0.0
2022-10-01,0,summerblue/laravel-shop,51,0,2022-02-01,8,1,0,0.0
2022-11-01,0,summerblue/laravel-shop,51,0,2022-02-01,9,1,0,0.0
2022-12-01,0,summerblue/laravel-shop,51,0,2022-02-01,10,1,0,0.0
2023-01-01,0,summerblue/laravel-shop,51,0,2022-02-01,11,1,0,0.0
2023-02-01,0,summerblue/laravel-shop,51,0,2022-02-01,12,1,0,0.0
2019-04-01,20,symfony/console,50,0,2020-04-01,-12,0,0,3.044522437723423
2019-05-01,31,symfony/console,50,0,2020-04-01,-11,0,0,3.4657359027997265
2019-06-01,22,symfony/console,50,0,2020-04-01,-10,0,0,3.1354942159291497
2019-07-01,37,symfony/console,50,0,2020-04-01,-9,0,0,3.6375861597263857
2019-08-01,112,symfony/console,50,0,2020-04-01,-8,0,0,4.727387818712341
2019-09-01,37,symfony/console,50,0,2020-04-01,-7,0,0,3.6375861597263857
2019-10-01,30,symfony/console,50,0,2020-04-01,-6,0,0,3.4339872044851463
2019-11-01,31,symfony/console,50,0,2020-04-01,-5,0,0,3.4657359027997265
2019-12-01,30,symfony/console,50,0,2020-04-01,-4,0,0,3.4339872044851463
2020-01-01,25,symfony/console,50,0,2020-04-01,-3,0,0,3.258096538021482
2020-02-01,27,symfony/console,50,0,2020-04-01,-2,0,0,3.332204510175204
2020-03-01,21,symfony/console,50,0,2020-04-01,-1,0,0,3.091042453358316
2020-05-01,26,symfony/console,50,0,2020-04-01,1,1,0,3.295836866004329
2020-06-01,28,symfony/console,50,0,2020-04-01,2,1,0,3.367295829986474
2020-07-01,21,symfony/console,50,0,2020-04-01,3,1,0,3.091042453358316
2020-08-01,29,symfony/console,50,0,2020-04-01,4,1,0,3.4011973816621555
2020-09-01,25,symfony/console,50,0,2020-04-01,5,1,0,3.258096538021482
2020-10-01,29,symfony/console,50,0,2020-04-01,6,1,0,3.4011973816621555
2020-11-01,21,symfony/console,50,0,2020-04-01,7,1,0,3.091042453358316
2020-12-01,25,symfony/console,50,0,2020-04-01,8,1,0,3.258096538021482
2021-01-01,61,symfony/console,50,0,2020-04-01,9,1,0,4.127134385045092
2021-02-01,14,symfony/console,50,0,2020-04-01,10,1,0,2.70805020110221
2021-03-01,30,symfony/console,50,0,2020-04-01,11,1,0,3.4339872044851463
2021-04-01,19,symfony/console,50,0,2020-04-01,12,1,0,2.995732273553991
2020-01-01,3,pingcap/talent-plan,52,0,2021-01-01,-12,0,0,1.3862943611198906
2020-02-01,16,pingcap/talent-plan,52,0,2021-01-01,-11,0,0,2.833213344056216
2020-03-01,5,pingcap/talent-plan,52,0,2021-01-01,-10,0,0,1.791759469228055
2020-04-01,5,pingcap/talent-plan,52,0,2021-01-01,-9,0,0,1.791759469228055
2020-05-01,9,pingcap/talent-plan,52,0,2021-01-01,-8,0,0,2.302585092994046
2020-06-01,4,pingcap/talent-plan,52,0,2021-01-01,-7,0,0,1.6094379124341003
2020-07-01,7,pingcap/talent-plan,52,0,2021-01-01,-6,0,0,2.0794415416798357
2020-08-01,0,pingcap/talent-plan,52,0,2021-01-01,-5,0,0,0.0
2020-09-01,0,pingcap/talent-plan,52,0,2021-01-01,-4,0,0,0.0
2020-10-01,0,pingcap/talent-plan,52,0,2021-01-01,-3,0,0,0.0
2020-11-01,0,pingcap/talent-plan,52,0,2021-01-01,-2,0,0,0.0
2020-12-01,0,pingcap/talent-plan,52,0,2021-01-01,-1,0,0,0.0
2021-02-01,4,pingcap/talent-plan,52,0,2021-01-01,1,1,0,1.6094379124341003
2021-03-01,0,pingcap/talent-plan,52,0,2021-01-01,2,1,0,0.0
2021-04-01,1,pingcap/talent-plan,52,0,2021-01-01,3,1,0,0.6931471805599453
2021-05-01,0,pingcap/talent-plan,52,0,2021-01-01,4,1,0,0.0
2021-06-01,3,pingcap/talent-plan,52,0,2021-01-01,5,1,0,1.3862943611198906
2021-07-01,4,pingcap/talent-plan,52,0,2021-01-01,6,1,0,1.6094379124341003
2021-08-01,4,pingcap/talent-plan,52,0,2021-01-01,7,1,0,1.6094379124341003
2021-09-01,2,pingcap/talent-plan,52,0,2021-01-01,8,1,0,1.0986122886681096
2021-10-01,1,pingcap/talent-plan,52,0,2021-01-01,9,1,0,0.6931471805599453
2021-11-01,1,pingcap/talent-plan,52,0,2021-01-01,10,1,0,0.6931471805599453
2021-12-01,1,pingcap/talent-plan,52,0,2021-01-01,11,1,0,0.6931471805599453
2022-01-01,0,pingcap/talent-plan,52,0,2021-01-01,12,1,0,0.0
2020-04-01,0,bkeepers/dotenv,53,1,2021-04-01,-12,0,0,0.0
2020-05-01,0,bkeepers/dotenv,53,1,2021-04-01,-11,0,0,0.0
2020-06-01,1,bkeepers/dotenv,53,1,2021-04-01,-10,0,0,0.6931471805599453
2020-07-01,3,bkeepers/dotenv,53,1,2021-04-01,-9,0,0,1.3862943611198906
2020-08-01,0,bkeepers/dotenv,53,1,2021-04-01,-8,0,0,0.0
2020-09-01,0,bkeepers/dotenv,53,1,2021-04-01,-7,0,0,0.0
2020-10-01,2,bkeepers/dotenv,53,1,2021-04-01,-6,0,0,1.0986122886681096
2020-11-01,0,bkeepers/dotenv,53,1,2021-04-01,-5,0,0,0.0
2020-12-01,0,bkeepers/dotenv,53,1,2021-04-01,-4,0,0,0.0
2021-01-01,2,bkeepers/dotenv,53,1,2021-04-01,-3,0,0,1.0986122886681096
2021-02-01,0,bkeepers/dotenv,53,1,2021-04-01,-2,0,0,0.0
2021-03-01,0,bkeepers/dotenv,53,1,2021-04-01,-1,0,0,0.0
2021-05-01,1,bkeepers/dotenv,53,1,2021-04-01,1,1,1,0.6931471805599453
2021-06-01,2,bkeepers/dotenv,53,1,2021-04-01,2,1,1,1.0986122886681096
2021-07-01,0,bkeepers/dotenv,53,1,2021-04-01,3,1,1,0.0
2021-08-01,0,bkeepers/dotenv,53,1,2021-04-01,4,1,1,0.0
2021-09-01,0,bkeepers/dotenv,53,1,2021-04-01,5,1,1,0.0
2021-10-01,0,bkeepers/dotenv,53,1,2021-04-01,6,1,1,0.0
2021-11-01,0,bkeepers/dotenv,53,1,2021-04-01,7,1,1,0.0
2021-12-01,0,bkeepers/dotenv,53,1,2021-04-01,8,1,1,0.0
2022-01-01,0,bkeepers/dotenv,53,1,2021-04-01,9,1,1,0.0
2022-02-01,0,bkeepers/dotenv,53,1,2021-04-01,10,1,1,0.0
2022-03-01,2,bkeepers/dotenv,53,1,2021-04-01,11,1,1,1.0986122886681096
2022-04-01,4,bkeepers/dotenv,53,1,2021-04-01,12,1,1,1.6094379124341003
2020-01-01,8,benfred/py-spy,52,1,2021-01-01,-12,0,0,2.1972245773362196
2020-02-01,13,benfred/py-spy,52,1,2021-01-01,-11,0,0,2.639057329615259
2020-03-01,0,benfred/py-spy,52,1,2021-01-01,-10,0,0,0.0
2020-04-01,2,benfred/py-spy,52,1,2021-01-01,-9,0,0,1.0986122886681096
2020-05-01,9,benfred/py-spy,52,1,2021-01-01,-8,0,0,2.302585092994046
2020-06-01,29,benfred/py-spy,52,1,2021-01-01,-7,0,0,3.4011973816621555
2020-07-01,0,benfred/py-spy,52,1,2021-01-01,-6,0,0,0.0
2020-08-01,0,benfred/py-spy,52,1,2021-01-01,-5,0,0,0.0
2020-09-01,5,benfred/py-spy,52,1,2021-01-01,-4,0,0,1.791759469228055
2020-10-01,6,benfred/py-spy,52,1,2021-01-01,-3,0,0,1.9459101490553132
2020-11-01,6,benfred/py-spy,52,1,2021-01-01,-2,0,0,1.9459101490553132
2020-12-01,1,benfred/py-spy,52,1,2021-01-01,-1,0,0,0.6931471805599453
2021-02-01,2,benfred/py-spy,52,1,2021-01-01,1,1,1,1.0986122886681096
2021-03-01,11,benfred/py-spy,52,1,2021-01-01,2,1,1,2.4849066497880004
2021-04-01,10,benfred/py-spy,52,1,2021-01-01,3,1,1,2.3978952727983707
2021-05-01,13,benfred/py-spy,52,1,2021-01-01,4,1,1,2.639057329615259
2021-06-01,6,benfred/py-spy,52,1,2021-01-01,5,1,1,1.9459101490553132
2021-07-01,6,benfred/py-spy,52,1,2021-01-01,6,1,1,1.9459101490553132
2021-08-01,9,benfred/py-spy,52,1,2021-01-01,7,1,1,2.302585092994046
2021-09-01,11,benfred/py-spy,52,1,2021-01-01,8,1,1,2.4849066497880004
2021-10-01,4,benfred/py-spy,52,1,2021-01-01,9,1,1,1.6094379124341003
2021-11-01,6,benfred/py-spy,52,1,2021-01-01,10,1,1,1.9459101490553132
2021-12-01,1,benfred/py-spy,52,1,2021-01-01,11,1,1,0.6931471805599453
2022-01-01,3,benfred/py-spy,52,1,2021-01-01,12,1,1,1.3862943611198906
2020-04-01,3,square/maximum-awesome,53,0,2021-04-01,-12,0,0,1.3862943611198906
2020-05-01,0,square/maximum-awesome,53,0,2021-04-01,-11,0,0,0.0
2020-06-01,0,square/maximum-awesome,53,0,2021-04-01,-10,0,0,0.0
2020-07-01,0,square/maximum-awesome,53,0,2021-04-01,-9,0,0,0.0
2020-08-01,0,square/maximum-awesome,53,0,2021-04-01,-8,0,0,0.0
2020-09-01,0,square/maximum-awesome,53,0,2021-04-01,-7,0,0,0.0
2020-10-01,0,square/maximum-awesome,53,0,2021-04-01,-6,0,0,0.0
2020-11-01,0,square/maximum-awesome,53,0,2021-04-01,-5,0,0,0.0
2020-12-01,0,square/maximum-awesome,53,0,2021-04-01,-4,0,0,0.0
2021-01-01,0,square/maximum-awesome,53,0,2021-04-01,-3,0,0,0.0
2021-02-01,0,square/maximum-awesome,53,0,2021-04-01,-2,0,0,0.0
2021-03-01,4,square/maximum-awesome,53,0,2021-04-01,-1,0,0,1.6094379124341003
2021-05-01,0,square/maximum-awesome,53,0,2021-04-01,1,1,0,0.0
2021-06-01,0,square/maximum-awesome,53,0,2021-04-01,2,1,0,0.0
2021-07-01,0,square/maximum-awesome,53,0,2021-04-01,3,1,0,0.0
2021-08-01,0,square/maximum-awesome,53,0,2021-04-01,4,1,0,0.0
2021-09-01,0,square/maximum-awesome,53,0,2021-04-01,5,1,0,0.0
2021-10-01,0,square/maximum-awesome,53,0,2021-04-01,6,1,0,0.0
2021-11-01,0,square/maximum-awesome,53,0,2021-04-01,7,1,0,0.0
2021-12-01,0,square/maximum-awesome,53,0,2021-04-01,8,1,0,0.0
2022-01-01,0,square/maximum-awesome,53,0,2021-04-01,9,1,0,0.0
2022-02-01,0,square/maximum-awesome,53,0,2021-04-01,10,1,0,0.0
2022-03-01,0,square/maximum-awesome,53,0,2021-04-01,11,1,0,0.0
2022-04-01,0,square/maximum-awesome,53,0,2021-04-01,12,1,0,0.0
2020-03-01,3,johnxnguyen/Down,54,1,2021-03-01,-12,0,0,1.3862943611198906
2020-04-01,1,johnxnguyen/Down,54,1,2021-03-01,-11,0,0,0.6931471805599453
2020-05-01,0,johnxnguyen/Down,54,1,2021-03-01,-10,0,0,0.0
2020-06-01,5,johnxnguyen/Down,54,1,2021-03-01,-9,0,0,1.791759469228055
2020-07-01,0,johnxnguyen/Down,54,1,2021-03-01,-8,0,0,0.0
2020-08-01,1,johnxnguyen/Down,54,1,2021-03-01,-7,0,0,0.6931471805599453
2020-09-01,0,johnxnguyen/Down,54,1,2021-03-01,-6,0,0,0.0
2020-10-01,6,johnxnguyen/Down,54,1,2021-03-01,-5,0,0,1.9459101490553132
2020-11-01,0,johnxnguyen/Down,54,1,2021-03-01,-4,0,0,0.0
2020-12-01,1,johnxnguyen/Down,54,1,2021-03-01,-3,0,0,0.6931471805599453
2021-01-01,0,johnxnguyen/Down,54,1,2021-03-01,-2,0,0,0.0
2021-02-01,10,johnxnguyen/Down,54,1,2021-03-01,-1,0,0,2.3978952727983707
2021-04-01,1,johnxnguyen/Down,54,1,2021-03-01,1,1,1,0.6931471805599453
2021-05-01,2,johnxnguyen/Down,54,1,2021-03-01,2,1,1,1.0986122886681096
2021-06-01,0,johnxnguyen/Down,54,1,2021-03-01,3,1,1,0.0
2021-07-01,1,johnxnguyen/Down,54,1,2021-03-01,4,1,1,0.6931471805599453
2021-08-01,3,johnxnguyen/Down,54,1,2021-03-01,5,1,1,1.3862943611198906
2021-09-01,0,johnxnguyen/Down,54,1,2021-03-01,6,1,1,0.0
2021-10-01,1,johnxnguyen/Down,54,1,2021-03-01,7,1,1,0.6931471805599453
2021-11-01,0,johnxnguyen/Down,54,1,2021-03-01,8,1,1,0.0
2021-12-01,0,johnxnguyen/Down,54,1,2021-03-01,9,1,1,0.0
2022-01-01,0,johnxnguyen/Down,54,1,2021-03-01,10,1,1,0.0
2022-02-01,0,johnxnguyen/Down,54,1,2021-03-01,11,1,1,0.0
2022-03-01,0,johnxnguyen/Down,54,1,2021-03-01,12,1,1,0.0
2020-03-01,2,swiftlang/swift-corelibs-libdispatch,54,0,2021-03-01,-12,0,0,1.0986122886681096
2020-04-01,0,swiftlang/swift-corelibs-libdispatch,54,0,2021-03-01,-11,0,0,0.0
2020-05-01,6,swiftlang/swift-corelibs-libdispatch,54,0,2021-03-01,-10,0,0,1.9459101490553132
2020-06-01,1,swiftlang/swift-corelibs-libdispatch,54,0,2021-03-01,-9,0,0,0.6931471805599453
2020-07-01,0,swiftlang/swift-corelibs-libdispatch,54,0,2021-03-01,-8,0,0,0.0
2020-08-01,4,swiftlang/swift-corelibs-libdispatch,54,0,2021-03-01,-7,0,0,1.6094379124341003
2020-09-01,0,swiftlang/swift-corelibs-libdispatch,54,0,2021-03-01,-6,0,0,0.0
2020-10-01,0,swiftlang/swift-corelibs-libdispatch,54,0,2021-03-01,-5,0,0,0.0
2020-11-01,1,swiftlang/swift-corelibs-libdispatch,54,0,2021-03-01,-4,0,0,0.6931471805599453
2020-12-01,1,swiftlang/swift-corelibs-libdispatch,54,0,2021-03-01,-3,0,0,0.6931471805599453
2021-01-01,1,swiftlang/swift-corelibs-libdispatch,54,0,2021-03-01,-2,0,0,0.6931471805599453
2021-02-01,1,swiftlang/swift-corelibs-libdispatch,54,0,2021-03-01,-1,0,0,0.6931471805599453
2021-04-01,0,swiftlang/swift-corelibs-libdispatch,54,0,2021-03-01,1,1,0,0.0
2021-05-01,0,swiftlang/swift-corelibs-libdispatch,54,0,2021-03-01,2,1,0,0.0
2021-06-01,0,swiftlang/swift-corelibs-libdispatch,54,0,2021-03-01,3,1,0,0.0
2021-07-01,2,swiftlang/swift-corelibs-libdispatch,54,0,2021-03-01,4,1,0,1.0986122886681096
2021-08-01,5,swiftlang/swift-corelibs-libdispatch,54,0,2021-03-01,5,1,0,1.791759469228055
2021-09-01,7,swiftlang/swift-corelibs-libdispatch,54,0,2021-03-01,6,1,0,2.0794415416798357
2021-10-01,2,swiftlang/swift-corelibs-libdispatch,54,0,2021-03-01,7,1,0,1.0986122886681096
2021-11-01,8,swiftlang/swift-corelibs-libdispatch,54,0,2021-03-01,8,1,0,2.1972245773362196
2021-12-01,1,swiftlang/swift-corelibs-libdispatch,54,0,2021-03-01,9,1,0,0.6931471805599453
2022-01-01,1,swiftlang/swift-corelibs-libdispatch,54,0,2021-03-01,10,1,0,0.6931471805599453
2022-02-01,4,swiftlang/swift-corelibs-libdispatch,54,0,2021-03-01,11,1,0,1.6094379124341003
2022-03-01,2,swiftlang/swift-corelibs-libdispatch,54,0,2021-03-01,12,1,0,1.0986122886681096
2021-06-01,2,tilo/smarter_csv,55,1,2022-06-01,-12,0,0,1.0986122886681096
2021-07-01,0,tilo/smarter_csv,55,1,2022-06-01,-11,0,0,0.0
2021-08-01,0,tilo/smarter_csv,55,1,2022-06-01,-10,0,0,0.0
2021-09-01,0,tilo/smarter_csv,55,1,2022-06-01,-9,0,0,0.0
2021-10-01,0,tilo/smarter_csv,55,1,2022-06-01,-8,0,0,0.0
2021-11-01,1,tilo/smarter_csv,55,1,2022-06-01,-7,0,0,0.6931471805599453
2021-12-01,0,tilo/smarter_csv,55,1,2022-06-01,-6,0,0,0.0
2022-01-01,0,tilo/smarter_csv,55,1,2022-06-01,-5,0,0,0.0
2022-02-01,16,tilo/smarter_csv,55,1,2022-06-01,-4,0,0,2.833213344056216
2022-03-01,0,tilo/smarter_csv,55,1,2022-06-01,-3,0,0,0.0
2022-04-01,7,tilo/smarter_csv,55,1,2022-06-01,-2,0,0,2.0794415416798357
2022-05-01,5,tilo/smarter_csv,55,1,2022-06-01,-1,0,0,1.791759469228055
2022-07-01,7,tilo/smarter_csv,55,1,2022-06-01,1,1,1,2.0794415416798357
2022-08-01,7,tilo/smarter_csv,55,1,2022-06-01,2,1,1,2.0794415416798357
2022-09-01,1,tilo/smarter_csv,55,1,2022-06-01,3,1,1,0.6931471805599453
2022-10-01,0,tilo/smarter_csv,55,1,2022-06-01,4,1,1,0.0
2022-11-01,0,tilo/smarter_csv,55,1,2022-06-01,5,1,1,0.0
2022-12-01,2,tilo/smarter_csv,55,1,2022-06-01,6,1,1,1.0986122886681096
2023-01-01,3,tilo/smarter_csv,55,1,2022-06-01,7,1,1,1.3862943611198906
2023-02-01,0,tilo/smarter_csv,55,1,2022-06-01,8,1,1,0.0
2023-03-01,11,tilo/smarter_csv,55,1,2022-06-01,9,1,1,2.4849066497880004
2023-04-01,1,tilo/smarter_csv,55,1,2022-06-01,10,1,1,0.6931471805599453
2023-05-01,0,tilo/smarter_csv,55,1,2022-06-01,11,1,1,0.0
2023-06-01,2,tilo/smarter_csv,55,1,2022-06-01,12,1,1,1.0986122886681096
2021-06-01,0,mlandauer/cuttlefish,55,0,2022-06-01,-12,0,0,0.0
2021-07-01,0,mlandauer/cuttlefish,55,0,2022-06-01,-11,0,0,0.0
2021-08-01,2,mlandauer/cuttlefish,55,0,2022-06-01,-10,0,0,1.0986122886681096
2021-09-01,0,mlandauer/cuttlefish,55,0,2022-06-01,-9,0,0,0.0
2021-10-01,0,mlandauer/cuttlefish,55,0,2022-06-01,-8,0,0,0.0
2021-11-01,44,mlandauer/cuttlefish,55,0,2022-06-01,-7,0,0,3.8066624897703196
2021-12-01,0,mlandauer/cuttlefish,55,0,2022-06-01,-6,0,0,0.0
2022-01-01,0,mlandauer/cuttlefish,55,0,2022-06-01,-5,0,0,0.0
2022-02-01,0,mlandauer/cuttlefish,55,0,2022-06-01,-4,0,0,0.0
2022-03-01,0,mlandauer/cuttlefish,55,0,2022-06-01,-3,0,0,0.0
2022-04-01,0,mlandauer/cuttlefish,55,0,2022-06-01,-2,0,0,0.0
2022-05-01,0,mlandauer/cuttlefish,55,0,2022-06-01,-1,0,0,0.0
2022-07-01,0,mlandauer/cuttlefish,55,0,2022-06-01,1,1,0,0.0
2022-08-01,0,mlandauer/cuttlefish,55,0,2022-06-01,2,1,0,0.0
2022-09-01,0,mlandauer/cuttlefish,55,0,2022-06-01,3,1,0,0.0
2022-10-01,0,mlandauer/cuttlefish,55,0,2022-06-01,4,1,0,0.0
2022-11-01,0,mlandauer/cuttlefish,55,0,2022-06-01,5,1,0,0.0
2022-12-01,0,mlandauer/cuttlefish,55,0,2022-06-01,6,1,0,0.0
2023-01-01,0,mlandauer/cuttlefish,55,0,2022-06-01,7,1,0,0.0
2023-02-01,0,mlandauer/cuttlefish,55,0,2022-06-01,8,1,0,0.0
2023-03-01,0,mlandauer/cuttlefish,55,0,2022-06-01,9,1,0,0.0
2023-04-01,0,mlandauer/cuttlefish,55,0,2022-06-01,10,1,0,0.0
2023-05-01,0,mlandauer/cuttlefish,55,0,2022-06-01,11,1,0,0.0
2023-06-01,0,mlandauer/cuttlefish,55,0,2022-06-01,12,1,0,0.0
2020-04-01,0,kardianos/service,56,0,2021-04-01,-12,0,0,0.0
2020-05-01,0,kardianos/service,56,0,2021-04-01,-11,0,0,0.0
2020-06-01,11,kardianos/service,56,0,2021-04-01,-10,0,0,2.4849066497880004
2020-07-01,0,kardianos/service,56,0,2021-04-01,-9,0,0,0.0
2020-08-01,0,kardianos/service,56,0,2021-04-01,-8,0,0,0.0
2020-09-01,0,kardianos/service,56,0,2021-04-01,-7,0,0,0.0
2020-10-01,1,kardianos/service,56,0,2021-04-01,-6,0,0,0.6931471805599453
2020-11-01,7,kardianos/service,56,0,2021-04-01,-5,0,0,2.0794415416798357
2020-12-01,1,kardianos/service,56,0,2021-04-01,-4,0,0,0.6931471805599453
2021-01-01,0,kardianos/service,56,0,2021-04-01,-3,0,0,0.0
2021-02-01,0,kardianos/service,56,0,2021-04-01,-2,0,0,0.0
2021-03-01,0,kardianos/service,56,0,2021-04-01,-1,0,0,0.0
2021-05-01,0,kardianos/service,56,0,2021-04-01,1,1,0,0.0
2021-06-01,8,kardianos/service,56,0,2021-04-01,2,1,0,2.1972245773362196
2021-07-01,1,kardianos/service,56,0,2021-04-01,3,1,0,0.6931471805599453
2021-08-01,0,kardianos/service,56,0,2021-04-01,4,1,0,0.0
2021-09-01,0,kardianos/service,56,0,2021-04-01,5,1,0,0.0
2021-10-01,0,kardianos/service,56,0,2021-04-01,6,1,0,0.0
2021-11-01,2,kardianos/service,56,0,2021-04-01,7,1,0,1.0986122886681096
2021-12-01,0,kardianos/service,56,0,2021-04-01,8,1,0,0.0
2022-01-01,1,kardianos/service,56,0,2021-04-01,9,1,0,0.6931471805599453
2022-02-01,0,kardianos/service,56,0,2021-04-01,10,1,0,0.0
2022-03-01,0,kardianos/service,56,0,2021-04-01,11,1,0,0.0
2022-04-01,5,kardianos/service,56,0,2021-04-01,12,1,0,1.791759469228055
2020-04-01,2,go-mysql-org/go-mysql,56,1,2021-04-01,-12,0,0,1.0986122886681096
2020-05-01,5,go-mysql-org/go-mysql,56,1,2021-04-01,-11,0,0,1.791759469228055
2020-06-01,3,go-mysql-org/go-mysql,56,1,2021-04-01,-10,0,0,1.3862943611198906
2020-07-01,4,go-mysql-org/go-mysql,56,1,2021-04-01,-9,0,0,1.6094379124341003
2020-08-01,6,go-mysql-org/go-mysql,56,1,2021-04-01,-8,0,0,1.9459101490553132
2020-09-01,0,go-mysql-org/go-mysql,56,1,2021-04-01,-7,0,0,0.0
2020-10-01,2,go-mysql-org/go-mysql,56,1,2021-04-01,-6,0,0,1.0986122886681096
2020-11-01,2,go-mysql-org/go-mysql,56,1,2021-04-01,-5,0,0,1.0986122886681096
2020-12-01,0,go-mysql-org/go-mysql,56,1,2021-04-01,-4,0,0,0.0
2021-01-01,0,go-mysql-org/go-mysql,56,1,2021-04-01,-3,0,0,0.0
2021-02-01,1,go-mysql-org/go-mysql,56,1,2021-04-01,-2,0,0,0.6931471805599453
2021-03-01,0,go-mysql-org/go-mysql,56,1,2021-04-01,-1,0,0,0.0
2021-05-01,8,go-mysql-org/go-mysql,56,1,2021-04-01,1,1,1,2.1972245773362196
2021-06-01,33,go-mysql-org/go-mysql,56,1,2021-04-01,2,1,1,3.5263605246161616
2021-07-01,7,go-mysql-org/go-mysql,56,1,2021-04-01,3,1,1,2.0794415416798357
2021-08-01,11,go-mysql-org/go-mysql,56,1,2021-04-01,4,1,1,2.4849066497880004
2021-09-01,12,go-mysql-org/go-mysql,56,1,2021-04-01,5,1,1,2.5649493574615367
2021-10-01,10,go-mysql-org/go-mysql,56,1,2021-04-01,6,1,1,2.3978952727983707
2021-11-01,20,go-mysql-org/go-mysql,56,1,2021-04-01,7,1,1,3.044522437723423
2021-12-01,21,go-mysql-org/go-mysql,56,1,2021-04-01,8,1,1,3.091042453358316
2022-01-01,22,go-mysql-org/go-mysql,56,1,2021-04-01,9,1,1,3.1354942159291497
2022-02-01,16,go-mysql-org/go-mysql,56,1,2021-04-01,10,1,1,2.833213344056216
2022-03-01,14,go-mysql-org/go-mysql,56,1,2021-04-01,11,1,1,2.70805020110221
2022-04-01,8,go-mysql-org/go-mysql,56,1,2021-04-01,12,1,1,2.1972245773362196
2019-07-01,0,godotengine/godot,39,1,2020-07-01,-12,0,0,0.0
2019-08-01,0,godotengine/godot,39,1,2020-07-01,-11,0,0,0.0
2019-09-01,0,godotengine/godot,39,1,2020-07-01,-10,0,0,0.0
2019-10-01,0,godotengine/godot,39,1,2020-07-01,-9,0,0,0.0
2019-11-01,0,godotengine/godot,39,1,2020-07-01,-8,0,0,0.0
2019-12-01,0,godotengine/godot,39,1,2020-07-01,-7,0,0,0.0
2020-01-01,0,godotengine/godot,39,1,2020-07-01,-6,0,0,0.0
2020-02-01,0,godotengine/godot,39,1,2020-07-01,-5,0,0,0.0
2020-03-01,0,godotengine/godot,39,1,2020-07-01,-4,0,0,0.0
2020-04-01,0,godotengine/godot,39,1,2020-07-01,-3,0,0,0.0
2020-05-01,0,godotengine/godot,39,1,2020-07-01,-2,0,0,0.0
2020-06-01,0,godotengine/godot,39,1,2020-07-01,-1,0,0,0.0
2020-08-01,0,godotengine/godot,39,1,2020-07-01,1,1,1,0.0
2020-09-01,0,godotengine/godot,39,1,2020-07-01,2,1,1,0.0
2020-10-01,0,godotengine/godot,39,1,2020-07-01,3,1,1,0.0
2020-11-01,281,godotengine/godot,39,1,2020-07-01,4,1,1,5.641907070938114
2020-12-01,589,godotengine/godot,39,1,2020-07-01,5,1,1,6.380122536899765
2021-01-01,464,godotengine/godot,39,1,2020-07-01,6,1,1,6.142037405587356
2021-02-01,644,godotengine/godot,39,1,2020-07-01,7,1,1,6.4692503167957724
2021-03-01,609,godotengine/godot,39,1,2020-07-01,8,1,1,6.413458957167357
2021-04-01,440,godotengine/godot,39,1,2020-07-01,9,1,1,6.089044875446846
2021-05-01,574,godotengine/godot,39,1,2020-07-01,10,1,1,6.354370040797351
2021-06-01,643,godotengine/godot,39,1,2020-07-01,11,1,1,6.467698726104354
2021-07-01,756,godotengine/godot,39,1,2020-07-01,12,1,1,6.6293632534374485
2019-02-01,13,winfsp/winfsp,57,1,2020-02-01,-12,0,0,2.639057329615259
2019-03-01,67,winfsp/winfsp,57,1,2020-02-01,-11,0,0,4.219507705176107
2019-04-01,29,winfsp/winfsp,57,1,2020-02-01,-10,0,0,3.4011973816621555
2019-05-01,3,winfsp/winfsp,57,1,2020-02-01,-9,0,0,1.3862943611198906
2019-06-01,26,winfsp/winfsp,57,1,2020-02-01,-8,0,0,3.295836866004329
2019-07-01,5,winfsp/winfsp,57,1,2020-02-01,-7,0,0,1.791759469228055
2019-08-01,8,winfsp/winfsp,57,1,2020-02-01,-6,0,0,2.1972245773362196
2019-09-01,23,winfsp/winfsp,57,1,2020-02-01,-5,0,0,3.1780538303479458
2019-10-01,18,winfsp/winfsp,57,1,2020-02-01,-4,0,0,2.9444389791664403
2019-11-01,9,winfsp/winfsp,57,1,2020-02-01,-3,0,0,2.302585092994046
2019-12-01,4,winfsp/winfsp,57,1,2020-02-01,-2,0,0,1.6094379124341003
2020-01-01,16,winfsp/winfsp,57,1,2020-02-01,-1,0,0,2.833213344056216
2020-03-01,9,winfsp/winfsp,57,1,2020-02-01,1,1,1,2.302585092994046
2020-04-01,17,winfsp/winfsp,57,1,2020-02-01,2,1,1,2.8903717578961645
2020-05-01,12,winfsp/winfsp,57,1,2020-02-01,3,1,1,2.5649493574615367
2020-06-01,6,winfsp/winfsp,57,1,2020-02-01,4,1,1,1.9459101490553132
2020-07-01,6,winfsp/winfsp,57,1,2020-02-01,5,1,1,1.9459101490553132
2020-08-01,6,winfsp/winfsp,57,1,2020-02-01,6,1,1,1.9459101490553132
2020-09-01,1,winfsp/winfsp,57,1,2020-02-01,7,1,1,0.6931471805599453
2020-10-01,33,winfsp/winfsp,57,1,2020-02-01,8,1,1,3.5263605246161616
2020-11-01,10,winfsp/winfsp,57,1,2020-02-01,9,1,1,2.3978952727983707
2020-12-01,12,winfsp/winfsp,57,1,2020-02-01,10,1,1,2.5649493574615367
2021-01-01,7,winfsp/winfsp,57,1,2020-02-01,11,1,1,2.0794415416798357
2021-02-01,1,winfsp/winfsp,57,1,2020-02-01,12,1,1,0.6931471805599453
2019-07-01,0,v8/v8,39,0,2020-07-01,-12,0,0,0.0
2019-08-01,0,v8/v8,39,0,2020-07-01,-11,0,0,0.0
2019-09-01,0,v8/v8,39,0,2020-07-01,-10,0,0,0.0
2019-10-01,0,v8/v8,39,0,2020-07-01,-9,0,0,0.0
2019-11-01,0,v8/v8,39,0,2020-07-01,-8,0,0,0.0
2019-12-01,0,v8/v8,39,0,2020-07-01,-7,0,0,0.0
2020-01-01,0,v8/v8,39,0,2020-07-01,-6,0,0,0.0
2020-02-01,0,v8/v8,39,0,2020-07-01,-5,0,0,0.0
2020-03-01,0,v8/v8,39,0,2020-07-01,-4,0,0,0.0
2020-04-01,0,v8/v8,39,0,2020-07-01,-3,0,0,0.0
2020-05-01,0,v8/v8,39,0,2020-07-01,-2,0,0,0.0
2020-06-01,0,v8/v8,39,0,2020-07-01,-1,0,0,0.0
2020-08-01,0,v8/v8,39,0,2020-07-01,1,1,0,0.0
2020-09-01,0,v8/v8,39,0,2020-07-01,2,1,0,0.0
2020-10-01,0,v8/v8,39,0,2020-07-01,3,1,0,0.0
2020-11-01,482,v8/v8,39,0,2020-07-01,4,1,0,6.180016653652572
2020-12-01,389,v8/v8,39,0,2020-07-01,5,1,0,5.966146739123692
2021-01-01,553,v8/v8,39,0,2020-07-01,6,1,0,6.317164686747284
2021-02-01,636,v8/v8,39,0,2020-07-01,7,1,0,6.456769655572163
2021-03-01,674,v8/v8,39,0,2020-07-01,8,1,0,6.51471269087253
2021-04-01,550,v8/v8,39,0,2020-07-01,9,1,0,6.311734809152915
2021-05-01,558,v8/v8,39,0,2020-07-01,10,1,0,6.326149473155099
2021-06-01,624,v8/v8,39,0,2020-07-01,11,1,0,6.437751649736401
2021-07-01,534,v8/v8,39,0,2020-07-01,12,1,0,6.282266746896006
2019-05-01,2,trojan-gfw/trojan,58,0,2020-05-01,-12,0,0,1.0986122886681096
2019-06-01,7,trojan-gfw/trojan,58,0,2020-05-01,-11,0,0,2.0794415416798357
2019-07-01,0,trojan-gfw/trojan,58,0,2020-05-01,-10,0,0,0.0
2019-08-01,6,trojan-gfw/trojan,58,0,2020-05-01,-9,0,0,1.9459101490553132
2019-09-01,13,trojan-gfw/trojan,58,0,2020-05-01,-8,0,0,2.639057329615259
2019-10-01,4,trojan-gfw/trojan,58,0,2020-05-01,-7,0,0,1.6094379124341003
2019-11-01,0,trojan-gfw/trojan,58,0,2020-05-01,-6,0,0,0.0
2019-12-01,13,trojan-gfw/trojan,58,0,2020-05-01,-5,0,0,2.639057329615259
2020-01-01,12,trojan-gfw/trojan,58,0,2020-05-01,-4,0,0,2.5649493574615367
2020-02-01,10,trojan-gfw/trojan,58,0,2020-05-01,-3,0,0,2.3978952727983707
2020-03-01,10,trojan-gfw/trojan,58,0,2020-05-01,-2,0,0,2.3978952727983707
2020-04-01,8,trojan-gfw/trojan,58,0,2020-05-01,-1,0,0,2.1972245773362196
2020-06-01,4,trojan-gfw/trojan,58,0,2020-05-01,1,1,0,1.6094379124341003
2020-07-01,1,trojan-gfw/trojan,58,0,2020-05-01,2,1,0,0.6931471805599453
2020-08-01,0,trojan-gfw/trojan,58,0,2020-05-01,3,1,0,0.0
2020-09-01,0,trojan-gfw/trojan,58,0,2020-05-01,4,1,0,0.0
2020-10-01,0,trojan-gfw/trojan,58,0,2020-05-01,5,1,0,0.0
2020-11-01,5,trojan-gfw/trojan,58,0,2020-05-01,6,1,0,1.791759469228055
2020-12-01,0,trojan-gfw/trojan,58,0,2020-05-01,7,1,0,0.0
2021-01-01,0,trojan-gfw/trojan,58,0,2020-05-01,8,1,0,0.0
2021-02-01,0,trojan-gfw/trojan,58,0,2020-05-01,9,1,0,0.0
2021-03-01,0,trojan-gfw/trojan,58,0,2020-05-01,10,1,0,0.0
2021-04-01,0,trojan-gfw/trojan,58,0,2020-05-01,11,1,0,0.0
2021-05-01,0,trojan-gfw/trojan,58,0,2020-05-01,12,1,0,0.0
2020-01-01,0,php-ds/ext-ds,59,1,2021-01-01,-12,0,0,0.0
2020-02-01,0,php-ds/ext-ds,59,1,2021-01-01,-11,0,0,0.0
2020-03-01,2,php-ds/ext-ds,59,1,2021-01-01,-10,0,0,1.0986122886681096
2020-04-01,0,php-ds/ext-ds,59,1,2021-01-01,-9,0,0,0.0
2020-05-01,0,php-ds/ext-ds,59,1,2021-01-01,-8,0,0,0.0
2020-06-01,0,php-ds/ext-ds,59,1,2021-01-01,-7,0,0,0.0
2020-07-01,0,php-ds/ext-ds,59,1,2021-01-01,-6,0,0,0.0
2020-08-01,0,php-ds/ext-ds,59,1,2021-01-01,-5,0,0,0.0
2020-09-01,3,php-ds/ext-ds,59,1,2021-01-01,-4,0,0,1.3862943611198906
2020-10-01,10,php-ds/ext-ds,59,1,2021-01-01,-3,0,0,2.3978952727983707
2020-11-01,3,php-ds/ext-ds,59,1,2021-01-01,-2,0,0,1.3862943611198906
2020-12-01,1,php-ds/ext-ds,59,1,2021-01-01,-1,0,0,0.6931471805599453
2021-02-01,0,php-ds/ext-ds,59,1,2021-01-01,1,1,1,0.0
2021-03-01,0,php-ds/ext-ds,59,1,2021-01-01,2,1,1,0.0
2021-04-01,0,php-ds/ext-ds,59,1,2021-01-01,3,1,1,0.0
2021-05-01,0,php-ds/ext-ds,59,1,2021-01-01,4,1,1,0.0
2021-06-01,0,php-ds/ext-ds,59,1,2021-01-01,5,1,1,0.0
2021-07-01,0,php-ds/ext-ds,59,1,2021-01-01,6,1,1,0.0
2021-08-01,0,php-ds/ext-ds,59,1,2021-01-01,7,1,1,0.0
2021-09-01,2,php-ds/ext-ds,59,1,2021-01-01,8,1,1,1.0986122886681096
2021-10-01,17,php-ds/ext-ds,59,1,2021-01-01,9,1,1,2.8903717578961645
2021-11-01,2,php-ds/ext-ds,59,1,2021-01-01,10,1,1,1.0986122886681096
2021-12-01,3,php-ds/ext-ds,59,1,2021-01-01,11,1,1,1.3862943611198906
2022-01-01,0,php-ds/ext-ds,59,1,2021-01-01,12,1,1,0.0
2020-01-01,3,Imangazaliev/DiDOM,59,0,2021-01-01,-12,0,0,1.3862943611198906
2020-02-01,0,Imangazaliev/DiDOM,59,0,2021-01-01,-11,0,0,0.0
2020-03-01,1,Imangazaliev/DiDOM,59,0,2021-01-01,-10,0,0,0.6931471805599453
2020-04-01,0,Imangazaliev/DiDOM,59,0,2021-01-01,-9,0,0,0.0
2020-05-01,2,Imangazaliev/DiDOM,59,0,2021-01-01,-8,0,0,1.0986122886681096
2020-06-01,0,Imangazaliev/DiDOM,59,0,2021-01-01,-7,0,0,0.0
2020-07-01,0,Imangazaliev/DiDOM,59,0,2021-01-01,-6,0,0,0.0
2020-08-01,1,Imangazaliev/DiDOM,59,0,2021-01-01,-5,0,0,0.6931471805599453
2020-09-01,2,Imangazaliev/DiDOM,59,0,2021-01-01,-4,0,0,1.0986122886681096
2020-10-01,0,Imangazaliev/DiDOM,59,0,2021-01-01,-3,0,0,0.0
2020-11-01,2,Imangazaliev/DiDOM,59,0,2021-01-01,-2,0,0,1.0986122886681096
2020-12-01,0,Imangazaliev/DiDOM,59,0,2021-01-01,-1,0,0,0.0
2021-02-01,4,Imangazaliev/DiDOM,59,0,2021-01-01,1,1,0,1.6094379124341003
2021-03-01,0,Imangazaliev/DiDOM,59,0,2021-01-01,2,1,0,0.0
2021-04-01,0,Imangazaliev/DiDOM,59,0,2021-01-01,3,1,0,0.0
2021-05-01,0,Imangazaliev/DiDOM,59,0,2021-01-01,4,1,0,0.0
2021-06-01,0,Imangazaliev/DiDOM,59,0,2021-01-01,5,1,0,0.0
2021-07-01,4,Imangazaliev/DiDOM,59,0,2021-01-01,6,1,0,1.6094379124341003
2021-08-01,0,Imangazaliev/DiDOM,59,0,2021-01-01,7,1,0,0.0
2021-09-01,0,Imangazaliev/DiDOM,59,0,2021-01-01,8,1,0,0.0
2021-10-01,0,Imangazaliev/DiDOM,59,0,2021-01-01,9,1,0,0.0
2021-11-01,0,Imangazaliev/DiDOM,59,0,2021-01-01,10,1,0,0.0
2021-12-01,0,Imangazaliev/DiDOM,59,0,2021-01-01,11,1,0,0.0
2022-01-01,0,Imangazaliev/DiDOM,59,0,2021-01-01,12,1,0,0.0
2023-04-01,0,symfony/css-selector,60,1,2024-04-01,-12,0,0,0.0
2023-05-01,1,symfony/css-selector,60,1,2024-04-01,-11,0,0,0.6931471805599453
2023-06-01,0,symfony/css-selector,60,1,2024-04-01,-10,0,0,0.0
2023-07-01,7,symfony/css-selector,60,1,2024-04-01,-9,0,0,2.0794415416798357
2023-08-01,0,symfony/css-selector,60,1,2024-04-01,-8,0,0,0.0
2023-09-01,0,symfony/css-selector,60,1,2024-04-01,-7,0,0,0.0
2023-10-01,2,symfony/css-selector,60,1,2024-04-01,-6,0,0,1.0986122886681096
2023-11-01,0,symfony/css-selector,60,1,2024-04-01,-5,0,0,0.0
2023-12-01,3,symfony/css-selector,60,1,2024-04-01,-4,0,0,1.3862943611198906
2024-01-01,6,symfony/css-selector,60,1,2024-04-01,-3,0,0,1.9459101490553132
2024-02-01,4,symfony/css-selector,60,1,2024-04-01,-2,0,0,1.6094379124341003
2024-03-01,0,symfony/css-selector,60,1,2024-04-01,-1,0,0,0.0
2024-05-01,4,symfony/css-selector,60,1,2024-04-01,1,1,1,1.6094379124341003
2024-06-01,1,symfony/css-selector,60,1,2024-04-01,2,1,1,0.6931471805599453
2024-07-01,1,symfony/css-selector,60,1,2024-04-01,3,1,1,0.6931471805599453
2024-08-01,0,symfony/css-selector,60,1,2024-04-01,4,1,1,0.0
2024-09-01,4,symfony/css-selector,60,1,2024-04-01,5,1,1,1.6094379124341003
2024-10-01,0,symfony/css-selector,60,1,2024-04-01,6,1,1,0.0
2024-11-01,0,symfony/css-selector,60,1,2024-04-01,7,1,1,0.0
2024-12-01,0,symfony/css-selector,60,1,2024-04-01,8,1,1,0.0
2025-01-01,0,symfony/css-selector,60,1,2024-04-01,9,1,1,0.0
2025-02-01,0,symfony/css-selector,60,1,2024-04-01,10,1,1,0.0
2025-03-01,0,symfony/css-selector,60,1,2024-04-01,11,1,1,0.0
2025-04-01,0,symfony/css-selector,60,1,2024-04-01,12,1,1,0.0
2023-04-01,1,symfony/finder,60,0,2024-04-01,-12,0,0,0.6931471805599453
2023-05-01,2,symfony/finder,60,0,2024-04-01,-11,0,0,1.0986122886681096
2023-06-01,0,symfony/finder,60,0,2024-04-01,-10,0,0,0.0
2023-07-01,27,symfony/finder,60,0,2024-04-01,-9,0,0,3.332204510175204
2023-08-01,0,symfony/finder,60,0,2024-04-01,-8,0,0,0.0
2023-09-01,3,symfony/finder,60,0,2024-04-01,-7,0,0,1.3862943611198906
2023-10-01,5,symfony/finder,60,0,2024-04-01,-6,0,0,1.791759469228055
2023-11-01,0,symfony/finder,60,0,2024-04-01,-5,0,0,0.0
2023-12-01,1,symfony/finder,60,0,2024-04-01,-4,0,0,0.6931471805599453
2024-01-01,2,symfony/finder,60,0,2024-04-01,-3,0,0,1.0986122886681096
2024-02-01,0,symfony/finder,60,0,2024-04-01,-2,0,0,0.0
2024-03-01,1,symfony/finder,60,0,2024-04-01,-1,0,0,0.6931471805599453
2024-05-01,4,symfony/finder,60,0,2024-04-01,1,1,0,1.6094379124341003
2024-06-01,3,symfony/finder,60,0,2024-04-01,2,1,0,1.3862943611198906
2024-07-01,10,symfony/finder,60,0,2024-04-01,3,1,0,2.3978952727983707
2024-08-01,9,symfony/finder,60,0,2024-04-01,4,1,0,2.302585092994046
2024-09-01,6,symfony/finder,60,0,2024-04-01,5,1,0,1.9459101490553132
2024-10-01,4,symfony/finder,60,0,2024-04-01,6,1,0,1.6094379124341003
2024-11-01,0,symfony/finder,60,0,2024-04-01,7,1,0,0.0
2024-12-01,5,symfony/finder,60,0,2024-04-01,8,1,0,1.791759469228055
2025-01-01,0,symfony/finder,60,0,2024-04-01,9,1,0,0.0
2025-02-01,0,symfony/finder,60,0,2024-04-01,10,1,0,0.0
2025-03-01,0,symfony/finder,60,0,2024-04-01,11,1,0,0.0
2025-04-01,0,symfony/finder,60,0,2024-04-01,12,1,0,0.0
2019-05-01,2,k4yt3x/video2x,58,1,2020-05-01,-12,0,0,1.0986122886681096
2019-06-01,36,k4yt3x/video2x,58,1,2020-05-01,-11,0,0,3.6109179126442243
2019-07-01,21,k4yt3x/video2x,58,1,2020-05-01,-10,0,0,3.091042453358316
2019-08-01,29,k4yt3x/video2x,58,1,2020-05-01,-9,0,0,3.4011973816621555
2019-09-01,0,k4yt3x/video2x,58,1,2020-05-01,-8,0,0,0.0
2019-10-01,7,k4yt3x/video2x,58,1,2020-05-01,-7,0,0,2.0794415416798357
2019-11-01,21,k4yt3x/video2x,58,1,2020-05-01,-6,0,0,3.091042453358316
2019-12-01,7,k4yt3x/video2x,58,1,2020-05-01,-5,0,0,2.0794415416798357
2020-01-01,6,k4yt3x/video2x,58,1,2020-05-01,-4,0,0,1.9459101490553132
2020-02-01,5,k4yt3x/video2x,58,1,2020-05-01,-3,0,0,1.791759469228055
2020-03-01,3,k4yt3x/video2x,58,1,2020-05-01,-2,0,0,1.3862943611198906
2020-04-01,9,k4yt3x/video2x,58,1,2020-05-01,-1,0,0,2.302585092994046
2020-06-01,40,k4yt3x/video2x,58,1,2020-05-01,1,1,1,3.713572066704308
2020-07-01,3,k4yt3x/video2x,58,1,2020-05-01,2,1,1,1.3862943611198906
2020-08-01,3,k4yt3x/video2x,58,1,2020-05-01,3,1,1,1.3862943611198906
2020-09-01,36,k4yt3x/video2x,58,1,2020-05-01,4,1,1,3.6109179126442243
2020-10-01,11,k4yt3x/video2x,58,1,2020-05-01,5,1,1,2.4849066497880004
2020-11-01,3,k4yt3x/video2x,58,1,2020-05-01,6,1,1,1.3862943611198906
2020-12-01,19,k4yt3x/video2x,58,1,2020-05-01,7,1,1,2.995732273553991
2021-01-01,8,k4yt3x/video2x,58,1,2020-05-01,8,1,1,2.1972245773362196
2021-02-01,4,k4yt3x/video2x,58,1,2020-05-01,9,1,1,1.6094379124341003
2021-03-01,3,k4yt3x/video2x,58,1,2020-05-01,10,1,1,1.3862943611198906
2021-04-01,0,k4yt3x/video2x,58,1,2020-05-01,11,1,1,0.0
2021-05-01,0,k4yt3x/video2x,58,1,2020-05-01,12,1,1,0.0
2019-07-01,0,hegaojian/JetpackMvvm,61,0,2020-07-01,-12,0,0,0.0
2019-08-01,0,hegaojian/JetpackMvvm,61,0,2020-07-01,-11,0,0,0.0
2019-09-01,0,hegaojian/JetpackMvvm,61,0,2020-07-01,-10,0,0,0.0
2019-10-01,0,hegaojian/JetpackMvvm,61,0,2020-07-01,-9,0,0,0.0
2019-11-01,0,hegaojian/JetpackMvvm,61,0,2020-07-01,-8,0,0,0.0
2019-12-01,20,hegaojian/JetpackMvvm,61,0,2020-07-01,-7,0,0,3.044522437723423
2020-01-01,0,hegaojian/JetpackMvvm,61,0,2020-07-01,-6,0,0,0.0
2020-02-01,0,hegaojian/JetpackMvvm,61,0,2020-07-01,-5,0,0,0.0
2020-03-01,32,hegaojian/JetpackMvvm,61,0,2020-07-01,-4,0,0,3.4965075614664802
2020-04-01,13,hegaojian/JetpackMvvm,61,0,2020-07-01,-3,0,0,2.639057329615259
2020-05-01,22,hegaojian/JetpackMvvm,61,0,2020-07-01,-2,0,0,3.1354942159291497
2020-06-01,29,hegaojian/JetpackMvvm,61,0,2020-07-01,-1,0,0,3.4011973816621555
2020-08-01,5,hegaojian/JetpackMvvm,61,0,2020-07-01,1,1,0,1.791759469228055
2020-09-01,0,hegaojian/JetpackMvvm,61,0,2020-07-01,2,1,0,0.0
2020-10-01,5,hegaojian/JetpackMvvm,61,0,2020-07-01,3,1,0,1.791759469228055
2020-11-01,7,hegaojian/JetpackMvvm,61,0,2020-07-01,4,1,0,2.0794415416798357
2020-12-01,2,hegaojian/JetpackMvvm,61,0,2020-07-01,5,1,0,1.0986122886681096
2021-01-01,1,hegaojian/JetpackMvvm,61,0,2020-07-01,6,1,0,0.6931471805599453
2021-02-01,4,hegaojian/JetpackMvvm,61,0,2020-07-01,7,1,0,1.6094379124341003
2021-03-01,5,hegaojian/JetpackMvvm,61,0,2020-07-01,8,1,0,1.791759469228055
2021-04-01,0,hegaojian/JetpackMvvm,61,0,2020-07-01,9,1,0,0.0
2021-05-01,5,hegaojian/JetpackMvvm,61,0,2020-07-01,10,1,0,1.791759469228055
2021-06-01,4,hegaojian/JetpackMvvm,61,0,2020-07-01,11,1,0,1.6094379124341003
2021-07-01,9,hegaojian/JetpackMvvm,61,0,2020-07-01,12,1,0,2.302585092994046
2022-10-01,9,Kotlin/kotlinx-kover,62,1,2023-10-01,-12,0,0,2.302585092994046
2022-11-01,3,Kotlin/kotlinx-kover,62,1,2023-10-01,-11,0,0,1.3862943611198906
2022-12-01,0,Kotlin/kotlinx-kover,62,1,2023-10-01,-10,0,0,0.0
2023-01-01,0,Kotlin/kotlinx-kover,62,1,2023-10-01,-9,0,0,0.0
2023-02-01,2,Kotlin/kotlinx-kover,62,1,2023-10-01,-8,0,0,1.0986122886681096
2023-03-01,2,Kotlin/kotlinx-kover,62,1,2023-10-01,-7,0,0,1.0986122886681096
2023-04-01,4,Kotlin/kotlinx-kover,62,1,2023-10-01,-6,0,0,1.6094379124341003
2023-05-01,14,Kotlin/kotlinx-kover,62,1,2023-10-01,-5,0,0,2.70805020110221
2023-06-01,14,Kotlin/kotlinx-kover,62,1,2023-10-01,-4,0,0,2.70805020110221
2023-07-01,9,Kotlin/kotlinx-kover,62,1,2023-10-01,-3,0,0,2.302585092994046
2023-08-01,1,Kotlin/kotlinx-kover,62,1,2023-10-01,-2,0,0,0.6931471805599453
2023-09-01,3,Kotlin/kotlinx-kover,62,1,2023-10-01,-1,0,0,1.3862943611198906
2023-11-01,5,Kotlin/kotlinx-kover,62,1,2023-10-01,1,1,1,1.791759469228055
2023-12-01,1,Kotlin/kotlinx-kover,62,1,2023-10-01,2,1,1,0.6931471805599453
2024-01-01,0,Kotlin/kotlinx-kover,62,1,2023-10-01,3,1,1,0.0
2024-02-01,17,Kotlin/kotlinx-kover,62,1,2023-10-01,4,1,1,2.8903717578961645
2024-03-01,7,Kotlin/kotlinx-kover,62,1,2023-10-01,5,1,1,2.0794415416798357
2024-04-01,3,Kotlin/kotlinx-kover,62,1,2023-10-01,6,1,1,1.3862943611198906
2024-05-01,9,Kotlin/kotlinx-kover,62,1,2023-10-01,7,1,1,2.302585092994046
2024-06-01,16,Kotlin/kotlinx-kover,62,1,2023-10-01,8,1,1,2.833213344056216
2024-07-01,8,Kotlin/kotlinx-kover,62,1,2023-10-01,9,1,1,2.1972245773362196
2024-08-01,11,Kotlin/kotlinx-kover,62,1,2023-10-01,10,1,1,2.4849066497880004
2024-09-01,3,Kotlin/kotlinx-kover,62,1,2023-10-01,11,1,1,1.3862943611198906
2024-10-01,1,Kotlin/kotlinx-kover,62,1,2023-10-01,12,1,1,0.6931471805599453
2020-08-01,4,Netflix/eureka,63,1,2021-08-01,-12,0,0,1.6094379124341003
2020-09-01,11,Netflix/eureka,63,1,2021-08-01,-11,0,0,2.4849066497880004
2020-10-01,8,Netflix/eureka,63,1,2021-08-01,-10,0,0,2.1972245773362196
2020-11-01,6,Netflix/eureka,63,1,2021-08-01,-9,0,0,1.9459101490553132
2020-12-01,2,Netflix/eureka,63,1,2021-08-01,-8,0,0,1.0986122886681096
2021-01-01,3,Netflix/eureka,63,1,2021-08-01,-7,0,0,1.3862943611198906
2021-02-01,0,Netflix/eureka,63,1,2021-08-01,-6,0,0,0.0
2021-03-01,3,Netflix/eureka,63,1,2021-08-01,-5,0,0,1.3862943611198906
2021-04-01,2,Netflix/eureka,63,1,2021-08-01,-4,0,0,1.0986122886681096
2021-05-01,2,Netflix/eureka,63,1,2021-08-01,-3,0,0,1.0986122886681096
2021-06-01,4,Netflix/eureka,63,1,2021-08-01,-2,0,0,1.6094379124341003
2021-07-01,0,Netflix/eureka,63,1,2021-08-01,-1,0,0,0.0
2021-09-01,1,Netflix/eureka,63,1,2021-08-01,1,1,1,0.6931471805599453
2021-10-01,1,Netflix/eureka,63,1,2021-08-01,2,1,1,0.6931471805599453
2021-11-01,1,Netflix/eureka,63,1,2021-08-01,3,1,1,0.6931471805599453
2021-12-01,0,Netflix/eureka,63,1,2021-08-01,4,1,1,0.0
2022-01-01,0,Netflix/eureka,63,1,2021-08-01,5,1,1,0.0
2022-02-01,0,Netflix/eureka,63,1,2021-08-01,6,1,1,0.0
2022-03-01,0,Netflix/eureka,63,1,2021-08-01,7,1,1,0.0
2022-04-01,0,Netflix/eureka,63,1,2021-08-01,8,1,1,0.0
2022-05-01,0,Netflix/eureka,63,1,2021-08-01,9,1,1,0.0
2022-06-01,0,Netflix/eureka,63,1,2021-08-01,10,1,1,0.0
2022-07-01,0,Netflix/eureka,63,1,2021-08-01,11,1,1,0.0
2022-08-01,0,Netflix/eureka,63,1,2021-08-01,12,1,1,0.0
2022-10-01,4,caydey/ffshare,62,0,2023-10-01,-12,0,0,1.6094379124341003
2022-11-01,11,caydey/ffshare,62,0,2023-10-01,-11,0,0,2.4849066497880004
2022-12-01,9,caydey/ffshare,62,0,2023-10-01,-10,0,0,2.302585092994046
2023-01-01,14,caydey/ffshare,62,0,2023-10-01,-9,0,0,2.70805020110221
2023-02-01,0,caydey/ffshare,62,0,2023-10-01,-8,0,0,0.0
2023-03-01,0,caydey/ffshare,62,0,2023-10-01,-7,0,0,0.0
2023-04-01,2,caydey/ffshare,62,0,2023-10-01,-6,0,0,1.0986122886681096
2023-05-01,0,caydey/ffshare,62,0,2023-10-01,-5,0,0,0.0
2023-06-01,0,caydey/ffshare,62,0,2023-10-01,-4,0,0,0.0
2023-07-01,10,caydey/ffshare,62,0,2023-10-01,-3,0,0,2.3978952727983707
2023-08-01,9,caydey/ffshare,62,0,2023-10-01,-2,0,0,2.302585092994046
2023-09-01,1,caydey/ffshare,62,0,2023-10-01,-1,0,0,0.6931471805599453
2023-11-01,0,caydey/ffshare,62,0,2023-10-01,1,1,0,0.0
2023-12-01,0,caydey/ffshare,62,0,2023-10-01,2,1,0,0.0
2024-01-01,0,caydey/ffshare,62,0,2023-10-01,3,1,0,0.0
2024-02-01,0,caydey/ffshare,62,0,2023-10-01,4,1,0,0.0
2024-03-01,0,caydey/ffshare,62,0,2023-10-01,5,1,0,0.0
2024-04-01,0,caydey/ffshare,62,0,2023-10-01,6,1,0,0.0
2024-05-01,0,caydey/ffshare,62,0,2023-10-01,7,1,0,0.0
2024-06-01,23,caydey/ffshare,62,0,2023-10-01,8,1,0,3.1780538303479458
2024-07-01,5,caydey/ffshare,62,0,2023-10-01,9,1,0,1.791759469228055
2024-08-01,0,caydey/ffshare,62,0,2023-10-01,10,1,0,0.0
2024-09-01,0,caydey/ffshare,62,0,2023-10-01,11,1,0,0.0
2024-10-01,0,caydey/ffshare,62,0,2023-10-01,12,1,0,0.0
2020-08-01,2,code4craft/webmagic,63,0,2021-08-01,-12,0,0,1.0986122886681096
2020-09-01,3,code4craft/webmagic,63,0,2021-08-01,-11,0,0,1.3862943611198906
2020-10-01,7,code4craft/webmagic,63,0,2021-08-01,-10,0,0,2.0794415416798357
2020-11-01,0,code4craft/webmagic,63,0,2021-08-01,-9,0,0,0.0
2020-12-01,12,code4craft/webmagic,63,0,2021-08-01,-8,0,0,2.5649493574615367
2021-01-01,19,code4craft/webmagic,63,0,2021-08-01,-7,0,0,2.995732273553991
2021-02-01,5,code4craft/webmagic,63,0,2021-08-01,-6,0,0,1.791759469228055
2021-03-01,2,code4craft/webmagic,63,0,2021-08-01,-5,0,0,1.0986122886681096
2021-04-01,5,code4craft/webmagic,63,0,2021-08-01,-4,0,0,1.791759469228055
2021-05-01,2,code4craft/webmagic,63,0,2021-08-01,-3,0,0,1.0986122886681096
2021-06-01,3,code4craft/webmagic,63,0,2021-08-01,-2,0,0,1.3862943611198906
2021-07-01,8,code4craft/webmagic,63,0,2021-08-01,-1,0,0,2.1972245773362196
2021-09-01,2,code4craft/webmagic,63,0,2021-08-01,1,1,0,1.0986122886681096
2021-10-01,2,code4craft/webmagic,63,0,2021-08-01,2,1,0,1.0986122886681096
2021-11-01,0,code4craft/webmagic,63,0,2021-08-01,3,1,0,0.0
2021-12-01,2,code4craft/webmagic,63,0,2021-08-01,4,1,0,1.0986122886681096
2022-01-01,4,code4craft/webmagic,63,0,2021-08-01,5,1,0,1.6094379124341003
2022-02-01,0,code4craft/webmagic,63,0,2021-08-01,6,1,0,0.0
2022-03-01,6,code4craft/webmagic,63,0,2021-08-01,7,1,0,1.9459101490553132
2022-04-01,2,code4craft/webmagic,63,0,2021-08-01,8,1,0,1.0986122886681096
2022-05-01,2,code4craft/webmagic,63,0,2021-08-01,9,1,0,1.0986122886681096
2022-06-01,4,code4craft/webmagic,63,0,2021-08-01,10,1,0,1.6094379124341003
2022-07-01,2,code4craft/webmagic,63,0,2021-08-01,11,1,0,1.0986122886681096
2022-08-01,1,code4craft/webmagic,63,0,2021-08-01,12,1,0,0.6931471805599453
2019-04-01,0,xiph/flac,64,1,2020-04-01,-12,0,0,0.0
2019-05-01,22,xiph/flac,64,1,2020-04-01,-11,0,0,3.1354942159291497
2019-06-01,1,xiph/flac,64,1,2020-04-01,-10,0,0,0.6931471805599453
2019-07-01,4,xiph/flac,64,1,2020-04-01,-9,0,0,1.6094379124341003
2019-08-01,11,xiph/flac,64,1,2020-04-01,-8,0,0,2.4849066497880004
2019-09-01,12,xiph/flac,64,1,2020-04-01,-7,0,0,2.5649493574615367
2019-10-01,10,xiph/flac,64,1,2020-04-01,-6,0,0,2.3978952727983707
2019-11-01,16,xiph/flac,64,1,2020-04-01,-5,0,0,2.833213344056216
2019-12-01,9,xiph/flac,64,1,2020-04-01,-4,0,0,2.302585092994046
2020-01-01,0,xiph/flac,64,1,2020-04-01,-3,0,0,0.0
2020-02-01,0,xiph/flac,64,1,2020-04-01,-2,0,0,0.0
2020-03-01,1,xiph/flac,64,1,2020-04-01,-1,0,0,0.6931471805599453
2020-05-01,4,xiph/flac,64,1,2020-04-01,1,1,1,1.6094379124341003
2020-06-01,0,xiph/flac,64,1,2020-04-01,2,1,1,0.0
2020-07-01,0,xiph/flac,64,1,2020-04-01,3,1,1,0.0
2020-08-01,0,xiph/flac,64,1,2020-04-01,4,1,1,0.0
2020-09-01,0,xiph/flac,64,1,2020-04-01,5,1,1,0.0
2020-10-01,0,xiph/flac,64,1,2020-04-01,6,1,1,0.0
2020-11-01,0,xiph/flac,64,1,2020-04-01,7,1,1,0.0
2020-12-01,1,xiph/flac,64,1,2020-04-01,8,1,1,0.6931471805599453
2021-01-01,0,xiph/flac,64,1,2020-04-01,9,1,1,0.0
2021-02-01,0,xiph/flac,64,1,2020-04-01,10,1,1,0.0
2021-03-01,7,xiph/flac,64,1,2020-04-01,11,1,1,2.0794415416798357
2021-04-01,0,xiph/flac,64,1,2020-04-01,12,1,1,0.0
2019-02-01,29,mackron/miniaudio,57,0,2020-02-01,-12,0,0,3.4011973816621555
2019-03-01,75,mackron/miniaudio,57,0,2020-02-01,-11,0,0,4.330733340286331
2019-04-01,36,mackron/miniaudio,57,0,2020-02-01,-10,0,0,3.6109179126442243
2019-05-01,27,mackron/miniaudio,57,0,2020-02-01,-9,0,0,3.332204510175204
2019-06-01,14,mackron/miniaudio,57,0,2020-02-01,-8,0,0,2.70805020110221
2019-07-01,13,mackron/miniaudio,57,0,2020-02-01,-7,0,0,2.639057329615259
2019-08-01,18,mackron/miniaudio,57,0,2020-02-01,-6,0,0,2.9444389791664403
2019-09-01,34,mackron/miniaudio,57,0,2020-02-01,-5,0,0,3.5553480614894135
2019-10-01,15,mackron/miniaudio,57,0,2020-02-01,-4,0,0,2.772588722239781
2019-11-01,5,mackron/miniaudio,57,0,2020-02-01,-3,0,0,1.791759469228055
2019-12-01,21,mackron/miniaudio,57,0,2020-02-01,-2,0,0,3.091042453358316
2020-01-01,82,mackron/miniaudio,57,0,2020-02-01,-1,0,0,4.418840607796598
2020-03-01,67,mackron/miniaudio,57,0,2020-02-01,1,1,0,4.219507705176107
2020-04-01,42,mackron/miniaudio,57,0,2020-02-01,2,1,0,3.7612001156935624
2020-05-01,71,mackron/miniaudio,57,0,2020-02-01,3,1,0,4.276666119016055
2020-06-01,111,mackron/miniaudio,57,0,2020-02-01,4,1,0,4.718498871295094
2020-07-01,76,mackron/miniaudio,57,0,2020-02-01,5,1,0,4.343805421853684
2020-08-01,86,mackron/miniaudio,57,0,2020-02-01,6,1,0,4.465908118654584
2020-09-01,19,mackron/miniaudio,57,0,2020-02-01,7,1,0,2.995732273553991
2020-10-01,31,mackron/miniaudio,57,0,2020-02-01,8,1,0,3.4657359027997265
2020-11-01,120,mackron/miniaudio,57,0,2020-02-01,9,1,0,4.795790545596741
2020-12-01,61,mackron/miniaudio,57,0,2020-02-01,10,1,0,4.127134385045092
2021-01-01,137,mackron/miniaudio,57,0,2020-02-01,11,1,0,4.927253685157205
2021-02-01,40,mackron/miniaudio,57,0,2020-02-01,12,1,0,3.713572066704308
2019-10-01,1,DapperLib/Dapper,65,1,2020-10-01,-12,0,0,0.6931471805599453
2019-11-01,1,DapperLib/Dapper,65,1,2020-10-01,-11,0,0,0.6931471805599453
2019-12-01,1,DapperLib/Dapper,65,1,2020-10-01,-10,0,0,0.6931471805599453
2020-01-01,1,DapperLib/Dapper,65,1,2020-10-01,-9,0,0,0.6931471805599453
2020-02-01,0,DapperLib/Dapper,65,1,2020-10-01,-8,0,0,0.0
2020-03-01,1,DapperLib/Dapper,65,1,2020-10-01,-7,0,0,0.6931471805599453
2020-04-01,3,DapperLib/Dapper,65,1,2020-10-01,-6,0,0,1.3862943611198906
2020-05-01,18,DapperLib/Dapper,65,1,2020-10-01,-5,0,0,2.9444389791664403
2020-06-01,1,DapperLib/Dapper,65,1,2020-10-01,-4,0,0,0.6931471805599453
2020-07-01,5,DapperLib/Dapper,65,1,2020-10-01,-3,0,0,1.791759469228055
2020-08-01,1,DapperLib/Dapper,65,1,2020-10-01,-2,0,0,0.6931471805599453
2020-09-01,0,DapperLib/Dapper,65,1,2020-10-01,-1,0,0,0.0
2020-11-01,4,DapperLib/Dapper,65,1,2020-10-01,1,1,1,1.6094379124341003
2020-12-01,7,DapperLib/Dapper,65,1,2020-10-01,2,1,1,2.0794415416798357
2021-01-01,2,DapperLib/Dapper,65,1,2020-10-01,3,1,1,1.0986122886681096
2021-02-01,3,DapperLib/Dapper,65,1,2020-10-01,4,1,1,1.3862943611198906
2021-03-01,0,DapperLib/Dapper,65,1,2020-10-01,5,1,1,0.0
2021-04-01,12,DapperLib/Dapper,65,1,2020-10-01,6,1,1,2.5649493574615367
2021-05-01,30,DapperLib/Dapper,65,1,2020-10-01,7,1,1,3.4339872044851463
2021-06-01,0,DapperLib/Dapper,65,1,2020-10-01,8,1,1,0.0
2021-07-01,5,DapperLib/Dapper,65,1,2020-10-01,9,1,1,1.791759469228055
2021-08-01,0,DapperLib/Dapper,65,1,2020-10-01,10,1,1,0.0
2021-09-01,0,DapperLib/Dapper,65,1,2020-10-01,11,1,1,0.0
2021-10-01,1,DapperLib/Dapper,65,1,2020-10-01,12,1,1,0.6931471805599453
2022-04-01,0,ElectronNET/Electron.NET,66,1,2023-04-01,-12,0,0,0.0
2022-05-01,0,ElectronNET/Electron.NET,66,1,2023-04-01,-11,0,0,0.0
2022-06-01,0,ElectronNET/Electron.NET,66,1,2023-04-01,-10,0,0,0.0
2022-07-01,0,ElectronNET/Electron.NET,66,1,2023-04-01,-9,0,0,0.0
2022-08-01,0,ElectronNET/Electron.NET,66,1,2023-04-01,-8,0,0,0.0
2022-09-01,0,ElectronNET/Electron.NET,66,1,2023-04-01,-7,0,0,0.0
2022-10-01,0,ElectronNET/Electron.NET,66,1,2023-04-01,-6,0,0,0.0
2022-11-01,0,ElectronNET/Electron.NET,66,1,2023-04-01,-5,0,0,0.0
2022-12-01,0,ElectronNET/Electron.NET,66,1,2023-04-01,-4,0,0,0.0
2023-01-01,0,ElectronNET/Electron.NET,66,1,2023-04-01,-3,0,0,0.0
2023-02-01,1,ElectronNET/Electron.NET,66,1,2023-04-01,-2,0,0,0.6931471805599453
2023-03-01,13,ElectronNET/Electron.NET,66,1,2023-04-01,-1,0,0,2.639057329615259
2023-05-01,0,ElectronNET/Electron.NET,66,1,2023-04-01,1,1,1,0.0
2023-06-01,0,ElectronNET/Electron.NET,66,1,2023-04-01,2,1,1,0.0
2023-07-01,0,ElectronNET/Electron.NET,66,1,2023-04-01,3,1,1,0.0
2023-08-01,3,ElectronNET/Electron.NET,66,1,2023-04-01,4,1,1,1.3862943611198906
2023-09-01,2,ElectronNET/Electron.NET,66,1,2023-04-01,5,1,1,1.0986122886681096
2023-10-01,0,ElectronNET/Electron.NET,66,1,2023-04-01,6,1,1,0.0
2023-11-01,3,ElectronNET/Electron.NET,66,1,2023-04-01,7,1,1,1.3862943611198906
2023-12-01,0,ElectronNET/Electron.NET,66,1,2023-04-01,8,1,1,0.0
2024-01-01,1,ElectronNET/Electron.NET,66,1,2023-04-01,9,1,1,0.6931471805599453
2024-02-01,12,ElectronNET/Electron.NET,66,1,2023-04-01,10,1,1,2.5649493574615367
2024-03-01,0,ElectronNET/Electron.NET,66,1,2023-04-01,11,1,1,0.0
2024-04-01,12,ElectronNET/Electron.NET,66,1,2023-04-01,12,1,1,2.5649493574615367
2019-10-01,8,SignalR/SignalR,65,0,2020-10-01,-12,0,0,2.1972245773362196
2019-11-01,0,SignalR/SignalR,65,0,2020-10-01,-11,0,0,0.0
2019-12-01,0,SignalR/SignalR,65,0,2020-10-01,-10,0,0,0.0
2020-01-01,2,SignalR/SignalR,65,0,2020-10-01,-9,0,0,1.0986122886681096
2020-02-01,1,SignalR/SignalR,65,0,2020-10-01,-8,0,0,0.6931471805599453
2020-03-01,0,SignalR/SignalR,65,0,2020-10-01,-7,0,0,0.0
2020-04-01,5,SignalR/SignalR,65,0,2020-10-01,-6,0,0,1.791759469228055
2020-05-01,2,SignalR/SignalR,65,0,2020-10-01,-5,0,0,1.0986122886681096
2020-06-01,0,SignalR/SignalR,65,0,2020-10-01,-4,0,0,0.0
2020-07-01,0,SignalR/SignalR,65,0,2020-10-01,-3,0,0,0.0
2020-08-01,0,SignalR/SignalR,65,0,2020-10-01,-2,0,0,0.0
2020-09-01,0,SignalR/SignalR,65,0,2020-10-01,-1,0,0,0.0
2020-11-01,1,SignalR/SignalR,65,0,2020-10-01,1,1,0,0.6931471805599453
2020-12-01,0,SignalR/SignalR,65,0,2020-10-01,2,1,0,0.0
2021-01-01,1,SignalR/SignalR,65,0,2020-10-01,3,1,0,0.6931471805599453
2021-02-01,4,SignalR/SignalR,65,0,2020-10-01,4,1,0,1.6094379124341003
2021-03-01,10,SignalR/SignalR,65,0,2020-10-01,5,1,0,2.3978952727983707
2021-04-01,2,SignalR/SignalR,65,0,2020-10-01,6,1,0,1.0986122886681096
2021-05-01,1,SignalR/SignalR,65,0,2020-10-01,7,1,0,0.6931471805599453
2021-06-01,0,SignalR/SignalR,65,0,2020-10-01,8,1,0,0.0
2021-07-01,0,SignalR/SignalR,65,0,2020-10-01,9,1,0,0.0
2021-08-01,1,SignalR/SignalR,65,0,2020-10-01,10,1,0,0.6931471805599453
2021-09-01,0,SignalR/SignalR,65,0,2020-10-01,11,1,0,0.0
2021-10-01,5,SignalR/SignalR,65,0,2020-10-01,12,1,0,1.791759469228055
2022-04-01,0,davidfowl/AspNetCoreDiagnosticScenarios,66,0,2023-04-01,-12,0,0,0.0
2022-05-01,0,davidfowl/AspNetCoreDiagnosticScenarios,66,0,2023-04-01,-11,0,0,0.0
2022-06-01,0,davidfowl/AspNetCoreDiagnosticScenarios,66,0,2023-04-01,-10,0,0,0.0
2022-07-01,1,davidfowl/AspNetCoreDiagnosticScenarios,66,0,2023-04-01,-9,0,0,0.6931471805599453
2022-08-01,2,davidfowl/AspNetCoreDiagnosticScenarios,66,0,2023-04-01,-8,0,0,1.0986122886681096
2022-09-01,11,davidfowl/AspNetCoreDiagnosticScenarios,66,0,2023-04-01,-7,0,0,2.4849066497880004
2022-10-01,0,davidfowl/AspNetCoreDiagnosticScenarios,66,0,2023-04-01,-6,0,0,0.0
2022-11-01,1,davidfowl/AspNetCoreDiagnosticScenarios,66,0,2023-04-01,-5,0,0,0.6931471805599453
2022-12-01,0,davidfowl/AspNetCoreDiagnosticScenarios,66,0,2023-04-01,-4,0,0,0.0
2023-01-01,2,davidfowl/AspNetCoreDiagnosticScenarios,66,0,2023-04-01,-3,0,0,1.0986122886681096
2023-02-01,0,davidfowl/AspNetCoreDiagnosticScenarios,66,0,2023-04-01,-2,0,0,0.0
2023-03-01,0,davidfowl/AspNetCoreDiagnosticScenarios,66,0,2023-04-01,-1,0,0,0.0
2023-05-01,0,davidfowl/AspNetCoreDiagnosticScenarios,66,0,2023-04-01,1,1,0,0.0
2023-06-01,0,davidfowl/AspNetCoreDiagnosticScenarios,66,0,2023-04-01,2,1,0,0.0
2023-07-01,0,davidfowl/AspNetCoreDiagnosticScenarios,66,0,2023-04-01,3,1,0,0.0
2023-08-01,1,davidfowl/AspNetCoreDiagnosticScenarios,66,0,2023-04-01,4,1,0,0.6931471805599453
2023-09-01,0,davidfowl/AspNetCoreDiagnosticScenarios,66,0,2023-04-01,5,1,0,0.0
2023-10-01,4,davidfowl/AspNetCoreDiagnosticScenarios,66,0,2023-04-01,6,1,0,1.6094379124341003
2023-11-01,1,davidfowl/AspNetCoreDiagnosticScenarios,66,0,2023-04-01,7,1,0,0.6931471805599453
2023-12-01,0,davidfowl/AspNetCoreDiagnosticScenarios,66,0,2023-04-01,8,1,0,0.0
2024-01-01,0,davidfowl/AspNetCoreDiagnosticScenarios,66,0,2023-04-01,9,1,0,0.0
2024-02-01,0,davidfowl/AspNetCoreDiagnosticScenarios,66,0,2023-04-01,10,1,0,0.0
2024-03-01,5,davidfowl/AspNetCoreDiagnosticScenarios,66,0,2023-04-01,11,1,0,1.791759469228055
2024-04-01,0,davidfowl/AspNetCoreDiagnosticScenarios,66,0,2023-04-01,12,1,0,0.0
2019-04-01,10,cgsecurity/testdisk,64,0,2020-04-01,-12,0,0,2.3978952727983707
2019-05-01,6,cgsecurity/testdisk,64,0,2020-04-01,-11,0,0,1.9459101490553132
2019-06-01,0,cgsecurity/testdisk,64,0,2020-04-01,-10,0,0,0.0
2019-07-01,6,cgsecurity/testdisk,64,0,2020-04-01,-9,0,0,1.9459101490553132
2019-08-01,13,cgsecurity/testdisk,64,0,2020-04-01,-8,0,0,2.639057329615259
2019-09-01,9,cgsecurity/testdisk,64,0,2020-04-01,-7,0,0,2.302585092994046
2019-10-01,23,cgsecurity/testdisk,64,0,2020-04-01,-6,0,0,3.1780538303479458
2019-11-01,12,cgsecurity/testdisk,64,0,2020-04-01,-5,0,0,2.5649493574615367
2019-12-01,29,cgsecurity/testdisk,64,0,2020-04-01,-4,0,0,3.4011973816621555
2020-01-01,12,cgsecurity/testdisk,64,0,2020-04-01,-3,0,0,2.5649493574615367
2020-02-01,1,cgsecurity/testdisk,64,0,2020-04-01,-2,0,0,0.6931471805599453
2020-03-01,2,cgsecurity/testdisk,64,0,2020-04-01,-1,0,0,1.0986122886681096
2020-05-01,9,cgsecurity/testdisk,64,0,2020-04-01,1,1,0,2.302585092994046
2020-06-01,14,cgsecurity/testdisk,64,0,2020-04-01,2,1,0,2.70805020110221
2020-07-01,11,cgsecurity/testdisk,64,0,2020-04-01,3,1,0,2.4849066497880004
2020-08-01,37,cgsecurity/testdisk,64,0,2020-04-01,4,1,0,3.6375861597263857
2020-09-01,25,cgsecurity/testdisk,64,0,2020-04-01,5,1,0,3.258096538021482
2020-10-01,37,cgsecurity/testdisk,64,0,2020-04-01,6,1,0,3.6375861597263857
2020-11-01,17,cgsecurity/testdisk,64,0,2020-04-01,7,1,0,2.8903717578961645
2020-12-01,1,cgsecurity/testdisk,64,0,2020-04-01,8,1,0,0.6931471805599453
2021-01-01,26,cgsecurity/testdisk,64,0,2020-04-01,9,1,0,3.295836866004329
2021-02-01,234,cgsecurity/testdisk,64,0,2020-04-01,10,1,0,5.459585514144159
2021-03-01,90,cgsecurity/testdisk,64,0,2020-04-01,11,1,0,4.51085950651685
2021-04-01,26,cgsecurity/testdisk,64,0,2020-04-01,12,1,0,3.295836866004329
2019-07-01,0,home-assistant/android,61,1,2020-07-01,-12,0,0,0.0
2019-08-01,0,home-assistant/android,61,1,2020-07-01,-11,0,0,0.0
2019-09-01,0,home-assistant/android,61,1,2020-07-01,-10,0,0,0.0
2019-10-01,1,home-assistant/android,61,1,2020-07-01,-9,0,0,0.6931471805599453
2019-11-01,20,home-assistant/android,61,1,2020-07-01,-8,0,0,3.044522437723423
2019-12-01,39,home-assistant/android,61,1,2020-07-01,-7,0,0,3.6888794541139363
2020-01-01,35,home-assistant/android,61,1,2020-07-01,-6,0,0,3.58351893845611
2020-02-01,45,home-assistant/android,61,1,2020-07-01,-5,0,0,3.828641396489095
2020-03-01,12,home-assistant/android,61,1,2020-07-01,-4,0,0,2.5649493574615367
2020-04-01,2,home-assistant/android,61,1,2020-07-01,-3,0,0,1.0986122886681096
2020-05-01,9,home-assistant/android,61,1,2020-07-01,-2,0,0,2.302585092994046
2020-06-01,12,home-assistant/android,61,1,2020-07-01,-1,0,0,2.5649493574615367
2020-08-01,86,home-assistant/android,61,1,2020-07-01,1,1,1,4.465908118654584
2020-09-01,65,home-assistant/android,61,1,2020-07-01,2,1,1,4.189654742026425
2020-10-01,88,home-assistant/android,61,1,2020-07-01,3,1,1,4.48863636973214
2020-11-01,32,home-assistant/android,61,1,2020-07-01,4,1,1,3.4965075614664802
2020-12-01,20,home-assistant/android,61,1,2020-07-01,5,1,1,3.044522437723423
2021-01-01,22,home-assistant/android,61,1,2020-07-01,6,1,1,3.1354942159291497
2021-02-01,21,home-assistant/android,61,1,2020-07-01,7,1,1,3.091042453358316
2021-03-01,42,home-assistant/android,61,1,2020-07-01,8,1,1,3.7612001156935624
2021-04-01,34,home-assistant/android,61,1,2020-07-01,9,1,1,3.5553480614894135
2021-05-01,12,home-assistant/android,61,1,2020-07-01,10,1,1,2.5649493574615367
2021-06-01,6,home-assistant/android,61,1,2020-07-01,11,1,1,1.9459101490553132
2021-07-01,15,home-assistant/android,61,1,2020-07-01,12,1,1,2.772588722239781
2019-04-01,21,doctrine/dbal,50,1,2020-04-01,-12,0,0,3.091042453358316
2019-05-01,26,doctrine/dbal,50,1,2020-04-01,-11,0,0,3.295836866004329
2019-06-01,16,doctrine/dbal,50,1,2020-04-01,-10,0,0,2.833213344056216
2019-07-01,3,doctrine/dbal,50,1,2020-04-01,-9,0,0,1.3862943611198906
2019-08-01,21,doctrine/dbal,50,1,2020-04-01,-8,0,0,3.091042453358316
2019-09-01,5,doctrine/dbal,50,1,2020-04-01,-7,0,0,1.791759469228055
2019-10-01,19,doctrine/dbal,50,1,2020-04-01,-6,0,0,2.995732273553991
2019-11-01,196,doctrine/dbal,50,1,2020-04-01,-5,0,0,5.2832037287379885
2019-12-01,51,doctrine/dbal,50,1,2020-04-01,-4,0,0,3.9512437185814275
2020-01-01,116,doctrine/dbal,50,1,2020-04-01,-3,0,0,4.762173934797756
2020-02-01,20,doctrine/dbal,50,1,2020-04-01,-2,0,0,3.044522437723423
2020-03-01,71,doctrine/dbal,50,1,2020-04-01,-1,0,0,4.276666119016055
2020-05-01,131,doctrine/dbal,50,1,2020-04-01,1,1,1,4.882801922586371
2020-06-01,197,doctrine/dbal,50,1,2020-04-01,2,1,1,5.288267030694535
2020-07-01,134,doctrine/dbal,50,1,2020-04-01,3,1,1,4.90527477843843
2020-08-01,61,doctrine/dbal,50,1,2020-04-01,4,1,1,4.127134385045092
2020-09-01,73,doctrine/dbal,50,1,2020-04-01,5,1,1,4.304065093204169
2020-10-01,126,doctrine/dbal,50,1,2020-04-01,6,1,1,4.844187086458591
2020-11-01,66,doctrine/dbal,50,1,2020-04-01,7,1,1,4.204692619390966
2020-12-01,11,doctrine/dbal,50,1,2020-04-01,8,1,1,2.4849066497880004
2021-01-01,17,doctrine/dbal,50,1,2020-04-01,9,1,1,2.8903717578961645
2021-02-01,51,doctrine/dbal,50,1,2020-04-01,10,1,1,3.9512437185814275
2021-03-01,87,doctrine/dbal,50,1,2020-04-01,11,1,1,4.477336814478207
2021-04-01,66,doctrine/dbal,50,1,2020-04-01,12,1,1,4.204692619390966
2020-01-01,9,natemcmaster/CommandLineUtils,69,1,2021-01-01,-12,0,0,2.302585092994046
2020-02-01,19,natemcmaster/CommandLineUtils,69,1,2021-01-01,-11,0,0,2.995732273553991
2020-03-01,15,natemcmaster/CommandLineUtils,69,1,2021-01-01,-10,0,0,2.772588722239781
2020-04-01,0,natemcmaster/CommandLineUtils,69,1,2021-01-01,-9,0,0,0.0
2020-05-01,4,natemcmaster/CommandLineUtils,69,1,2021-01-01,-8,0,0,1.6094379124341003
2020-06-01,5,natemcmaster/CommandLineUtils,69,1,2021-01-01,-7,0,0,1.791759469228055
2020-07-01,0,natemcmaster/CommandLineUtils,69,1,2021-01-01,-6,0,0,0.0
2020-08-01,3,natemcmaster/CommandLineUtils,69,1,2021-01-01,-5,0,0,1.3862943611198906
2020-09-01,7,natemcmaster/CommandLineUtils,69,1,2021-01-01,-4,0,0,2.0794415416798357
2020-10-01,0,natemcmaster/CommandLineUtils,69,1,2021-01-01,-3,0,0,0.0
2020-11-01,9,natemcmaster/CommandLineUtils,69,1,2021-01-01,-2,0,0,2.302585092994046
2020-12-01,1,natemcmaster/CommandLineUtils,69,1,2021-01-01,-1,0,0,0.6931471805599453
2021-02-01,1,natemcmaster/CommandLineUtils,69,1,2021-01-01,1,1,1,0.6931471805599453
2021-03-01,4,natemcmaster/CommandLineUtils,69,1,2021-01-01,2,1,1,1.6094379124341003
2021-04-01,0,natemcmaster/CommandLineUtils,69,1,2021-01-01,3,1,1,0.0
2021-05-01,0,natemcmaster/CommandLineUtils,69,1,2021-01-01,4,1,1,0.0
2021-06-01,1,natemcmaster/CommandLineUtils,69,1,2021-01-01,5,1,1,0.6931471805599453
2021-07-01,0,natemcmaster/CommandLineUtils,69,1,2021-01-01,6,1,1,0.0
2021-08-01,0,natemcmaster/CommandLineUtils,69,1,2021-01-01,7,1,1,0.0
2021-09-01,0,natemcmaster/CommandLineUtils,69,1,2021-01-01,8,1,1,0.0
2021-10-01,0,natemcmaster/CommandLineUtils,69,1,2021-01-01,9,1,1,0.0
2021-11-01,1,natemcmaster/CommandLineUtils,69,1,2021-01-01,10,1,1,0.6931471805599453
2021-12-01,8,natemcmaster/CommandLineUtils,69,1,2021-01-01,11,1,1,2.1972245773362196
2022-01-01,2,natemcmaster/CommandLineUtils,69,1,2021-01-01,12,1,1,1.0986122886681096
2020-01-01,20,digimezzo/dopamine-windows,69,0,2021-01-01,-12,0,0,3.044522437723423
2020-02-01,0,digimezzo/dopamine-windows,69,0,2021-01-01,-11,0,0,0.0
2020-03-01,2,digimezzo/dopamine-windows,69,0,2021-01-01,-10,0,0,1.0986122886681096
2020-04-01,5,digimezzo/dopamine-windows,69,0,2021-01-01,-9,0,0,1.791759469228055
2020-05-01,0,digimezzo/dopamine-windows,69,0,2021-01-01,-8,0,0,0.0
2020-06-01,18,digimezzo/dopamine-windows,69,0,2021-01-01,-7,0,0,2.9444389791664403
2020-07-01,19,digimezzo/dopamine-windows,69,0,2021-01-01,-6,0,0,2.995732273553991
2020-08-01,3,digimezzo/dopamine-windows,69,0,2021-01-01,-5,0,0,1.3862943611198906
2020-09-01,6,digimezzo/dopamine-windows,69,0,2021-01-01,-4,0,0,1.9459101490553132
2020-10-01,0,digimezzo/dopamine-windows,69,0,2021-01-01,-3,0,0,0.0
2020-11-01,3,digimezzo/dopamine-windows,69,0,2021-01-01,-2,0,0,1.3862943611198906
2020-12-01,0,digimezzo/dopamine-windows,69,0,2021-01-01,-1,0,0,0.0
2021-02-01,0,digimezzo/dopamine-windows,69,0,2021-01-01,1,1,0,0.0
2021-03-01,13,digimezzo/dopamine-windows,69,0,2021-01-01,2,1,0,2.639057329615259
2021-04-01,13,digimezzo/dopamine-windows,69,0,2021-01-01,3,1,0,2.639057329615259
2021-05-01,0,digimezzo/dopamine-windows,69,0,2021-01-01,4,1,0,0.0
2021-06-01,2,digimezzo/dopamine-windows,69,0,2021-01-01,5,1,0,1.0986122886681096
2021-07-01,0,digimezzo/dopamine-windows,69,0,2021-01-01,6,1,0,0.0
2021-08-01,1,digimezzo/dopamine-windows,69,0,2021-01-01,7,1,0,0.6931471805599453
2021-09-01,0,digimezzo/dopamine-windows,69,0,2021-01-01,8,1,0,0.0
2021-10-01,0,digimezzo/dopamine-windows,69,0,2021-01-01,9,1,0,0.0
2021-11-01,0,digimezzo/dopamine-windows,69,0,2021-01-01,10,1,0,0.0
2021-12-01,0,digimezzo/dopamine-windows,69,0,2021-01-01,11,1,0,0.0
2022-01-01,6,digimezzo/dopamine-windows,69,0,2021-01-01,12,1,0,1.9459101490553132
2021-07-01,4,alibaba/COLA,70,1,2022-07-01,-12,0,0,1.6094379124341003
2021-08-01,1,alibaba/COLA,70,1,2022-07-01,-11,0,0,0.6931471805599453
2021-09-01,1,alibaba/COLA,70,1,2022-07-01,-10,0,0,0.6931471805599453
2021-10-01,0,alibaba/COLA,70,1,2022-07-01,-9,0,0,0.0
2021-11-01,2,alibaba/COLA,70,1,2022-07-01,-8,0,0,1.0986122886681096
2021-12-01,0,alibaba/COLA,70,1,2022-07-01,-7,0,0,0.0
2022-01-01,11,alibaba/COLA,70,1,2022-07-01,-6,0,0,2.4849066497880004
2022-02-01,9,alibaba/COLA,70,1,2022-07-01,-5,0,0,2.302585092994046
2022-03-01,3,alibaba/COLA,70,1,2022-07-01,-4,0,0,1.3862943611198906
2022-04-01,5,alibaba/COLA,70,1,2022-07-01,-3,0,0,1.791759469228055
2022-05-01,1,alibaba/COLA,70,1,2022-07-01,-2,0,0,0.6931471805599453
2022-06-01,6,alibaba/COLA,70,1,2022-07-01,-1,0,0,1.9459101490553132
2022-08-01,7,alibaba/COLA,70,1,2022-07-01,1,1,1,2.0794415416798357
2022-09-01,10,alibaba/COLA,70,1,2022-07-01,2,1,1,2.3978952727983707
2022-10-01,13,alibaba/COLA,70,1,2022-07-01,3,1,1,2.639057329615259
2022-11-01,3,alibaba/COLA,70,1,2022-07-01,4,1,1,1.3862943611198906
2022-12-01,1,alibaba/COLA,70,1,2022-07-01,5,1,1,0.6931471805599453
2023-01-01,6,alibaba/COLA,70,1,2022-07-01,6,1,1,1.9459101490553132
2023-02-01,0,alibaba/COLA,70,1,2022-07-01,7,1,1,0.0
2023-03-01,0,alibaba/COLA,70,1,2022-07-01,8,1,1,0.0
2023-04-01,19,alibaba/COLA,70,1,2022-07-01,9,1,1,2.995732273553991
2023-05-01,3,alibaba/COLA,70,1,2022-07-01,10,1,1,1.3862943611198906
2023-06-01,0,alibaba/COLA,70,1,2022-07-01,11,1,1,0.0
2023-07-01,3,alibaba/COLA,70,1,2022-07-01,12,1,1,1.3862943611198906
2021-07-01,0,zhisheng17/flink-learning,70,0,2022-07-01,-12,0,0,0.0
2021-08-01,31,zhisheng17/flink-learning,70,0,2022-07-01,-11,0,0,3.4657359027997265
2021-09-01,0,zhisheng17/flink-learning,70,0,2022-07-01,-10,0,0,0.0
2021-10-01,1,zhisheng17/flink-learning,70,0,2022-07-01,-9,0,0,0.6931471805599453
2021-11-01,0,zhisheng17/flink-learning,70,0,2022-07-01,-8,0,0,0.0
2021-12-01,21,zhisheng17/flink-learning,70,0,2022-07-01,-7,0,0,3.091042453358316
2022-01-01,3,zhisheng17/flink-learning,70,0,2022-07-01,-6,0,0,1.3862943611198906
2022-02-01,4,zhisheng17/flink-learning,70,0,2022-07-01,-5,0,0,1.6094379124341003
2022-03-01,0,zhisheng17/flink-learning,70,0,2022-07-01,-4,0,0,0.0
2022-04-01,0,zhisheng17/flink-learning,70,0,2022-07-01,-3,0,0,0.0
2022-05-01,4,zhisheng17/flink-learning,70,0,2022-07-01,-2,0,0,1.6094379124341003
2022-06-01,0,zhisheng17/flink-learning,70,0,2022-07-01,-1,0,0,0.0
2022-08-01,2,zhisheng17/flink-learning,70,0,2022-07-01,1,1,0,1.0986122886681096
2022-09-01,0,zhisheng17/flink-learning,70,0,2022-07-01,2,1,0,0.0
2022-10-01,0,zhisheng17/flink-learning,70,0,2022-07-01,3,1,0,0.0
2022-11-01,0,zhisheng17/flink-learning,70,0,2022-07-01,4,1,0,0.0
2022-12-01,33,zhisheng17/flink-learning,70,0,2022-07-01,5,1,0,3.5263605246161616
2023-01-01,0,zhisheng17/flink-learning,70,0,2022-07-01,6,1,0,0.0
2023-02-01,1,zhisheng17/flink-learning,70,0,2022-07-01,7,1,0,0.6931471805599453
2023-03-01,0,zhisheng17/flink-learning,70,0,2022-07-01,8,1,0,0.0
2023-04-01,0,zhisheng17/flink-learning,70,0,2022-07-01,9,1,0,0.0
2023-05-01,0,zhisheng17/flink-learning,70,0,2022-07-01,10,1,0,0.0
2023-06-01,0,zhisheng17/flink-learning,70,0,2022-07-01,11,1,0,0.0
2023-07-01,0,zhisheng17/flink-learning,70,0,2022-07-01,12,1,0,0.0
2019-06-01,62,RMerl/asuswrt-merlin.ng,67,0,2020-06-01,-12,0,0,4.143134726391533
2019-07-01,65,RMerl/asuswrt-merlin.ng,67,0,2020-06-01,-11,0,0,4.189654742026425
2019-08-01,21,RMerl/asuswrt-merlin.ng,67,0,2020-06-01,-10,0,0,3.091042453358316
2019-09-01,48,RMerl/asuswrt-merlin.ng,67,0,2020-06-01,-9,0,0,3.8918202981106265
2019-10-01,29,RMerl/asuswrt-merlin.ng,67,0,2020-06-01,-8,0,0,3.4011973816621555
2019-11-01,31,RMerl/asuswrt-merlin.ng,67,0,2020-06-01,-7,0,0,3.4657359027997265
2019-12-01,64,RMerl/asuswrt-merlin.ng,67,0,2020-06-01,-6,0,0,4.174387269895637
2020-01-01,36,RMerl/asuswrt-merlin.ng,67,0,2020-06-01,-5,0,0,3.6109179126442243
2020-02-01,52,RMerl/asuswrt-merlin.ng,67,0,2020-06-01,-4,0,0,3.970291913552122
2020-03-01,81,RMerl/asuswrt-merlin.ng,67,0,2020-06-01,-3,0,0,4.406719247264253
2020-04-01,49,RMerl/asuswrt-merlin.ng,67,0,2020-06-01,-2,0,0,3.912023005428146
2020-05-01,36,RMerl/asuswrt-merlin.ng,67,0,2020-06-01,-1,0,0,3.6109179126442243
2020-07-01,63,RMerl/asuswrt-merlin.ng,67,0,2020-06-01,1,1,0,4.1588830833596715
2020-08-01,110,RMerl/asuswrt-merlin.ng,67,0,2020-06-01,2,1,0,4.709530201312334
2020-09-01,37,RMerl/asuswrt-merlin.ng,67,0,2020-06-01,3,1,0,3.6375861597263857
2020-10-01,55,RMerl/asuswrt-merlin.ng,67,0,2020-06-01,4,1,0,4.02535169073515
2020-11-01,104,RMerl/asuswrt-merlin.ng,67,0,2020-06-01,5,1,0,4.653960350157523
2020-12-01,55,RMerl/asuswrt-merlin.ng,67,0,2020-06-01,6,1,0,4.02535169073515
2021-01-01,56,RMerl/asuswrt-merlin.ng,67,0,2020-06-01,7,1,0,4.04305126783455
2021-02-01,54,RMerl/asuswrt-merlin.ng,67,0,2020-06-01,8,1,0,4.007333185232471
2021-03-01,89,RMerl/asuswrt-merlin.ng,67,0,2020-06-01,9,1,0,4.499809670330265
2021-04-01,27,RMerl/asuswrt-merlin.ng,67,0,2020-06-01,10,1,0,3.332204510175204
2021-05-01,15,RMerl/asuswrt-merlin.ng,67,0,2020-06-01,11,1,0,2.772588722239781
2021-06-01,62,RMerl/asuswrt-merlin.ng,67,0,2020-06-01,12,1,0,4.143134726391533
2019-06-01,18,SanderMertens/flecs,67,1,2020-06-01,-12,0,0,2.9444389791664403
2019-07-01,135,SanderMertens/flecs,67,1,2020-06-01,-11,0,0,4.912654885736052
2019-08-01,32,SanderMertens/flecs,67,1,2020-06-01,-10,0,0,3.4965075614664802
2019-09-01,19,SanderMertens/flecs,67,1,2020-06-01,-9,0,0,2.995732273553991
2019-10-01,24,SanderMertens/flecs,67,1,2020-06-01,-8,0,0,3.2188758248682006
2019-11-01,33,SanderMertens/flecs,67,1,2020-06-01,-7,0,0,3.5263605246161616
2019-12-01,23,SanderMertens/flecs,67,1,2020-06-01,-6,0,0,3.1780538303479458
2020-01-01,56,SanderMertens/flecs,67,1,2020-06-01,-5,0,0,4.04305126783455
2020-02-01,8,SanderMertens/flecs,67,1,2020-06-01,-4,0,0,2.1972245773362196
2020-03-01,25,SanderMertens/flecs,67,1,2020-06-01,-3,0,0,3.258096538021482
2020-04-01,30,SanderMertens/flecs,67,1,2020-06-01,-2,0,0,3.4339872044851463
2020-05-01,28,SanderMertens/flecs,67,1,2020-06-01,-1,0,0,3.367295829986474
2020-07-01,103,SanderMertens/flecs,67,1,2020-06-01,1,1,1,4.6443908991413725
2020-08-01,172,SanderMertens/flecs,67,1,2020-06-01,2,1,1,5.153291594497779
2020-09-01,118,SanderMertens/flecs,67,1,2020-06-01,3,1,1,4.77912349311153
2020-10-01,71,SanderMertens/flecs,67,1,2020-06-01,4,1,1,4.276666119016055
2020-11-01,61,SanderMertens/flecs,67,1,2020-06-01,5,1,1,4.127134385045092
2020-12-01,61,SanderMertens/flecs,67,1,2020-06-01,6,1,1,4.127134385045092
2021-01-01,47,SanderMertens/flecs,67,1,2020-06-01,7,1,1,3.8712010109078907
2021-02-01,60,SanderMertens/flecs,67,1,2020-06-01,8,1,1,4.110873864173311
2021-03-01,107,SanderMertens/flecs,67,1,2020-06-01,9,1,1,4.68213122712422
2021-04-01,45,SanderMertens/flecs,67,1,2020-06-01,10,1,1,3.828641396489095
2021-05-01,90,SanderMertens/flecs,67,1,2020-06-01,11,1,1,4.51085950651685
2021-06-01,19,SanderMertens/flecs,67,1,2020-06-01,12,1,1,2.995732273553991
2019-05-01,0,lucasg/Dependencies,71,0,2020-05-01,-12,0,0,0.0
2019-06-01,10,lucasg/Dependencies,71,0,2020-05-01,-11,0,0,2.3978952727983707
2019-07-01,2,lucasg/Dependencies,71,0,2020-05-01,-10,0,0,1.0986122886681096
2019-08-01,6,lucasg/Dependencies,71,0,2020-05-01,-9,0,0,1.9459101490553132
2019-09-01,4,lucasg/Dependencies,71,0,2020-05-01,-8,0,0,1.6094379124341003
2019-10-01,0,lucasg/Dependencies,71,0,2020-05-01,-7,0,0,0.0
2019-11-01,1,lucasg/Dependencies,71,0,2020-05-01,-6,0,0,0.6931471805599453
2019-12-01,10,lucasg/Dependencies,71,0,2020-05-01,-5,0,0,2.3978952727983707
2020-01-01,1,lucasg/Dependencies,71,0,2020-05-01,-4,0,0,0.6931471805599453
2020-02-01,8,lucasg/Dependencies,71,0,2020-05-01,-3,0,0,2.1972245773362196
2020-03-01,8,lucasg/Dependencies,71,0,2020-05-01,-2,0,0,2.1972245773362196
2020-04-01,3,lucasg/Dependencies,71,0,2020-05-01,-1,0,0,1.3862943611198906
2020-06-01,1,lucasg/Dependencies,71,0,2020-05-01,1,1,0,0.6931471805599453
2020-07-01,1,lucasg/Dependencies,71,0,2020-05-01,2,1,0,0.6931471805599453
2020-08-01,0,lucasg/Dependencies,71,0,2020-05-01,3,1,0,0.0
2020-09-01,3,lucasg/Dependencies,71,0,2020-05-01,4,1,0,1.3862943611198906
2020-10-01,0,lucasg/Dependencies,71,0,2020-05-01,5,1,0,0.0
2020-11-01,0,lucasg/Dependencies,71,0,2020-05-01,6,1,0,0.0
2020-12-01,5,lucasg/Dependencies,71,0,2020-05-01,7,1,0,1.791759469228055
2021-01-01,0,lucasg/Dependencies,71,0,2020-05-01,8,1,0,0.0
2021-02-01,0,lucasg/Dependencies,71,0,2020-05-01,9,1,0,0.0
2021-03-01,0,lucasg/Dependencies,71,0,2020-05-01,10,1,0,0.0
2021-04-01,0,lucasg/Dependencies,71,0,2020-05-01,11,1,0,0.0
2021-05-01,7,lucasg/Dependencies,71,0,2020-05-01,12,1,0,2.0794415416798357
2018-08-01,16,gizak/termui,72,0,2019-08-01,-12,0,0,2.833213344056216
2018-09-01,10,gizak/termui,72,0,2019-08-01,-11,0,0,2.3978952727983707
2018-10-01,0,gizak/termui,72,0,2019-08-01,-10,0,0,0.0
2018-11-01,20,gizak/termui,72,0,2019-08-01,-9,0,0,3.044522437723423
2018-12-01,4,gizak/termui,72,0,2019-08-01,-8,0,0,1.6094379124341003
2019-01-01,36,gizak/termui,72,0,2019-08-01,-7,0,0,3.6109179126442243
2019-02-01,27,gizak/termui,72,0,2019-08-01,-6,0,0,3.332204510175204
2019-03-01,13,gizak/termui,72,0,2019-08-01,-5,0,0,2.639057329615259
2019-04-01,2,gizak/termui,72,0,2019-08-01,-4,0,0,1.0986122886681096
2019-05-01,3,gizak/termui,72,0,2019-08-01,-3,0,0,1.3862943611198906
2019-06-01,3,gizak/termui,72,0,2019-08-01,-2,0,0,1.3862943611198906
2019-07-01,2,gizak/termui,72,0,2019-08-01,-1,0,0,1.0986122886681096
2019-09-01,0,gizak/termui,72,0,2019-08-01,1,1,0,0.0
2019-10-01,0,gizak/termui,72,0,2019-08-01,2,1,0,0.0
2019-11-01,0,gizak/termui,72,0,2019-08-01,3,1,0,0.0
2019-12-01,0,gizak/termui,72,0,2019-08-01,4,1,0,0.0
2020-01-01,0,gizak/termui,72,0,2019-08-01,5,1,0,0.0
2020-02-01,0,gizak/termui,72,0,2019-08-01,6,1,0,0.0
2020-03-01,0,gizak/termui,72,0,2019-08-01,7,1,0,0.0
2020-04-01,0,gizak/termui,72,0,2019-08-01,8,1,0,0.0
2020-05-01,0,gizak/termui,72,0,2019-08-01,9,1,0,0.0
2020-06-01,0,gizak/termui,72,0,2019-08-01,10,1,0,0.0
2020-07-01,0,gizak/termui,72,0,2019-08-01,11,1,0,0.0
2020-08-01,0,gizak/termui,72,0,2019-08-01,12,1,0,0.0
2020-01-01,1,chalk/chalk,73,1,2021-01-01,-12,0,0,0.6931471805599453
2020-02-01,0,chalk/chalk,73,1,2021-01-01,-11,0,0,0.0
2020-03-01,0,chalk/chalk,73,1,2021-01-01,-10,0,0,0.0
2020-04-01,6,chalk/chalk,73,1,2021-01-01,-9,0,0,1.9459101490553132
2020-05-01,0,chalk/chalk,73,1,2021-01-01,-8,0,0,0.0
2020-06-01,2,chalk/chalk,73,1,2021-01-01,-7,0,0,1.0986122886681096
2020-07-01,0,chalk/chalk,73,1,2021-01-01,-6,0,0,0.0
2020-08-01,0,chalk/chalk,73,1,2021-01-01,-5,0,0,0.0
2020-09-01,1,chalk/chalk,73,1,2021-01-01,-4,0,0,0.6931471805599453
2020-10-01,2,chalk/chalk,73,1,2021-01-01,-3,0,0,1.0986122886681096
2020-11-01,2,chalk/chalk,73,1,2021-01-01,-2,0,0,1.0986122886681096
2020-12-01,2,chalk/chalk,73,1,2021-01-01,-1,0,0,1.0986122886681096
2021-02-01,0,chalk/chalk,73,1,2021-01-01,1,1,1,0.0
2021-03-01,1,chalk/chalk,73,1,2021-01-01,2,1,1,0.6931471805599453
2021-04-01,5,chalk/chalk,73,1,2021-01-01,3,1,1,1.791759469228055
2021-05-01,1,chalk/chalk,73,1,2021-01-01,4,1,1,0.6931471805599453
2021-06-01,0,chalk/chalk,73,1,2021-01-01,5,1,1,0.0
2021-07-01,2,chalk/chalk,73,1,2021-01-01,6,1,1,1.0986122886681096
2021-08-01,0,chalk/chalk,73,1,2021-01-01,7,1,1,0.0
2021-09-01,0,chalk/chalk,73,1,2021-01-01,8,1,1,0.0
2021-10-01,3,chalk/chalk,73,1,2021-01-01,9,1,1,1.3862943611198906
2021-11-01,6,chalk/chalk,73,1,2021-01-01,10,1,1,1.9459101490553132
2021-12-01,0,chalk/chalk,73,1,2021-01-01,11,1,1,0.0
2022-01-01,0,chalk/chalk,73,1,2021-01-01,12,1,1,0.0
2020-01-01,9,ovity/octotree,73,0,2021-01-01,-12,0,0,2.302585092994046
2020-02-01,1,ovity/octotree,73,0,2021-01-01,-11,0,0,0.6931471805599453
2020-03-01,0,ovity/octotree,73,0,2021-01-01,-10,0,0,0.0
2020-04-01,0,ovity/octotree,73,0,2021-01-01,-9,0,0,0.0
2020-05-01,0,ovity/octotree,73,0,2021-01-01,-8,0,0,0.0
2020-06-01,0,ovity/octotree,73,0,2021-01-01,-7,0,0,0.0
2020-07-01,5,ovity/octotree,73,0,2021-01-01,-6,0,0,1.791759469228055
2020-08-01,4,ovity/octotree,73,0,2021-01-01,-5,0,0,1.6094379124341003
2020-09-01,0,ovity/octotree,73,0,2021-01-01,-4,0,0,0.0
2020-10-01,5,ovity/octotree,73,0,2021-01-01,-3,0,0,1.791759469228055
2020-11-01,2,ovity/octotree,73,0,2021-01-01,-2,0,0,1.0986122886681096
2020-12-01,2,ovity/octotree,73,0,2021-01-01,-1,0,0,1.0986122886681096
2021-02-01,0,ovity/octotree,73,0,2021-01-01,1,1,0,0.0
2021-03-01,3,ovity/octotree,73,0,2021-01-01,2,1,0,1.3862943611198906
2021-04-01,0,ovity/octotree,73,0,2021-01-01,3,1,0,0.0
2021-05-01,0,ovity/octotree,73,0,2021-01-01,4,1,0,0.0
2021-06-01,0,ovity/octotree,73,0,2021-01-01,5,1,0,0.0
2021-07-01,0,ovity/octotree,73,0,2021-01-01,6,1,0,0.0
2021-08-01,0,ovity/octotree,73,0,2021-01-01,7,1,0,0.0
2021-09-01,0,ovity/octotree,73,0,2021-01-01,8,1,0,0.0
2021-10-01,4,ovity/octotree,73,0,2021-01-01,9,1,0,1.6094379124341003
2021-11-01,0,ovity/octotree,73,0,2021-01-01,10,1,0,0.0
2021-12-01,4,ovity/octotree,73,0,2021-01-01,11,1,0,1.6094379124341003
2022-01-01,0,ovity/octotree,73,0,2021-01-01,12,1,0,0.0
2018-08-01,1,github/gh-ost,72,1,2019-08-01,-12,0,0,0.6931471805599453
2018-09-01,11,github/gh-ost,72,1,2019-08-01,-11,0,0,2.4849066497880004
2018-10-01,20,github/gh-ost,72,1,2019-08-01,-10,0,0,3.044522437723423
2018-11-01,15,github/gh-ost,72,1,2019-08-01,-9,0,0,2.772588722239781
2018-12-01,13,github/gh-ost,72,1,2019-08-01,-8,0,0,2.639057329615259
2019-01-01,26,github/gh-ost,72,1,2019-08-01,-7,0,0,3.295836866004329
2019-02-01,19,github/gh-ost,72,1,2019-08-01,-6,0,0,2.995732273553991
2019-03-01,9,github/gh-ost,72,1,2019-08-01,-5,0,0,2.302585092994046
2019-04-01,3,github/gh-ost,72,1,2019-08-01,-4,0,0,1.3862943611198906
2019-05-01,2,github/gh-ost,72,1,2019-08-01,-3,0,0,1.0986122886681096
2019-06-01,5,github/gh-ost,72,1,2019-08-01,-2,0,0,1.791759469228055
2019-07-01,0,github/gh-ost,72,1,2019-08-01,-1,0,0,0.0
2019-09-01,0,github/gh-ost,72,1,2019-08-01,1,1,1,0.0
2019-10-01,10,github/gh-ost,72,1,2019-08-01,2,1,1,2.3978952727983707
2019-11-01,1,github/gh-ost,72,1,2019-08-01,3,1,1,0.6931471805599453
2019-12-01,6,github/gh-ost,72,1,2019-08-01,4,1,1,1.9459101490553132
2020-01-01,0,github/gh-ost,72,1,2019-08-01,5,1,1,0.0
2020-02-01,35,github/gh-ost,72,1,2019-08-01,6,1,1,3.58351893845611
2020-03-01,14,github/gh-ost,72,1,2019-08-01,7,1,1,2.70805020110221
2020-04-01,1,github/gh-ost,72,1,2019-08-01,8,1,1,0.6931471805599453
2020-05-01,1,github/gh-ost,72,1,2019-08-01,9,1,1,0.6931471805599453
2020-06-01,4,github/gh-ost,72,1,2019-08-01,10,1,1,1.6094379124341003
2020-07-01,14,github/gh-ost,72,1,2019-08-01,11,1,1,2.70805020110221
2020-08-01,26,github/gh-ost,72,1,2019-08-01,12,1,1,3.295836866004329
2019-09-01,0,AndroidCoderPeng/DailyTask,74,0,2020-09-01,-12,0,0,0.0
2019-10-01,0,AndroidCoderPeng/DailyTask,74,0,2020-09-01,-11,0,0,0.0
2019-11-01,0,AndroidCoderPeng/DailyTask,74,0,2020-09-01,-10,0,0,0.0
2019-12-01,19,AndroidCoderPeng/DailyTask,74,0,2020-09-01,-9,0,0,2.995732273553991
2020-01-01,24,AndroidCoderPeng/DailyTask,74,0,2020-09-01,-8,0,0,3.2188758248682006
2020-02-01,6,AndroidCoderPeng/DailyTask,74,0,2020-09-01,-7,0,0,1.9459101490553132
2020-03-01,0,AndroidCoderPeng/DailyTask,74,0,2020-09-01,-6,0,0,0.0
2020-04-01,8,AndroidCoderPeng/DailyTask,74,0,2020-09-01,-5,0,0,2.1972245773362196
2020-05-01,1,AndroidCoderPeng/DailyTask,74,0,2020-09-01,-4,0,0,0.6931471805599453
2020-06-01,1,AndroidCoderPeng/DailyTask,74,0,2020-09-01,-3,0,0,0.6931471805599453
2020-07-01,29,AndroidCoderPeng/DailyTask,74,0,2020-09-01,-2,0,0,3.4011973816621555
2020-08-01,1,AndroidCoderPeng/DailyTask,74,0,2020-09-01,-1,0,0,0.6931471805599453
2020-10-01,0,AndroidCoderPeng/DailyTask,74,0,2020-09-01,1,1,0,0.0
2020-11-01,0,AndroidCoderPeng/DailyTask,74,0,2020-09-01,2,1,0,0.0
2020-12-01,0,AndroidCoderPeng/DailyTask,74,0,2020-09-01,3,1,0,0.0
2021-01-01,11,AndroidCoderPeng/DailyTask,74,0,2020-09-01,4,1,0,2.4849066497880004
2021-02-01,0,AndroidCoderPeng/DailyTask,74,0,2020-09-01,5,1,0,0.0
2021-03-01,0,AndroidCoderPeng/DailyTask,74,0,2020-09-01,6,1,0,0.0
2021-04-01,0,AndroidCoderPeng/DailyTask,74,0,2020-09-01,7,1,0,0.0
2021-05-01,0,AndroidCoderPeng/DailyTask,74,0,2020-09-01,8,1,0,0.0
2021-06-01,0,AndroidCoderPeng/DailyTask,74,0,2020-09-01,9,1,0,0.0
2021-07-01,0,AndroidCoderPeng/DailyTask,74,0,2020-09-01,10,1,0,0.0
2021-08-01,0,AndroidCoderPeng/DailyTask,74,0,2020-09-01,11,1,0,0.0
2021-09-01,0,AndroidCoderPeng/DailyTask,74,0,2020-09-01,12,1,0,0.0
2021-01-01,5,DatabaseCleaner/database_cleaner,75,1,2022-01-01,-12,0,0,1.791759469228055
2021-02-01,5,DatabaseCleaner/database_cleaner,75,1,2022-01-01,-11,0,0,1.791759469228055
2021-03-01,2,DatabaseCleaner/database_cleaner,75,1,2022-01-01,-10,0,0,1.0986122886681096
2021-04-01,0,DatabaseCleaner/database_cleaner,75,1,2022-01-01,-9,0,0,0.0
2021-05-01,2,DatabaseCleaner/database_cleaner,75,1,2022-01-01,-8,0,0,1.0986122886681096
2021-06-01,0,DatabaseCleaner/database_cleaner,75,1,2022-01-01,-7,0,0,0.0
2021-07-01,1,DatabaseCleaner/database_cleaner,75,1,2022-01-01,-6,0,0,0.6931471805599453
2021-08-01,0,DatabaseCleaner/database_cleaner,75,1,2022-01-01,-5,0,0,0.0
2021-09-01,0,DatabaseCleaner/database_cleaner,75,1,2022-01-01,-4,0,0,0.0
2021-10-01,4,DatabaseCleaner/database_cleaner,75,1,2022-01-01,-3,0,0,1.6094379124341003
2021-11-01,0,DatabaseCleaner/database_cleaner,75,1,2022-01-01,-2,0,0,0.0
2021-12-01,0,DatabaseCleaner/database_cleaner,75,1,2022-01-01,-1,0,0,0.0
2022-02-01,0,DatabaseCleaner/database_cleaner,75,1,2022-01-01,1,1,1,0.0
2022-03-01,0,DatabaseCleaner/database_cleaner,75,1,2022-01-01,2,1,1,0.0
2022-04-01,0,DatabaseCleaner/database_cleaner,75,1,2022-01-01,3,1,1,0.0
2022-05-01,0,DatabaseCleaner/database_cleaner,75,1,2022-01-01,4,1,1,0.0
2022-06-01,0,DatabaseCleaner/database_cleaner,75,1,2022-01-01,5,1,1,0.0
2022-07-01,0,DatabaseCleaner/database_cleaner,75,1,2022-01-01,6,1,1,0.0
2022-08-01,0,DatabaseCleaner/database_cleaner,75,1,2022-01-01,7,1,1,0.0
2022-09-01,0,DatabaseCleaner/database_cleaner,75,1,2022-01-01,8,1,1,0.0
2022-10-01,0,DatabaseCleaner/database_cleaner,75,1,2022-01-01,9,1,1,0.0
2022-11-01,0,DatabaseCleaner/database_cleaner,75,1,2022-01-01,10,1,1,0.0
2022-12-01,3,DatabaseCleaner/database_cleaner,75,1,2022-01-01,11,1,1,1.3862943611198906
2023-01-01,1,DatabaseCleaner/database_cleaner,75,1,2022-01-01,12,1,1,0.6931471805599453
2021-01-01,10,awesome-print/awesome_print,75,0,2022-01-01,-12,0,0,2.3978952727983707
2021-02-01,2,awesome-print/awesome_print,75,0,2022-01-01,-11,0,0,1.0986122886681096
2021-03-01,1,awesome-print/awesome_print,75,0,2022-01-01,-10,0,0,0.6931471805599453
2021-04-01,1,awesome-print/awesome_print,75,0,2022-01-01,-9,0,0,0.6931471805599453
2021-05-01,0,awesome-print/awesome_print,75,0,2022-01-01,-8,0,0,0.0
2021-06-01,0,awesome-print/awesome_print,75,0,2022-01-01,-7,0,0,0.0
2021-07-01,0,awesome-print/awesome_print,75,0,2022-01-01,-6,0,0,0.0
2021-08-01,0,awesome-print/awesome_print,75,0,2022-01-01,-5,0,0,0.0
2021-09-01,0,awesome-print/awesome_print,75,0,2022-01-01,-4,0,0,0.0
2021-10-01,0,awesome-print/awesome_print,75,0,2022-01-01,-3,0,0,0.0
2021-11-01,0,awesome-print/awesome_print,75,0,2022-01-01,-2,0,0,0.0
2021-12-01,0,awesome-print/awesome_print,75,0,2022-01-01,-1,0,0,0.0
2022-02-01,0,awesome-print/awesome_print,75,0,2022-01-01,1,1,0,0.0
2022-03-01,0,awesome-print/awesome_print,75,0,2022-01-01,2,1,0,0.0
2022-04-01,0,awesome-print/awesome_print,75,0,2022-01-01,3,1,0,0.0
2022-05-01,0,awesome-print/awesome_print,75,0,2022-01-01,4,1,0,0.0
2022-06-01,0,awesome-print/awesome_print,75,0,2022-01-01,5,1,0,0.0
2022-07-01,0,awesome-print/awesome_print,75,0,2022-01-01,6,1,0,0.0
2022-08-01,0,awesome-print/awesome_print,75,0,2022-01-01,7,1,0,0.0
2022-09-01,0,awesome-print/awesome_print,75,0,2022-01-01,8,1,0,0.0
2022-10-01,0,awesome-print/awesome_print,75,0,2022-01-01,9,1,0,0.0
2022-11-01,0,awesome-print/awesome_print,75,0,2022-01-01,10,1,0,0.0
2022-12-01,0,awesome-print/awesome_print,75,0,2022-01-01,11,1,0,0.0
2023-01-01,0,awesome-print/awesome_print,75,0,2022-01-01,12,1,0,0.0
2019-06-01,0,chinabugotech/hutool,68,0,2020-06-01,-12,0,0,0.0
2019-07-01,0,chinabugotech/hutool,68,0,2020-06-01,-11,0,0,0.0
2019-08-01,53,chinabugotech/hutool,68,0,2020-06-01,-10,0,0,3.9889840465642745
2019-09-01,95,chinabugotech/hutool,68,0,2020-06-01,-9,0,0,4.564348191467836
2019-10-01,90,chinabugotech/hutool,68,0,2020-06-01,-8,0,0,4.51085950651685
2019-11-01,34,chinabugotech/hutool,68,0,2020-06-01,-7,0,0,3.5553480614894135
2019-12-01,51,chinabugotech/hutool,68,0,2020-06-01,-6,0,0,3.9512437185814275
2020-01-01,50,chinabugotech/hutool,68,0,2020-06-01,-5,0,0,3.9318256327243257
2020-02-01,41,chinabugotech/hutool,68,0,2020-06-01,-4,0,0,3.7376696182833684
2020-03-01,136,chinabugotech/hutool,68,0,2020-06-01,-3,0,0,4.919980925828125
2020-04-01,77,chinabugotech/hutool,68,0,2020-06-01,-2,0,0,4.356708826689592
2020-05-01,101,chinabugotech/hutool,68,0,2020-06-01,-1,0,0,4.624972813284271
2020-07-01,67,chinabugotech/hutool,68,0,2020-06-01,1,1,0,4.219507705176107
2020-08-01,128,chinabugotech/hutool,68,0,2020-06-01,2,1,0,4.859812404361672
2020-09-01,202,chinabugotech/hutool,68,0,2020-06-01,3,1,0,5.313205979041787
2020-10-01,116,chinabugotech/hutool,68,0,2020-06-01,4,1,0,4.762173934797756
2020-11-01,130,chinabugotech/hutool,68,0,2020-06-01,5,1,0,4.875197323201151
2020-12-01,141,chinabugotech/hutool,68,0,2020-06-01,6,1,0,4.955827057601261
2021-01-01,84,chinabugotech/hutool,68,0,2020-06-01,7,1,0,4.442651256490317
2021-02-01,53,chinabugotech/hutool,68,0,2020-06-01,8,1,0,3.9889840465642745
2021-03-01,131,chinabugotech/hutool,68,0,2020-06-01,9,1,0,4.882801922586371
2021-04-01,104,chinabugotech/hutool,68,0,2020-06-01,10,1,0,4.653960350157523
2021-05-01,82,chinabugotech/hutool,68,0,2020-06-01,11,1,0,4.418840607796598
2021-06-01,178,chinabugotech/hutool,68,0,2020-06-01,12,1,0,5.187385805840755
2021-03-01,0,matthiasmullie/minify,76,1,2022-03-01,-12,0,0,0.0
2021-04-01,0,matthiasmullie/minify,76,1,2022-03-01,-11,0,0,0.0
2021-05-01,0,matthiasmullie/minify,76,1,2022-03-01,-10,0,0,0.0
2021-06-01,0,matthiasmullie/minify,76,1,2022-03-01,-9,0,0,0.0
2021-07-01,1,matthiasmullie/minify,76,1,2022-03-01,-8,0,0,0.6931471805599453
2021-08-01,0,matthiasmullie/minify,76,1,2022-03-01,-7,0,0,0.0
2021-09-01,3,matthiasmullie/minify,76,1,2022-03-01,-6,0,0,1.3862943611198906
2021-10-01,0,matthiasmullie/minify,76,1,2022-03-01,-5,0,0,0.0
2021-11-01,2,matthiasmullie/minify,76,1,2022-03-01,-4,0,0,1.0986122886681096
2021-12-01,0,matthiasmullie/minify,76,1,2022-03-01,-3,0,0,0.0
2022-01-01,0,matthiasmullie/minify,76,1,2022-03-01,-2,0,0,0.0
2022-02-01,2,matthiasmullie/minify,76,1,2022-03-01,-1,0,0,1.0986122886681096
2022-04-01,6,matthiasmullie/minify,76,1,2022-03-01,1,1,1,1.9459101490553132
2022-05-01,1,matthiasmullie/minify,76,1,2022-03-01,2,1,1,0.6931471805599453
2022-06-01,1,matthiasmullie/minify,76,1,2022-03-01,3,1,1,0.6931471805599453
2022-07-01,0,matthiasmullie/minify,76,1,2022-03-01,4,1,1,0.0
2022-08-01,2,matthiasmullie/minify,76,1,2022-03-01,5,1,1,1.0986122886681096
2022-09-01,0,matthiasmullie/minify,76,1,2022-03-01,6,1,1,0.0
2022-10-01,0,matthiasmullie/minify,76,1,2022-03-01,7,1,1,0.0
2022-11-01,21,matthiasmullie/minify,76,1,2022-03-01,8,1,1,3.091042453358316
2022-12-01,10,matthiasmullie/minify,76,1,2022-03-01,9,1,1,2.3978952727983707
2023-01-01,1,matthiasmullie/minify,76,1,2022-03-01,10,1,1,0.6931471805599453
2023-02-01,2,matthiasmullie/minify,76,1,2022-03-01,11,1,1,1.0986122886681096
2023-03-01,0,matthiasmullie/minify,76,1,2022-03-01,12,1,1,0.0
2021-03-01,0,Torann/laravel-geoip,76,0,2022-03-01,-12,0,0,0.0
2021-04-01,0,Torann/laravel-geoip,76,0,2022-03-01,-11,0,0,0.0
2021-05-01,0,Torann/laravel-geoip,76,0,2022-03-01,-10,0,0,0.0
2021-06-01,0,Torann/laravel-geoip,76,0,2022-03-01,-9,0,0,0.0
2021-07-01,0,Torann/laravel-geoip,76,0,2022-03-01,-8,0,0,0.0
2021-08-01,0,Torann/laravel-geoip,76,0,2022-03-01,-7,0,0,0.0
2021-09-01,0,Torann/laravel-geoip,76,0,2022-03-01,-6,0,0,0.0
2021-10-01,0,Torann/laravel-geoip,76,0,2022-03-01,-5,0,0,0.0
2021-11-01,0,Torann/laravel-geoip,76,0,2022-03-01,-4,0,0,0.0
2021-12-01,4,Torann/laravel-geoip,76,0,2022-03-01,-3,0,0,1.6094379124341003
2022-01-01,0,Torann/laravel-geoip,76,0,2022-03-01,-2,0,0,0.0
2022-02-01,2,Torann/laravel-geoip,76,0,2022-03-01,-1,0,0,1.0986122886681096
2022-04-01,0,Torann/laravel-geoip,76,0,2022-03-01,1,1,0,0.0
2022-05-01,0,Torann/laravel-geoip,76,0,2022-03-01,2,1,0,0.0
2022-06-01,0,Torann/laravel-geoip,76,0,2022-03-01,3,1,0,0.0
2022-07-01,0,Torann/laravel-geoip,76,0,2022-03-01,4,1,0,0.0
2022-08-01,0,Torann/laravel-geoip,76,0,2022-03-01,5,1,0,0.0
2022-09-01,0,Torann/laravel-geoip,76,0,2022-03-01,6,1,0,0.0
2022-10-01,0,Torann/laravel-geoip,76,0,2022-03-01,7,1,0,0.0
2022-11-01,0,Torann/laravel-geoip,76,0,2022-03-01,8,1,0,0.0
2022-12-01,0,Torann/laravel-geoip,76,0,2022-03-01,9,1,0,0.0
2023-01-01,0,Torann/laravel-geoip,76,0,2022-03-01,10,1,0,0.0
2023-02-01,3,Torann/laravel-geoip,76,0,2022-03-01,11,1,0,1.3862943611198906
2023-03-01,0,Torann/laravel-geoip,76,0,2022-03-01,12,1,0,0.0
2019-09-01,13,android/wear-os-samples,74,1,2020-09-01,-12,0,0,2.639057329615259
2019-10-01,0,android/wear-os-samples,74,1,2020-09-01,-11,0,0,0.0
2019-11-01,0,android/wear-os-samples,74,1,2020-09-01,-10,0,0,0.0
2019-12-01,0,android/wear-os-samples,74,1,2020-09-01,-9,0,0,0.0
2020-01-01,0,android/wear-os-samples,74,1,2020-09-01,-8,0,0,0.0
2020-02-01,0,android/wear-os-samples,74,1,2020-09-01,-7,0,0,0.0
2020-03-01,19,android/wear-os-samples,74,1,2020-09-01,-6,0,0,2.995732273553991
2020-04-01,7,android/wear-os-samples,74,1,2020-09-01,-5,0,0,2.0794415416798357
2020-05-01,5,android/wear-os-samples,74,1,2020-09-01,-4,0,0,1.791759469228055
2020-06-01,1,android/wear-os-samples,74,1,2020-09-01,-3,0,0,0.6931471805599453
2020-07-01,2,android/wear-os-samples,74,1,2020-09-01,-2,0,0,1.0986122886681096
2020-08-01,0,android/wear-os-samples,74,1,2020-09-01,-1,0,0,0.0
2020-10-01,17,android/wear-os-samples,74,1,2020-09-01,1,1,1,2.8903717578961645
2020-11-01,10,android/wear-os-samples,74,1,2020-09-01,2,1,1,2.3978952727983707
2020-12-01,14,android/wear-os-samples,74,1,2020-09-01,3,1,1,2.70805020110221
2021-01-01,18,android/wear-os-samples,74,1,2020-09-01,4,1,1,2.9444389791664403
2021-02-01,16,android/wear-os-samples,74,1,2020-09-01,5,1,1,2.833213344056216
2021-03-01,8,android/wear-os-samples,74,1,2020-09-01,6,1,1,2.1972245773362196
2021-04-01,3,android/wear-os-samples,74,1,2020-09-01,7,1,1,1.3862943611198906
2021-05-01,2,android/wear-os-samples,74,1,2020-09-01,8,1,1,1.0986122886681096
2021-06-01,55,android/wear-os-samples,74,1,2020-09-01,9,1,1,4.02535169073515
2021-07-01,99,android/wear-os-samples,74,1,2020-09-01,10,1,1,4.605170185988092
2021-08-01,61,android/wear-os-samples,74,1,2020-09-01,11,1,1,4.127134385045092
2021-09-01,22,android/wear-os-samples,74,1,2020-09-01,12,1,1,3.1354942159291497
2020-11-01,0,vovgou/loxodon-framework,78,1,2021-11-01,-12,0,0,0.0
2020-12-01,2,vovgou/loxodon-framework,78,1,2021-11-01,-11,0,0,1.0986122886681096
2021-01-01,2,vovgou/loxodon-framework,78,1,2021-11-01,-10,0,0,1.0986122886681096
2021-02-01,3,vovgou/loxodon-framework,78,1,2021-11-01,-9,0,0,1.3862943611198906
2021-03-01,7,vovgou/loxodon-framework,78,1,2021-11-01,-8,0,0,2.0794415416798357
2021-04-01,3,vovgou/loxodon-framework,78,1,2021-11-01,-7,0,0,1.3862943611198906
2021-05-01,0,vovgou/loxodon-framework,78,1,2021-11-01,-6,0,0,0.0
2021-06-01,3,vovgou/loxodon-framework,78,1,2021-11-01,-5,0,0,1.3862943611198906
2021-07-01,1,vovgou/loxodon-framework,78,1,2021-11-01,-4,0,0,0.6931471805599453
2021-08-01,2,vovgou/loxodon-framework,78,1,2021-11-01,-3,0,0,1.0986122886681096
2021-09-01,2,vovgou/loxodon-framework,78,1,2021-11-01,-2,0,0,1.0986122886681096
2021-10-01,4,vovgou/loxodon-framework,78,1,2021-11-01,-1,0,0,1.6094379124341003
2021-12-01,0,vovgou/loxodon-framework,78,1,2021-11-01,1,1,1,0.0
2022-01-01,0,vovgou/loxodon-framework,78,1,2021-11-01,2,1,1,0.0
2022-02-01,5,vovgou/loxodon-framework,78,1,2021-11-01,3,1,1,1.791759469228055
2022-03-01,2,vovgou/loxodon-framework,78,1,2021-11-01,4,1,1,1.0986122886681096
2022-04-01,0,vovgou/loxodon-framework,78,1,2021-11-01,5,1,1,0.0
2022-05-01,0,vovgou/loxodon-framework,78,1,2021-11-01,6,1,1,0.0
2022-06-01,0,vovgou/loxodon-framework,78,1,2021-11-01,7,1,1,0.0
2022-07-01,10,vovgou/loxodon-framework,78,1,2021-11-01,8,1,1,2.3978952727983707
2022-08-01,14,vovgou/loxodon-framework,78,1,2021-11-01,9,1,1,2.70805020110221
2022-09-01,10,vovgou/loxodon-framework,78,1,2021-11-01,10,1,1,2.3978952727983707
2022-10-01,0,vovgou/loxodon-framework,78,1,2021-11-01,11,1,1,0.0
2022-11-01,1,vovgou/loxodon-framework,78,1,2021-11-01,12,1,1,0.6931471805599453
2020-11-01,1,FakeFishGames/Barotrauma,78,0,2021-11-01,-12,0,0,0.6931471805599453
2020-12-01,2,FakeFishGames/Barotrauma,78,0,2021-11-01,-11,0,0,1.0986122886681096
2021-01-01,1,FakeFishGames/Barotrauma,78,0,2021-11-01,-10,0,0,0.6931471805599453
2021-02-01,6,FakeFishGames/Barotrauma,78,0,2021-11-01,-9,0,0,1.9459101490553132
2021-03-01,5,FakeFishGames/Barotrauma,78,0,2021-11-01,-8,0,0,1.791759469228055
2021-04-01,13,FakeFishGames/Barotrauma,78,0,2021-11-01,-7,0,0,2.639057329615259
2021-05-01,3,FakeFishGames/Barotrauma,78,0,2021-11-01,-6,0,0,1.3862943611198906
2021-06-01,6,FakeFishGames/Barotrauma,78,0,2021-11-01,-5,0,0,1.9459101490553132
2021-07-01,1,FakeFishGames/Barotrauma,78,0,2021-11-01,-4,0,0,0.6931471805599453
2021-08-01,6,FakeFishGames/Barotrauma,78,0,2021-11-01,-3,0,0,1.9459101490553132
2021-09-01,6,FakeFishGames/Barotrauma,78,0,2021-11-01,-2,0,0,1.9459101490553132
2021-10-01,10,FakeFishGames/Barotrauma,78,0,2021-11-01,-1,0,0,2.3978952727983707
2021-12-01,6,FakeFishGames/Barotrauma,78,0,2021-11-01,1,1,0,1.9459101490553132
2022-01-01,3,FakeFishGames/Barotrauma,78,0,2021-11-01,2,1,0,1.3862943611198906
2022-02-01,7,FakeFishGames/Barotrauma,78,0,2021-11-01,3,1,0,2.0794415416798357
2022-03-01,6,FakeFishGames/Barotrauma,78,0,2021-11-01,4,1,0,1.9459101490553132
2022-04-01,10,FakeFishGames/Barotrauma,78,0,2021-11-01,5,1,0,2.3978952727983707
2022-05-01,15,FakeFishGames/Barotrauma,78,0,2021-11-01,6,1,0,2.772588722239781
2022-06-01,14,FakeFishGames/Barotrauma,78,0,2021-11-01,7,1,0,2.70805020110221
2022-07-01,5,FakeFishGames/Barotrauma,78,0,2021-11-01,8,1,0,1.791759469228055
2022-08-01,4,FakeFishGames/Barotrauma,78,0,2021-11-01,9,1,0,1.6094379124341003
2022-09-01,11,FakeFishGames/Barotrauma,78,0,2021-11-01,10,1,0,2.4849066497880004
2022-10-01,11,FakeFishGames/Barotrauma,78,0,2021-11-01,11,1,0,2.4849066497880004
2022-11-01,14,FakeFishGames/Barotrauma,78,0,2021-11-01,12,1,0,2.70805020110221
2019-06-01,59,keycloak/keycloak,68,1,2020-06-01,-12,0,0,4.0943445622221
2019-07-01,79,keycloak/keycloak,68,1,2020-06-01,-11,0,0,4.382026634673881
2019-08-01,47,keycloak/keycloak,68,1,2020-06-01,-10,0,0,3.8712010109078907
2019-09-01,80,keycloak/keycloak,68,1,2020-06-01,-9,0,0,4.394449154672439
2019-10-01,120,keycloak/keycloak,68,1,2020-06-01,-8,0,0,4.795790545596741
2019-11-01,134,keycloak/keycloak,68,1,2020-06-01,-7,0,0,4.90527477843843
2019-12-01,68,keycloak/keycloak,68,1,2020-06-01,-6,0,0,4.23410650459726
2020-01-01,111,keycloak/keycloak,68,1,2020-06-01,-5,0,0,4.718498871295094
2020-02-01,143,keycloak/keycloak,68,1,2020-06-01,-4,0,0,4.969813299576001
2020-03-01,129,keycloak/keycloak,68,1,2020-06-01,-3,0,0,4.867534450455582
2020-04-01,86,keycloak/keycloak,68,1,2020-06-01,-2,0,0,4.465908118654584
2020-05-01,86,keycloak/keycloak,68,1,2020-06-01,-1,0,0,4.465908118654584
2020-07-01,129,keycloak/keycloak,68,1,2020-06-01,1,1,1,4.867534450455582
2020-08-01,75,keycloak/keycloak,68,1,2020-06-01,2,1,1,4.330733340286331
2020-09-01,154,keycloak/keycloak,68,1,2020-06-01,3,1,1,5.043425116919247
2020-10-01,154,keycloak/keycloak,68,1,2020-06-01,4,1,1,5.043425116919247
2020-11-01,107,keycloak/keycloak,68,1,2020-06-01,5,1,1,4.68213122712422
2020-12-01,70,keycloak/keycloak,68,1,2020-06-01,6,1,1,4.2626798770413155
2021-01-01,145,keycloak/keycloak,68,1,2020-06-01,7,1,1,4.983606621708336
2021-02-01,114,keycloak/keycloak,68,1,2020-06-01,8,1,1,4.74493212836325
2021-03-01,194,keycloak/keycloak,68,1,2020-06-01,9,1,1,5.272999558563747
2021-04-01,187,keycloak/keycloak,68,1,2020-06-01,10,1,1,5.236441962829949
2021-05-01,227,keycloak/keycloak,68,1,2020-06-01,11,1,1,5.429345628954441
2021-06-01,206,keycloak/keycloak,68,1,2020-06-01,12,1,1,5.332718793265369
2024-04-01,24,crosire/reshade,79,1,2025-04-01,-12,0,0,3.2188758248682006
2024-05-01,68,crosire/reshade,79,1,2025-04-01,-11,0,0,4.23410650459726
2024-06-01,32,crosire/reshade,79,1,2025-04-01,-10,0,0,3.4965075614664802
2024-07-01,36,crosire/reshade,79,1,2025-04-01,-9,0,0,3.6109179126442243
2024-08-01,53,crosire/reshade,79,1,2025-04-01,-8,0,0,3.9889840465642745
2024-09-01,18,crosire/reshade,79,1,2025-04-01,-7,0,0,2.9444389791664403
2024-10-01,15,crosire/reshade,79,1,2025-04-01,-6,0,0,2.772588722239781
2024-11-01,12,crosire/reshade,79,1,2025-04-01,-5,0,0,2.5649493574615367
2024-12-01,34,crosire/reshade,79,1,2025-04-01,-4,0,0,3.5553480614894135
2025-01-01,44,crosire/reshade,79,1,2025-04-01,-3,0,0,3.8066624897703196
2025-02-01,56,crosire/reshade,79,1,2025-04-01,-2,0,0,4.04305126783455
2025-03-01,24,crosire/reshade,79,1,2025-04-01,-1,0,0,3.2188758248682006
2025-05-01,54,crosire/reshade,79,1,2025-04-01,1,1,1,4.007333185232471
2025-06-01,31,crosire/reshade,79,1,2025-04-01,2,1,1,3.4657359027997265
2025-07-01,5,crosire/reshade,79,1,2025-04-01,3,1,1,1.791759469228055
2025-08-01,64,crosire/reshade,79,1,2025-04-01,4,1,1,4.174387269895637
2025-09-01,45,crosire/reshade,79,1,2025-04-01,5,1,1,3.828641396489095
2025-10-01,34,crosire/reshade,79,1,2025-04-01,6,1,1,3.5553480614894135
2025-11-01,25,crosire/reshade,79,1,2025-04-01,7,1,1,3.258096538021482
2025-12-01,64,crosire/reshade,79,1,2025-04-01,8,1,1,4.174387269895637
2026-01-01,42,crosire/reshade,79,1,2025-04-01,9,1,1,3.7612001156935624
2026-02-01,31,crosire/reshade,79,1,2025-04-01,10,1,1,3.4657359027997265
2026-03-01,31,crosire/reshade,79,1,2025-04-01,11,1,1,3.4657359027997265
2026-04-01,40,crosire/reshade,79,1,2025-04-01,12,1,1,3.713572066704308
2024-04-01,24,chromiumembedded/cef,79,0,2025-04-01,-12,0,0,3.2188758248682006
2024-05-01,32,chromiumembedded/cef,79,0,2025-04-01,-11,0,0,3.4965075614664802
2024-06-01,18,chromiumembedded/cef,79,0,2025-04-01,-10,0,0,2.9444389791664403
2024-07-01,28,chromiumembedded/cef,79,0,2025-04-01,-9,0,0,3.367295829986474
2024-08-01,17,chromiumembedded/cef,79,0,2025-04-01,-8,0,0,2.8903717578961645
2024-09-01,7,chromiumembedded/cef,79,0,2025-04-01,-7,0,0,2.0794415416798357
2024-10-01,30,chromiumembedded/cef,79,0,2025-04-01,-6,0,0,3.4339872044851463
2024-11-01,18,chromiumembedded/cef,79,0,2025-04-01,-5,0,0,2.9444389791664403
2024-12-01,10,chromiumembedded/cef,79,0,2025-04-01,-4,0,0,2.3978952727983707
2025-01-01,14,chromiumembedded/cef,79,0,2025-04-01,-3,0,0,2.70805020110221
2025-02-01,14,chromiumembedded/cef,79,0,2025-04-01,-2,0,0,2.70805020110221
2025-03-01,17,chromiumembedded/cef,79,0,2025-04-01,-1,0,0,2.8903717578961645
2025-05-01,37,chromiumembedded/cef,79,0,2025-04-01,1,1,0,3.6375861597263857
2025-06-01,19,chromiumembedded/cef,79,0,2025-04-01,2,1,0,2.995732273553991
2025-07-01,23,chromiumembedded/cef,79,0,2025-04-01,3,1,0,3.1780538303479458
2025-08-01,29,chromiumembedded/cef,79,0,2025-04-01,4,1,0,3.4011973816621555
2025-09-01,3,chromiumembedded/cef,79,0,2025-04-01,5,1,0,1.3862943611198906
2025-10-01,31,chromiumembedded/cef,79,0,2025-04-01,6,1,0,3.4657359027997265
2025-11-01,58,chromiumembedded/cef,79,0,2025-04-01,7,1,0,4.07753744390572
2025-12-01,39,chromiumembedded/cef,79,0,2025-04-01,8,1,0,3.6888794541139363
2026-01-01,75,chromiumembedded/cef,79,0,2025-04-01,9,1,0,4.330733340286331
2026-02-01,14,chromiumembedded/cef,79,0,2025-04-01,10,1,0,2.70805020110221
2026-03-01,8,chromiumembedded/cef,79,0,2025-04-01,11,1,0,2.1972245773362196
2026-04-01,9,chromiumembedded/cef,79,0,2025-04-01,12,1,0,2.302585092994046
2019-08-01,3,SciRuby/daru,80,0,2020-08-01,-12,0,0,1.3862943611198906
2019-09-01,0,SciRuby/daru,80,0,2020-08-01,-11,0,0,0.0
2019-10-01,0,SciRuby/daru,80,0,2020-08-01,-10,0,0,0.0
2019-11-01,0,SciRuby/daru,80,0,2020-08-01,-9,0,0,0.0
2019-12-01,0,SciRuby/daru,80,0,2020-08-01,-8,0,0,0.0
2020-01-01,0,SciRuby/daru,80,0,2020-08-01,-7,0,0,0.0
2020-02-01,0,SciRuby/daru,80,0,2020-08-01,-6,0,0,0.0
2020-03-01,0,SciRuby/daru,80,0,2020-08-01,-5,0,0,0.0
2020-04-01,0,SciRuby/daru,80,0,2020-08-01,-4,0,0,0.0
2020-05-01,20,SciRuby/daru,80,0,2020-08-01,-3,0,0,3.044522437723423
2020-06-01,0,SciRuby/daru,80,0,2020-08-01,-2,0,0,0.0
2020-07-01,0,SciRuby/daru,80,0,2020-08-01,-1,0,0,0.0
2020-09-01,0,SciRuby/daru,80,0,2020-08-01,1,1,0,0.0
2020-10-01,0,SciRuby/daru,80,0,2020-08-01,2,1,0,0.0
2020-11-01,0,SciRuby/daru,80,0,2020-08-01,3,1,0,0.0
2020-12-01,0,SciRuby/daru,80,0,2020-08-01,4,1,0,0.0
2021-01-01,0,SciRuby/daru,80,0,2020-08-01,5,1,0,0.0
2021-02-01,0,SciRuby/daru,80,0,2020-08-01,6,1,0,0.0
2021-03-01,0,SciRuby/daru,80,0,2020-08-01,7,1,0,0.0
2021-04-01,0,SciRuby/daru,80,0,2020-08-01,8,1,0,0.0
2021-05-01,0,SciRuby/daru,80,0,2020-08-01,9,1,0,0.0
2021-06-01,0,SciRuby/daru,80,0,2020-08-01,10,1,0,0.0
2021-07-01,0,SciRuby/daru,80,0,2020-08-01,11,1,0,0.0
2021-08-01,0,SciRuby/daru,80,0,2020-08-01,12,1,0,0.0
2019-08-01,3,ridgepole/ridgepole,80,1,2020-08-01,-12,0,0,1.3862943611198906
2019-09-01,9,ridgepole/ridgepole,80,1,2020-08-01,-11,0,0,2.302585092994046
2019-10-01,10,ridgepole/ridgepole,80,1,2020-08-01,-10,0,0,2.3978952727983707
2019-11-01,0,ridgepole/ridgepole,80,1,2020-08-01,-9,0,0,0.0
2019-12-01,0,ridgepole/ridgepole,80,1,2020-08-01,-8,0,0,0.0
2020-01-01,11,ridgepole/ridgepole,80,1,2020-08-01,-7,0,0,2.4849066497880004
2020-02-01,2,ridgepole/ridgepole,80,1,2020-08-01,-6,0,0,1.0986122886681096
2020-03-01,3,ridgepole/ridgepole,80,1,2020-08-01,-5,0,0,1.3862943611198906
2020-04-01,3,ridgepole/ridgepole,80,1,2020-08-01,-4,0,0,1.3862943611198906
2020-05-01,0,ridgepole/ridgepole,80,1,2020-08-01,-3,0,0,0.0
2020-06-01,3,ridgepole/ridgepole,80,1,2020-08-01,-2,0,0,1.3862943611198906
2020-07-01,6,ridgepole/ridgepole,80,1,2020-08-01,-1,0,0,1.9459101490553132
2020-09-01,0,ridgepole/ridgepole,80,1,2020-08-01,1,1,1,0.0
2020-10-01,0,ridgepole/ridgepole,80,1,2020-08-01,2,1,1,0.0
2020-11-01,11,ridgepole/ridgepole,80,1,2020-08-01,3,1,1,2.4849066497880004
2020-12-01,20,ridgepole/ridgepole,80,1,2020-08-01,4,1,1,3.044522437723423
2021-01-01,57,ridgepole/ridgepole,80,1,2020-08-01,5,1,1,4.060443010546419
2021-02-01,18,ridgepole/ridgepole,80,1,2020-08-01,6,1,1,2.9444389791664403
2021-03-01,5,ridgepole/ridgepole,80,1,2020-08-01,7,1,1,1.791759469228055
2021-04-01,7,ridgepole/ridgepole,80,1,2020-08-01,8,1,1,2.0794415416798357
2021-05-01,0,ridgepole/ridgepole,80,1,2020-08-01,9,1,1,0.0
2021-06-01,6,ridgepole/ridgepole,80,1,2020-08-01,10,1,1,1.9459101490553132
2021-07-01,2,ridgepole/ridgepole,80,1,2020-08-01,11,1,1,1.0986122886681096
2021-08-01,5,ridgepole/ridgepole,80,1,2020-08-01,12,1,1,1.791759469228055
2019-03-01,0,rest-client/rest-client,81,0,2020-03-01,-12,0,0,0.0
2019-04-01,0,rest-client/rest-client,81,0,2020-03-01,-11,0,0,0.0
2019-05-01,0,rest-client/rest-client,81,0,2020-03-01,-10,0,0,0.0
2019-06-01,0,rest-client/rest-client,81,0,2020-03-01,-9,0,0,0.0
2019-07-01,0,rest-client/rest-client,81,0,2020-03-01,-8,0,0,0.0
2019-08-01,15,rest-client/rest-client,81,0,2020-03-01,-7,0,0,2.772588722239781
2019-09-01,0,rest-client/rest-client,81,0,2020-03-01,-6,0,0,0.0
2019-10-01,0,rest-client/rest-client,81,0,2020-03-01,-5,0,0,0.0
2019-11-01,0,rest-client/rest-client,81,0,2020-03-01,-4,0,0,0.0
2019-12-01,0,rest-client/rest-client,81,0,2020-03-01,-3,0,0,0.0
2020-01-01,0,rest-client/rest-client,81,0,2020-03-01,-2,0,0,0.0
2020-02-01,0,rest-client/rest-client,81,0,2020-03-01,-1,0,0,0.0
2020-04-01,0,rest-client/rest-client,81,0,2020-03-01,1,1,0,0.0
2020-05-01,0,rest-client/rest-client,81,0,2020-03-01,2,1,0,0.0
2020-06-01,0,rest-client/rest-client,81,0,2020-03-01,3,1,0,0.0
2020-07-01,0,rest-client/rest-client,81,0,2020-03-01,4,1,0,0.0
2020-08-01,0,rest-client/rest-client,81,0,2020-03-01,5,1,0,0.0
2020-09-01,0,rest-client/rest-client,81,0,2020-03-01,6,1,0,0.0
2020-10-01,0,rest-client/rest-client,81,0,2020-03-01,7,1,0,0.0
2020-11-01,0,rest-client/rest-client,81,0,2020-03-01,8,1,0,0.0
2020-12-01,0,rest-client/rest-client,81,0,2020-03-01,9,1,0,0.0
2021-01-01,0,rest-client/rest-client,81,0,2020-03-01,10,1,0,0.0
2021-02-01,0,rest-client/rest-client,81,0,2020-03-01,11,1,0,0.0
2021-03-01,0,rest-client/rest-client,81,0,2020-03-01,12,1,0,0.0
2019-01-01,59,golang/tools,77,0,2020-01-01,-12,0,0,4.0943445622221
2019-02-01,63,golang/tools,77,0,2020-01-01,-11,0,0,4.1588830833596715
2019-03-01,86,golang/tools,77,0,2020-01-01,-10,0,0,4.465908118654584
2019-04-01,111,golang/tools,77,0,2020-01-01,-9,0,0,4.718498871295094
2019-05-01,89,golang/tools,77,0,2020-01-01,-8,0,0,4.499809670330265
2019-06-01,119,golang/tools,77,0,2020-01-01,-7,0,0,4.787491742782046
2019-07-01,93,golang/tools,77,0,2020-01-01,-6,0,0,4.543294782270004
2019-08-01,104,golang/tools,77,0,2020-01-01,-5,0,0,4.653960350157523
2019-09-01,144,golang/tools,77,0,2020-01-01,-4,0,0,4.976733742420574
2019-10-01,133,golang/tools,77,0,2020-01-01,-3,0,0,4.897839799950911
2019-11-01,147,golang/tools,77,0,2020-01-01,-2,0,0,4.997212273764115
2019-12-01,144,golang/tools,77,0,2020-01-01,-1,0,0,4.976733742420574
2020-02-01,146,golang/tools,77,0,2020-01-01,1,1,0,4.990432586778736
2020-03-01,172,golang/tools,77,0,2020-01-01,2,1,0,5.153291594497779
2020-04-01,127,golang/tools,77,0,2020-01-01,3,1,0,4.852030263919617
2020-05-01,87,golang/tools,77,0,2020-01-01,4,1,0,4.477336814478207
2020-06-01,102,golang/tools,77,0,2020-01-01,5,1,0,4.634728988229636
2020-07-01,108,golang/tools,77,0,2020-01-01,6,1,0,4.6913478822291435
2020-08-01,110,golang/tools,77,0,2020-01-01,7,1,0,4.709530201312334
2020-09-01,114,golang/tools,77,0,2020-01-01,8,1,0,4.74493212836325
2020-10-01,115,golang/tools,77,0,2020-01-01,9,1,0,4.7535901911063645
2020-11-01,84,golang/tools,77,0,2020-01-01,10,1,0,4.442651256490317
2020-12-01,93,golang/tools,77,0,2020-01-01,11,1,0,4.543294782270004
2021-01-01,48,golang/tools,77,0,2020-01-01,12,1,0,3.8918202981106265
2019-03-01,1,eventmachine/eventmachine,81,1,2020-03-01,-12,0,0,0.6931471805599453
2019-04-01,0,eventmachine/eventmachine,81,1,2020-03-01,-11,0,0,0.0
2019-05-01,6,eventmachine/eventmachine,81,1,2020-03-01,-10,0,0,1.9459101490553132
2019-06-01,0,eventmachine/eventmachine,81,1,2020-03-01,-9,0,0,0.0
2019-07-01,5,eventmachine/eventmachine,81,1,2020-03-01,-8,0,0,1.791759469228055
2019-08-01,1,eventmachine/eventmachine,81,1,2020-03-01,-7,0,0,0.6931471805599453
2019-09-01,0,eventmachine/eventmachine,81,1,2020-03-01,-6,0,0,0.0
2019-10-01,0,eventmachine/eventmachine,81,1,2020-03-01,-5,0,0,0.0
2019-11-01,0,eventmachine/eventmachine,81,1,2020-03-01,-4,0,0,0.0
2019-12-01,0,eventmachine/eventmachine,81,1,2020-03-01,-3,0,0,0.0
2020-01-01,0,eventmachine/eventmachine,81,1,2020-03-01,-2,0,0,0.0
2020-02-01,2,eventmachine/eventmachine,81,1,2020-03-01,-1,0,0,1.0986122886681096
2020-04-01,1,eventmachine/eventmachine,81,1,2020-03-01,1,1,1,0.6931471805599453
2020-05-01,0,eventmachine/eventmachine,81,1,2020-03-01,2,1,1,0.0
2020-06-01,1,eventmachine/eventmachine,81,1,2020-03-01,3,1,1,0.6931471805599453
2020-07-01,0,eventmachine/eventmachine,81,1,2020-03-01,4,1,1,0.0
2020-08-01,0,eventmachine/eventmachine,81,1,2020-03-01,5,1,1,0.0
2020-09-01,6,eventmachine/eventmachine,81,1,2020-03-01,6,1,1,1.9459101490553132
2020-10-01,2,eventmachine/eventmachine,81,1,2020-03-01,7,1,1,1.0986122886681096
2020-11-01,0,eventmachine/eventmachine,81,1,2020-03-01,8,1,1,0.0
2020-12-01,0,eventmachine/eventmachine,81,1,2020-03-01,9,1,1,0.0
2021-01-01,0,eventmachine/eventmachine,81,1,2020-03-01,10,1,1,0.0
2021-02-01,1,eventmachine/eventmachine,81,1,2020-03-01,11,1,1,0.6931471805599453
2021-03-01,0,eventmachine/eventmachine,81,1,2020-03-01,12,1,1,0.0
2019-05-01,13,tui-cs/Terminal.Gui,71,1,2020-05-01,-12,0,0,2.639057329615259
2019-06-01,0,tui-cs/Terminal.Gui,71,1,2020-05-01,-11,0,0,0.0
2019-07-01,0,tui-cs/Terminal.Gui,71,1,2020-05-01,-10,0,0,0.0
2019-08-01,4,tui-cs/Terminal.Gui,71,1,2020-05-01,-9,0,0,1.6094379124341003
2019-09-01,3,tui-cs/Terminal.Gui,71,1,2020-05-01,-8,0,0,1.3862943611198906
2019-10-01,13,tui-cs/Terminal.Gui,71,1,2020-05-01,-7,0,0,2.639057329615259
2019-11-01,9,tui-cs/Terminal.Gui,71,1,2020-05-01,-6,0,0,2.302585092994046
2019-12-01,0,tui-cs/Terminal.Gui,71,1,2020-05-01,-5,0,0,0.0
2020-01-01,0,tui-cs/Terminal.Gui,71,1,2020-05-01,-4,0,0,0.0
2020-02-01,12,tui-cs/Terminal.Gui,71,1,2020-05-01,-3,0,0,2.5649493574615367
2020-03-01,9,tui-cs/Terminal.Gui,71,1,2020-05-01,-2,0,0,2.302585092994046
2020-04-01,36,tui-cs/Terminal.Gui,71,1,2020-05-01,-1,0,0,3.6109179126442243
2020-06-01,356,tui-cs/Terminal.Gui,71,1,2020-05-01,1,1,1,5.877735781779639
2020-07-01,217,tui-cs/Terminal.Gui,71,1,2020-05-01,2,1,1,5.384495062789089
2020-08-01,99,tui-cs/Terminal.Gui,71,1,2020-05-01,3,1,1,4.605170185988092
2020-09-01,119,tui-cs/Terminal.Gui,71,1,2020-05-01,4,1,1,4.787491742782046
2020-10-01,88,tui-cs/Terminal.Gui,71,1,2020-05-01,5,1,1,4.48863636973214
2020-11-01,78,tui-cs/Terminal.Gui,71,1,2020-05-01,6,1,1,4.3694478524670215
2020-12-01,101,tui-cs/Terminal.Gui,71,1,2020-05-01,7,1,1,4.624972813284271
2021-01-01,101,tui-cs/Terminal.Gui,71,1,2020-05-01,8,1,1,4.624972813284271
2021-02-01,37,tui-cs/Terminal.Gui,71,1,2020-05-01,9,1,1,3.6375861597263857
2021-03-01,46,tui-cs/Terminal.Gui,71,1,2020-05-01,10,1,1,3.8501476017100584
2021-04-01,99,tui-cs/Terminal.Gui,71,1,2020-05-01,11,1,1,4.605170185988092
2021-05-01,58,tui-cs/Terminal.Gui,71,1,2020-05-01,12,1,1,4.07753744390572
2019-11-01,15,utterance/utterances,82,0,2020-11-01,-12,0,0,2.772588722239781
2019-12-01,2,utterance/utterances,82,0,2020-11-01,-11,0,0,1.0986122886681096
2020-01-01,11,utterance/utterances,82,0,2020-11-01,-10,0,0,2.4849066497880004
2020-02-01,4,utterance/utterances,82,0,2020-11-01,-9,0,0,1.6094379124341003
2020-03-01,6,utterance/utterances,82,0,2020-11-01,-8,0,0,1.9459101490553132
2020-04-01,0,utterance/utterances,82,0,2020-11-01,-7,0,0,0.0
2020-05-01,14,utterance/utterances,82,0,2020-11-01,-6,0,0,2.70805020110221
2020-06-01,0,utterance/utterances,82,0,2020-11-01,-5,0,0,0.0
2020-07-01,1,utterance/utterances,82,0,2020-11-01,-4,0,0,0.6931471805599453
2020-08-01,0,utterance/utterances,82,0,2020-11-01,-3,0,0,0.0
2020-09-01,0,utterance/utterances,82,0,2020-11-01,-2,0,0,0.0
2020-10-01,0,utterance/utterances,82,0,2020-11-01,-1,0,0,0.0
2020-12-01,1,utterance/utterances,82,0,2020-11-01,1,1,0,0.6931471805599453
2021-01-01,0,utterance/utterances,82,0,2020-11-01,2,1,0,0.0
2021-02-01,9,utterance/utterances,82,0,2020-11-01,3,1,0,2.302585092994046
2021-03-01,1,utterance/utterances,82,0,2020-11-01,4,1,0,0.6931471805599453
2021-04-01,0,utterance/utterances,82,0,2020-11-01,5,1,0,0.0
2021-05-01,0,utterance/utterances,82,0,2020-11-01,6,1,0,0.0
2021-06-01,0,utterance/utterances,82,0,2020-11-01,7,1,0,0.0
2021-07-01,0,utterance/utterances,82,0,2020-11-01,8,1,0,0.0
2021-08-01,0,utterance/utterances,82,0,2020-11-01,9,1,0,0.0
2021-09-01,0,utterance/utterances,82,0,2020-11-01,10,1,0,0.0
2021-10-01,7,utterance/utterances,82,0,2020-11-01,11,1,0,2.0794415416798357
2021-11-01,0,utterance/utterances,82,0,2020-11-01,12,1,0,0.0
2018-10-01,7,PistonDevelopers/piston,83,0,2019-10-01,-12,0,0,2.0794415416798357
2018-11-01,3,PistonDevelopers/piston,83,0,2019-10-01,-11,0,0,1.3862943611198906
2018-12-01,2,PistonDevelopers/piston,83,0,2019-10-01,-10,0,0,1.0986122886681096
2019-01-01,6,PistonDevelopers/piston,83,0,2019-10-01,-9,0,0,1.9459101490553132
2019-02-01,10,PistonDevelopers/piston,83,0,2019-10-01,-8,0,0,2.3978952727983707
2019-03-01,0,PistonDevelopers/piston,83,0,2019-10-01,-7,0,0,0.0
2019-04-01,0,PistonDevelopers/piston,83,0,2019-10-01,-6,0,0,0.0
2019-05-01,4,PistonDevelopers/piston,83,0,2019-10-01,-5,0,0,1.6094379124341003
2019-06-01,63,PistonDevelopers/piston,83,0,2019-10-01,-4,0,0,4.1588830833596715
2019-07-01,4,PistonDevelopers/piston,83,0,2019-10-01,-3,0,0,1.6094379124341003
2019-08-01,0,PistonDevelopers/piston,83,0,2019-10-01,-2,0,0,0.0
2019-09-01,2,PistonDevelopers/piston,83,0,2019-10-01,-1,0,0,1.0986122886681096
2019-11-01,0,PistonDevelopers/piston,83,0,2019-10-01,1,1,0,0.0
2019-12-01,0,PistonDevelopers/piston,83,0,2019-10-01,2,1,0,0.0
2020-01-01,0,PistonDevelopers/piston,83,0,2019-10-01,3,1,0,0.0
2020-02-01,0,PistonDevelopers/piston,83,0,2019-10-01,4,1,0,0.0
2020-03-01,0,PistonDevelopers/piston,83,0,2019-10-01,5,1,0,0.0
2020-04-01,0,PistonDevelopers/piston,83,0,2019-10-01,6,1,0,0.0
2020-05-01,12,PistonDevelopers/piston,83,0,2019-10-01,7,1,0,2.5649493574615367
2020-06-01,0,PistonDevelopers/piston,83,0,2019-10-01,8,1,0,0.0
2020-07-01,4,PistonDevelopers/piston,83,0,2019-10-01,9,1,0,1.6094379124341003
2020-08-01,4,PistonDevelopers/piston,83,0,2019-10-01,10,1,0,1.6094379124341003
2020-09-01,1,PistonDevelopers/piston,83,0,2019-10-01,11,1,0,0.6931471805599453
2020-10-01,0,PistonDevelopers/piston,83,0,2019-10-01,12,1,0,0.0
2018-10-01,3,rusterlium/rustler,83,1,2019-10-01,-12,0,0,1.3862943611198906
2018-11-01,1,rusterlium/rustler,83,1,2019-10-01,-11,0,0,0.6931471805599453
2018-12-01,1,rusterlium/rustler,83,1,2019-10-01,-10,0,0,0.6931471805599453
2019-01-01,11,rusterlium/rustler,83,1,2019-10-01,-9,0,0,2.4849066497880004
2019-02-01,13,rusterlium/rustler,83,1,2019-10-01,-8,0,0,2.639057329615259
2019-03-01,10,rusterlium/rustler,83,1,2019-10-01,-7,0,0,2.3978952727983707
2019-04-01,19,rusterlium/rustler,83,1,2019-10-01,-6,0,0,2.995732273553991
2019-05-01,19,rusterlium/rustler,83,1,2019-10-01,-5,0,0,2.995732273553991
2019-06-01,12,rusterlium/rustler,83,1,2019-10-01,-4,0,0,2.5649493574615367
2019-07-01,2,rusterlium/rustler,83,1,2019-10-01,-3,0,0,1.0986122886681096
2019-08-01,3,rusterlium/rustler,83,1,2019-10-01,-2,0,0,1.3862943611198906
2019-09-01,3,rusterlium/rustler,83,1,2019-10-01,-1,0,0,1.3862943611198906
2019-11-01,15,rusterlium/rustler,83,1,2019-10-01,1,1,1,2.772588722239781
2019-12-01,5,rusterlium/rustler,83,1,2019-10-01,2,1,1,1.791759469228055
2020-01-01,12,rusterlium/rustler,83,1,2019-10-01,3,1,1,2.5649493574615367
2020-02-01,33,rusterlium/rustler,83,1,2019-10-01,4,1,1,3.5263605246161616
2020-03-01,1,rusterlium/rustler,83,1,2019-10-01,5,1,1,0.6931471805599453
2020-04-01,2,rusterlium/rustler,83,1,2019-10-01,6,1,1,1.0986122886681096
2020-05-01,1,rusterlium/rustler,83,1,2019-10-01,7,1,1,0.6931471805599453
2020-06-01,8,rusterlium/rustler,83,1,2019-10-01,8,1,1,2.1972245773362196
2020-07-01,3,rusterlium/rustler,83,1,2019-10-01,9,1,1,1.3862943611198906
2020-08-01,0,rusterlium/rustler,83,1,2019-10-01,10,1,1,0.0
2020-09-01,11,rusterlium/rustler,83,1,2019-10-01,11,1,1,2.4849066497880004
2020-10-01,2,rusterlium/rustler,83,1,2019-10-01,12,1,1,1.0986122886681096
2019-12-01,0,matz/streem,85,1,2020-12-01,-12,0,0,0.0
2020-01-01,0,matz/streem,85,1,2020-12-01,-11,0,0,0.0
2020-02-01,0,matz/streem,85,1,2020-12-01,-10,0,0,0.0
2020-03-01,0,matz/streem,85,1,2020-12-01,-9,0,0,0.0
2020-04-01,0,matz/streem,85,1,2020-12-01,-8,0,0,0.0
2020-05-01,0,matz/streem,85,1,2020-12-01,-7,0,0,0.0
2020-06-01,16,matz/streem,85,1,2020-12-01,-6,0,0,2.833213344056216
2020-07-01,0,matz/streem,85,1,2020-12-01,-5,0,0,0.0
2020-08-01,0,matz/streem,85,1,2020-12-01,-4,0,0,0.0
2020-09-01,0,matz/streem,85,1,2020-12-01,-3,0,0,0.0
2020-10-01,0,matz/streem,85,1,2020-12-01,-2,0,0,0.0
2020-11-01,0,matz/streem,85,1,2020-12-01,-1,0,0,0.0
2021-01-01,0,matz/streem,85,1,2020-12-01,1,1,1,0.0
2021-02-01,4,matz/streem,85,1,2020-12-01,2,1,1,1.6094379124341003
2021-03-01,0,matz/streem,85,1,2020-12-01,3,1,1,0.0
2021-04-01,0,matz/streem,85,1,2020-12-01,4,1,1,0.0
2021-05-01,0,matz/streem,85,1,2020-12-01,5,1,1,0.0
2021-06-01,2,matz/streem,85,1,2020-12-01,6,1,1,1.0986122886681096
2021-07-01,0,matz/streem,85,1,2020-12-01,7,1,1,0.0
2021-08-01,0,matz/streem,85,1,2020-12-01,8,1,1,0.0
2021-09-01,0,matz/streem,85,1,2020-12-01,9,1,1,0.0
2021-10-01,0,matz/streem,85,1,2020-12-01,10,1,1,0.0
2021-11-01,0,matz/streem,85,1,2020-12-01,11,1,1,0.0
2021-12-01,0,matz/streem,85,1,2020-12-01,12,1,1,0.0
2019-12-01,0,emojicode/emojicode,85,0,2020-12-01,-12,0,0,0.0
2020-01-01,19,emojicode/emojicode,85,0,2020-12-01,-11,0,0,2.995732273553991
2020-02-01,1,emojicode/emojicode,85,0,2020-12-01,-10,0,0,0.6931471805599453
2020-03-01,3,emojicode/emojicode,85,0,2020-12-01,-9,0,0,1.3862943611198906
2020-04-01,0,emojicode/emojicode,85,0,2020-12-01,-8,0,0,0.0
2020-05-01,0,emojicode/emojicode,85,0,2020-12-01,-7,0,0,0.0
2020-06-01,4,emojicode/emojicode,85,0,2020-12-01,-6,0,0,1.6094379124341003
2020-07-01,0,emojicode/emojicode,85,0,2020-12-01,-5,0,0,0.0
2020-08-01,0,emojicode/emojicode,85,0,2020-12-01,-4,0,0,0.0
2020-09-01,0,emojicode/emojicode,85,0,2020-12-01,-3,0,0,0.0
2020-10-01,0,emojicode/emojicode,85,0,2020-12-01,-2,0,0,0.0
2020-11-01,0,emojicode/emojicode,85,0,2020-12-01,-1,0,0,0.0
2021-01-01,0,emojicode/emojicode,85,0,2020-12-01,1,1,0,0.0
2021-02-01,0,emojicode/emojicode,85,0,2020-12-01,2,1,0,0.0
2021-03-01,2,emojicode/emojicode,85,0,2020-12-01,3,1,0,1.0986122886681096
2021-04-01,0,emojicode/emojicode,85,0,2020-12-01,4,1,0,0.0
2021-05-01,0,emojicode/emojicode,85,0,2020-12-01,5,1,0,0.0
2021-06-01,0,emojicode/emojicode,85,0,2020-12-01,6,1,0,0.0
2021-07-01,0,emojicode/emojicode,85,0,2020-12-01,7,1,0,0.0
2021-08-01,0,emojicode/emojicode,85,0,2020-12-01,8,1,0,0.0
2021-09-01,0,emojicode/emojicode,85,0,2020-12-01,9,1,0,0.0
2021-10-01,0,emojicode/emojicode,85,0,2020-12-01,10,1,0,0.0
2021-11-01,0,emojicode/emojicode,85,0,2020-12-01,11,1,0,0.0
2021-12-01,8,emojicode/emojicode,85,0,2020-12-01,12,1,0,2.1972245773362196
2019-11-01,1,carloscuesta/gitmoji,82,1,2020-11-01,-12,0,0,0.6931471805599453
2019-12-01,1,carloscuesta/gitmoji,82,1,2020-11-01,-11,0,0,0.6931471805599453
2020-01-01,1,carloscuesta/gitmoji,82,1,2020-11-01,-10,0,0,0.6931471805599453
2020-02-01,0,carloscuesta/gitmoji,82,1,2020-11-01,-9,0,0,0.0
2020-03-01,0,carloscuesta/gitmoji,82,1,2020-11-01,-8,0,0,0.0
2020-04-01,0,carloscuesta/gitmoji,82,1,2020-11-01,-7,0,0,0.0
2020-05-01,4,carloscuesta/gitmoji,82,1,2020-11-01,-6,0,0,1.6094379124341003
2020-06-01,23,carloscuesta/gitmoji,82,1,2020-11-01,-5,0,0,3.1780538303479458
2020-07-01,30,carloscuesta/gitmoji,82,1,2020-11-01,-4,0,0,3.4339872044851463
2020-08-01,15,carloscuesta/gitmoji,82,1,2020-11-01,-3,0,0,2.772588722239781
2020-09-01,15,carloscuesta/gitmoji,82,1,2020-11-01,-2,0,0,2.772588722239781
2020-10-01,20,carloscuesta/gitmoji,82,1,2020-11-01,-1,0,0,3.044522437723423
2020-12-01,28,carloscuesta/gitmoji,82,1,2020-11-01,1,1,1,3.367295829986474
2021-01-01,18,carloscuesta/gitmoji,82,1,2020-11-01,2,1,1,2.9444389791664403
2021-02-01,18,carloscuesta/gitmoji,82,1,2020-11-01,3,1,1,2.9444389791664403
2021-03-01,22,carloscuesta/gitmoji,82,1,2020-11-01,4,1,1,3.1354942159291497
2021-04-01,9,carloscuesta/gitmoji,82,1,2020-11-01,5,1,1,2.302585092994046
2021-05-01,19,carloscuesta/gitmoji,82,1,2020-11-01,6,1,1,2.995732273553991
2021-06-01,19,carloscuesta/gitmoji,82,1,2020-11-01,7,1,1,2.995732273553991
2021-07-01,11,carloscuesta/gitmoji,82,1,2020-11-01,8,1,1,2.4849066497880004
2021-08-01,16,carloscuesta/gitmoji,82,1,2020-11-01,9,1,1,2.833213344056216
2021-09-01,15,carloscuesta/gitmoji,82,1,2020-11-01,10,1,1,2.772588722239781
2021-10-01,24,carloscuesta/gitmoji,82,1,2020-11-01,11,1,1,3.2188758248682006
2021-11-01,23,carloscuesta/gitmoji,82,1,2020-11-01,12,1,1,3.1780538303479458
2019-07-01,28,vuejs/vuepress,86,1,2020-07-01,-12,0,0,3.367295829986474
2019-08-01,35,vuejs/vuepress,86,1,2020-07-01,-11,0,0,3.58351893845611
2019-09-01,41,vuejs/vuepress,86,1,2020-07-01,-10,0,0,3.7376696182833684
2019-10-01,40,vuejs/vuepress,86,1,2020-07-01,-9,0,0,3.713572066704308
2019-11-01,35,vuejs/vuepress,86,1,2020-07-01,-8,0,0,3.58351893845611
2019-12-01,17,vuejs/vuepress,86,1,2020-07-01,-7,0,0,2.8903717578961645
2020-01-01,23,vuejs/vuepress,86,1,2020-07-01,-6,0,0,3.1780538303479458
2020-02-01,17,vuejs/vuepress,86,1,2020-07-01,-5,0,0,2.8903717578961645
2020-03-01,17,vuejs/vuepress,86,1,2020-07-01,-4,0,0,2.8903717578961645
2020-04-01,29,vuejs/vuepress,86,1,2020-07-01,-3,0,0,3.4011973816621555
2020-05-01,9,vuejs/vuepress,86,1,2020-07-01,-2,0,0,2.302585092994046
2020-06-01,25,vuejs/vuepress,86,1,2020-07-01,-1,0,0,3.258096538021482
2020-08-01,25,vuejs/vuepress,86,1,2020-07-01,1,1,1,3.258096538021482
2020-09-01,12,vuejs/vuepress,86,1,2020-07-01,2,1,1,2.5649493574615367
2020-10-01,14,vuejs/vuepress,86,1,2020-07-01,3,1,1,2.70805020110221
2020-11-01,4,vuejs/vuepress,86,1,2020-07-01,4,1,1,1.6094379124341003
2020-12-01,3,vuejs/vuepress,86,1,2020-07-01,5,1,1,1.3862943611198906
2021-01-01,10,vuejs/vuepress,86,1,2020-07-01,6,1,1,2.3978952727983707
2021-02-01,12,vuejs/vuepress,86,1,2020-07-01,7,1,1,2.5649493574615367
2021-03-01,0,vuejs/vuepress,86,1,2020-07-01,8,1,1,0.0
2021-04-01,0,vuejs/vuepress,86,1,2020-07-01,9,1,1,0.0
2021-05-01,1,vuejs/vuepress,86,1,2020-07-01,10,1,1,0.6931471805599453
2021-06-01,2,vuejs/vuepress,86,1,2020-07-01,11,1,1,1.0986122886681096
2021-07-01,1,vuejs/vuepress,86,1,2020-07-01,12,1,1,0.6931471805599453
2019-02-01,18,mpociot/laravel-apidoc-generator,84,0,2020-02-01,-12,0,0,2.9444389791664403
2019-03-01,13,mpociot/laravel-apidoc-generator,84,0,2020-02-01,-11,0,0,2.639057329615259
2019-04-01,32,mpociot/laravel-apidoc-generator,84,0,2020-02-01,-10,0,0,3.4965075614664802
2019-05-01,49,mpociot/laravel-apidoc-generator,84,0,2020-02-01,-9,0,0,3.912023005428146
2019-06-01,29,mpociot/laravel-apidoc-generator,84,0,2020-02-01,-8,0,0,3.4011973816621555
2019-07-01,15,mpociot/laravel-apidoc-generator,84,0,2020-02-01,-7,0,0,2.772588722239781
2019-08-01,68,mpociot/laravel-apidoc-generator,84,0,2020-02-01,-6,0,0,4.23410650459726
2019-09-01,61,mpociot/laravel-apidoc-generator,84,0,2020-02-01,-5,0,0,4.127134385045092
2019-10-01,77,mpociot/laravel-apidoc-generator,84,0,2020-02-01,-4,0,0,4.356708826689592
2019-11-01,29,mpociot/laravel-apidoc-generator,84,0,2020-02-01,-3,0,0,3.4011973816621555
2019-12-01,6,mpociot/laravel-apidoc-generator,84,0,2020-02-01,-2,0,0,1.9459101490553132
2020-01-01,56,mpociot/laravel-apidoc-generator,84,0,2020-02-01,-1,0,0,4.04305126783455
2020-03-01,35,mpociot/laravel-apidoc-generator,84,0,2020-02-01,1,1,0,3.58351893845611
2020-04-01,19,mpociot/laravel-apidoc-generator,84,0,2020-02-01,2,1,0,2.995732273553991
2020-05-01,12,mpociot/laravel-apidoc-generator,84,0,2020-02-01,3,1,0,2.5649493574615367
2020-06-01,3,mpociot/laravel-apidoc-generator,84,0,2020-02-01,4,1,0,1.3862943611198906
2020-07-01,0,mpociot/laravel-apidoc-generator,84,0,2020-02-01,5,1,0,0.0
2020-08-01,0,mpociot/laravel-apidoc-generator,84,0,2020-02-01,6,1,0,0.0
2020-09-01,3,mpociot/laravel-apidoc-generator,84,0,2020-02-01,7,1,0,1.3862943611198906
2020-10-01,0,mpociot/laravel-apidoc-generator,84,0,2020-02-01,8,1,0,0.0
2020-11-01,1,mpociot/laravel-apidoc-generator,84,0,2020-02-01,9,1,0,0.6931471805599453
2020-12-01,0,mpociot/laravel-apidoc-generator,84,0,2020-02-01,10,1,0,0.0
2021-01-01,0,mpociot/laravel-apidoc-generator,84,0,2020-02-01,11,1,0,0.0
2021-02-01,0,mpociot/laravel-apidoc-generator,84,0,2020-02-01,12,1,0,0.0
2019-02-01,76,laravel/horizon,84,1,2020-02-01,-12,0,0,4.343805421853684
2019-03-01,39,laravel/horizon,84,1,2020-02-01,-11,0,0,3.6888794541139363
2019-04-01,14,laravel/horizon,84,1,2020-02-01,-10,0,0,2.70805020110221
2019-05-01,10,laravel/horizon,84,1,2020-02-01,-9,0,0,2.3978952727983707
2019-06-01,19,laravel/horizon,84,1,2020-02-01,-8,0,0,2.995732273553991
2019-07-01,13,laravel/horizon,84,1,2020-02-01,-7,0,0,2.639057329615259
2019-08-01,39,laravel/horizon,84,1,2020-02-01,-6,0,0,3.6888794541139363
2019-09-01,13,laravel/horizon,84,1,2020-02-01,-5,0,0,2.639057329615259
2019-10-01,20,laravel/horizon,84,1,2020-02-01,-4,0,0,3.044522437723423
2019-11-01,23,laravel/horizon,84,1,2020-02-01,-3,0,0,3.1780538303479458
2019-12-01,31,laravel/horizon,84,1,2020-02-01,-2,0,0,3.4657359027997265
2020-01-01,18,laravel/horizon,84,1,2020-02-01,-1,0,0,2.9444389791664403
2020-03-01,68,laravel/horizon,84,1,2020-02-01,1,1,1,4.23410650459726
2020-04-01,35,laravel/horizon,84,1,2020-02-01,2,1,1,3.58351893845611
2020-05-01,26,laravel/horizon,84,1,2020-02-01,3,1,1,3.295836866004329
2020-06-01,2,laravel/horizon,84,1,2020-02-01,4,1,1,1.0986122886681096
2020-07-01,8,laravel/horizon,84,1,2020-02-01,5,1,1,2.1972245773362196
2020-08-01,14,laravel/horizon,84,1,2020-02-01,6,1,1,2.70805020110221
2020-09-01,27,laravel/horizon,84,1,2020-02-01,7,1,1,3.332204510175204
2020-10-01,28,laravel/horizon,84,1,2020-02-01,8,1,1,3.367295829986474
2020-11-01,17,laravel/horizon,84,1,2020-02-01,9,1,1,2.8903717578961645
2020-12-01,12,laravel/horizon,84,1,2020-02-01,10,1,1,2.5649493574615367
2021-01-01,6,laravel/horizon,84,1,2020-02-01,11,1,1,1.9459101490553132
2021-02-01,10,laravel/horizon,84,1,2020-02-01,12,1,1,2.3978952727983707
2019-07-01,81,haizlin/fe-interview,86,0,2020-07-01,-12,0,0,4.406719247264253
2019-08-01,49,haizlin/fe-interview,86,0,2020-07-01,-11,0,0,3.912023005428146
2019-09-01,46,haizlin/fe-interview,86,0,2020-07-01,-10,0,0,3.8501476017100584
2019-10-01,58,haizlin/fe-interview,86,0,2020-07-01,-9,0,0,4.07753744390572
2019-11-01,36,haizlin/fe-interview,86,0,2020-07-01,-8,0,0,3.6109179126442243
2019-12-01,35,haizlin/fe-interview,86,0,2020-07-01,-7,0,0,3.58351893845611
2020-01-01,31,haizlin/fe-interview,86,0,2020-07-01,-6,0,0,3.4657359027997265
2020-02-01,48,haizlin/fe-interview,86,0,2020-07-01,-5,0,0,3.8918202981106265
2020-03-01,55,haizlin/fe-interview,86,0,2020-07-01,-4,0,0,4.02535169073515
2020-04-01,32,haizlin/fe-interview,86,0,2020-07-01,-3,0,0,3.4965075614664802
2020-05-01,30,haizlin/fe-interview,86,0,2020-07-01,-2,0,0,3.4339872044851463
2020-06-01,34,haizlin/fe-interview,86,0,2020-07-01,-1,0,0,3.5553480614894135
2020-08-01,30,haizlin/fe-interview,86,0,2020-07-01,1,1,0,3.4339872044851463
2020-09-01,29,haizlin/fe-interview,86,0,2020-07-01,2,1,0,3.4011973816621555
2020-10-01,31,haizlin/fe-interview,86,0,2020-07-01,3,1,0,3.4657359027997265
2020-11-01,28,haizlin/fe-interview,86,0,2020-07-01,4,1,0,3.367295829986474
2020-12-01,29,haizlin/fe-interview,86,0,2020-07-01,5,1,0,3.4011973816621555
2021-01-01,32,haizlin/fe-interview,86,0,2020-07-01,6,1,0,3.4965075614664802
2021-02-01,21,haizlin/fe-interview,86,0,2020-07-01,7,1,0,3.091042453358316
2021-03-01,13,haizlin/fe-interview,86,0,2020-07-01,8,1,0,2.639057329615259
2021-04-01,20,haizlin/fe-interview,86,0,2020-07-01,9,1,0,3.044522437723423
2021-05-01,12,haizlin/fe-interview,86,0,2020-07-01,10,1,0,2.5649493574615367
2021-06-01,26,haizlin/fe-interview,86,0,2020-07-01,11,1,0,3.295836866004329
2021-07-01,26,haizlin/fe-interview,86,0,2020-07-01,12,1,0,3.295836866004329
2019-11-01,9,google-deepmind/lab,88,1,2020-11-01,-12,0,0,2.302585092994046
2019-12-01,8,google-deepmind/lab,88,1,2020-11-01,-11,0,0,2.1972245773362196
2020-01-01,2,google-deepmind/lab,88,1,2020-11-01,-10,0,0,1.0986122886681096
2020-02-01,0,google-deepmind/lab,88,1,2020-11-01,-9,0,0,0.0
2020-03-01,0,google-deepmind/lab,88,1,2020-11-01,-8,0,0,0.0
2020-04-01,0,google-deepmind/lab,88,1,2020-11-01,-7,0,0,0.0
2020-05-01,0,google-deepmind/lab,88,1,2020-11-01,-6,0,0,0.0
2020-06-01,0,google-deepmind/lab,88,1,2020-11-01,-5,0,0,0.0
2020-07-01,7,google-deepmind/lab,88,1,2020-11-01,-4,0,0,2.0794415416798357
2020-08-01,2,google-deepmind/lab,88,1,2020-11-01,-3,0,0,1.0986122886681096
2020-09-01,0,google-deepmind/lab,88,1,2020-11-01,-2,0,0,0.0
2020-10-01,0,google-deepmind/lab,88,1,2020-11-01,-1,0,0,0.0
2020-12-01,3,google-deepmind/lab,88,1,2020-11-01,1,1,1,1.3862943611198906
2021-01-01,8,google-deepmind/lab,88,1,2020-11-01,2,1,1,2.1972245773362196
2021-02-01,0,google-deepmind/lab,88,1,2020-11-01,3,1,1,0.0
2021-03-01,4,google-deepmind/lab,88,1,2020-11-01,4,1,1,1.6094379124341003
2021-04-01,0,google-deepmind/lab,88,1,2020-11-01,5,1,1,0.0
2021-05-01,2,google-deepmind/lab,88,1,2020-11-01,6,1,1,1.0986122886681096
2021-06-01,0,google-deepmind/lab,88,1,2020-11-01,7,1,1,0.0
2021-07-01,4,google-deepmind/lab,88,1,2020-11-01,8,1,1,1.6094379124341003
2021-08-01,1,google-deepmind/lab,88,1,2020-11-01,9,1,1,0.6931471805599453
2021-09-01,0,google-deepmind/lab,88,1,2020-11-01,10,1,1,0.0
2021-10-01,0,google-deepmind/lab,88,1,2020-11-01,11,1,1,0.0
2021-11-01,0,google-deepmind/lab,88,1,2020-11-01,12,1,1,0.0
2019-11-01,2,stanfordnlp/GloVe,88,0,2020-11-01,-12,0,0,1.0986122886681096
2019-12-01,0,stanfordnlp/GloVe,88,0,2020-11-01,-11,0,0,0.0
2020-01-01,13,stanfordnlp/GloVe,88,0,2020-11-01,-10,0,0,2.639057329615259
2020-02-01,15,stanfordnlp/GloVe,88,0,2020-11-01,-9,0,0,2.772588722239781
2020-03-01,5,stanfordnlp/GloVe,88,0,2020-11-01,-8,0,0,1.791759469228055
2020-04-01,3,stanfordnlp/GloVe,88,0,2020-11-01,-7,0,0,1.3862943611198906
2020-05-01,0,stanfordnlp/GloVe,88,0,2020-11-01,-6,0,0,0.0
2020-06-01,0,stanfordnlp/GloVe,88,0,2020-11-01,-5,0,0,0.0
2020-07-01,2,stanfordnlp/GloVe,88,0,2020-11-01,-4,0,0,1.0986122886681096
2020-08-01,1,stanfordnlp/GloVe,88,0,2020-11-01,-3,0,0,0.6931471805599453
2020-09-01,0,stanfordnlp/GloVe,88,0,2020-11-01,-2,0,0,0.0
2020-10-01,0,stanfordnlp/GloVe,88,0,2020-11-01,-1,0,0,0.0
2020-12-01,0,stanfordnlp/GloVe,88,0,2020-11-01,1,1,0,0.0
2021-01-01,1,stanfordnlp/GloVe,88,0,2020-11-01,2,1,0,0.6931471805599453
2021-02-01,0,stanfordnlp/GloVe,88,0,2020-11-01,3,1,0,0.0
2021-03-01,0,stanfordnlp/GloVe,88,0,2020-11-01,4,1,0,0.0
2021-04-01,0,stanfordnlp/GloVe,88,0,2020-11-01,5,1,0,0.0
2021-05-01,0,stanfordnlp/GloVe,88,0,2020-11-01,6,1,0,0.0
2021-06-01,0,stanfordnlp/GloVe,88,0,2020-11-01,7,1,0,0.0
2021-07-01,0,stanfordnlp/GloVe,88,0,2020-11-01,8,1,0,0.0
2021-08-01,2,stanfordnlp/GloVe,88,0,2020-11-01,9,1,0,1.0986122886681096
2021-09-01,0,stanfordnlp/GloVe,88,0,2020-11-01,10,1,0,0.0
2021-10-01,0,stanfordnlp/GloVe,88,0,2020-11-01,11,1,0,0.0
2021-11-01,0,stanfordnlp/GloVe,88,0,2020-11-01,12,1,0,0.0
2021-04-01,5,libopencm3/libopencm3,89,0,2022-04-01,-12,0,0,1.791759469228055
2021-05-01,2,libopencm3/libopencm3,89,0,2022-04-01,-11,0,0,1.0986122886681096
2021-06-01,0,libopencm3/libopencm3,89,0,2022-04-01,-10,0,0,0.0
2021-07-01,9,libopencm3/libopencm3,89,0,2022-04-01,-9,0,0,2.302585092994046
2021-08-01,1,libopencm3/libopencm3,89,0,2022-04-01,-8,0,0,0.6931471805599453
2021-09-01,1,libopencm3/libopencm3,89,0,2022-04-01,-7,0,0,0.6931471805599453
2021-10-01,0,libopencm3/libopencm3,89,0,2022-04-01,-6,0,0,0.0
2021-11-01,7,libopencm3/libopencm3,89,0,2022-04-01,-5,0,0,2.0794415416798357
2021-12-01,4,libopencm3/libopencm3,89,0,2022-04-01,-4,0,0,1.6094379124341003
2022-01-01,1,libopencm3/libopencm3,89,0,2022-04-01,-3,0,0,0.6931471805599453
2022-02-01,2,libopencm3/libopencm3,89,0,2022-04-01,-2,0,0,1.0986122886681096
2022-03-01,14,libopencm3/libopencm3,89,0,2022-04-01,-1,0,0,2.70805020110221
2022-05-01,2,libopencm3/libopencm3,89,0,2022-04-01,1,1,0,1.0986122886681096
2022-06-01,4,libopencm3/libopencm3,89,0,2022-04-01,2,1,0,1.6094379124341003
2022-07-01,1,libopencm3/libopencm3,89,0,2022-04-01,3,1,0,0.6931471805599453
2022-08-01,0,libopencm3/libopencm3,89,0,2022-04-01,4,1,0,0.0
2022-09-01,5,libopencm3/libopencm3,89,0,2022-04-01,5,1,0,1.791759469228055
2022-10-01,3,libopencm3/libopencm3,89,0,2022-04-01,6,1,0,1.3862943611198906
2022-11-01,3,libopencm3/libopencm3,89,0,2022-04-01,7,1,0,1.3862943611198906
2022-12-01,0,libopencm3/libopencm3,89,0,2022-04-01,8,1,0,0.0
2023-01-01,7,libopencm3/libopencm3,89,0,2022-04-01,9,1,0,2.0794415416798357
2023-02-01,15,libopencm3/libopencm3,89,0,2022-04-01,10,1,0,2.772588722239781
2023-03-01,2,libopencm3/libopencm3,89,0,2022-04-01,11,1,0,1.0986122886681096
2023-04-01,9,libopencm3/libopencm3,89,0,2022-04-01,12,1,0,2.302585092994046
2021-04-01,5,tvheadend/tvheadend,89,1,2022-04-01,-12,0,0,1.791759469228055
2021-05-01,13,tvheadend/tvheadend,89,1,2022-04-01,-11,0,0,2.639057329615259
2021-06-01,2,tvheadend/tvheadend,89,1,2022-04-01,-10,0,0,1.0986122886681096
2021-07-01,8,tvheadend/tvheadend,89,1,2022-04-01,-9,0,0,2.1972245773362196
2021-08-01,0,tvheadend/tvheadend,89,1,2022-04-01,-8,0,0,0.0
2021-09-01,4,tvheadend/tvheadend,89,1,2022-04-01,-7,0,0,1.6094379124341003
2021-10-01,2,tvheadend/tvheadend,89,1,2022-04-01,-6,0,0,1.0986122886681096
2021-11-01,2,tvheadend/tvheadend,89,1,2022-04-01,-5,0,0,1.0986122886681096
2021-12-01,3,tvheadend/tvheadend,89,1,2022-04-01,-4,0,0,1.3862943611198906
2022-01-01,8,tvheadend/tvheadend,89,1,2022-04-01,-3,0,0,2.1972245773362196
2022-02-01,15,tvheadend/tvheadend,89,1,2022-04-01,-2,0,0,2.772588722239781
2022-03-01,2,tvheadend/tvheadend,89,1,2022-04-01,-1,0,0,1.0986122886681096
2022-05-01,0,tvheadend/tvheadend,89,1,2022-04-01,1,1,1,0.0
2022-06-01,1,tvheadend/tvheadend,89,1,2022-04-01,2,1,1,0.6931471805599453
2022-07-01,3,tvheadend/tvheadend,89,1,2022-04-01,3,1,1,1.3862943611198906
2022-08-01,1,tvheadend/tvheadend,89,1,2022-04-01,4,1,1,0.6931471805599453
2022-09-01,4,tvheadend/tvheadend,89,1,2022-04-01,5,1,1,1.6094379124341003
2022-10-01,16,tvheadend/tvheadend,89,1,2022-04-01,6,1,1,2.833213344056216
2022-11-01,14,tvheadend/tvheadend,89,1,2022-04-01,7,1,1,2.70805020110221
2022-12-01,6,tvheadend/tvheadend,89,1,2022-04-01,8,1,1,1.9459101490553132
2023-01-01,24,tvheadend/tvheadend,89,1,2022-04-01,9,1,1,3.2188758248682006
2023-02-01,7,tvheadend/tvheadend,89,1,2022-04-01,10,1,1,2.0794415416798357
2023-03-01,12,tvheadend/tvheadend,89,1,2022-04-01,11,1,1,2.5649493574615367
2023-04-01,8,tvheadend/tvheadend,89,1,2022-04-01,12,1,1,2.1972245773362196
2023-02-01,2,beeradmoore/dlss-swapper,90,1,2024-02-01,-12,0,0,1.0986122886681096
2023-03-01,7,beeradmoore/dlss-swapper,90,1,2024-02-01,-11,0,0,2.0794415416798357
2023-04-01,0,beeradmoore/dlss-swapper,90,1,2024-02-01,-10,0,0,0.0
2023-05-01,3,beeradmoore/dlss-swapper,90,1,2024-02-01,-9,0,0,1.3862943611198906
2023-06-01,0,beeradmoore/dlss-swapper,90,1,2024-02-01,-8,0,0,0.0
2023-07-01,9,beeradmoore/dlss-swapper,90,1,2024-02-01,-7,0,0,2.302585092994046
2023-08-01,0,beeradmoore/dlss-swapper,90,1,2024-02-01,-6,0,0,0.0
2023-09-01,3,beeradmoore/dlss-swapper,90,1,2024-02-01,-5,0,0,1.3862943611198906
2023-10-01,0,beeradmoore/dlss-swapper,90,1,2024-02-01,-4,0,0,0.0
2023-11-01,1,beeradmoore/dlss-swapper,90,1,2024-02-01,-3,0,0,0.6931471805599453
2023-12-01,27,beeradmoore/dlss-swapper,90,1,2024-02-01,-2,0,0,3.332204510175204
2024-01-01,0,beeradmoore/dlss-swapper,90,1,2024-02-01,-1,0,0,0.0
2024-03-01,1,beeradmoore/dlss-swapper,90,1,2024-02-01,1,1,1,0.6931471805599453
2024-04-01,0,beeradmoore/dlss-swapper,90,1,2024-02-01,2,1,1,0.0
2024-05-01,0,beeradmoore/dlss-swapper,90,1,2024-02-01,3,1,1,0.0
2024-06-01,0,beeradmoore/dlss-swapper,90,1,2024-02-01,4,1,1,0.0
2024-07-01,0,beeradmoore/dlss-swapper,90,1,2024-02-01,5,1,1,0.0
2024-08-01,15,beeradmoore/dlss-swapper,90,1,2024-02-01,6,1,1,2.772588722239781
2024-09-01,1,beeradmoore/dlss-swapper,90,1,2024-02-01,7,1,1,0.6931471805599453
2024-10-01,0,beeradmoore/dlss-swapper,90,1,2024-02-01,8,1,1,0.0
2024-11-01,0,beeradmoore/dlss-swapper,90,1,2024-02-01,9,1,1,0.0
2024-12-01,0,beeradmoore/dlss-swapper,90,1,2024-02-01,10,1,1,0.0
2025-01-01,72,beeradmoore/dlss-swapper,90,1,2024-02-01,11,1,1,4.290459441148391
2025-02-01,71,beeradmoore/dlss-swapper,90,1,2024-02-01,12,1,1,4.276666119016055
2019-10-01,8,TheAlgorithms/Kotlin,91,1,2020-10-01,-12,0,0,2.1972245773362196
2019-11-01,0,TheAlgorithms/Kotlin,91,1,2020-10-01,-11,0,0,0.0
2019-12-01,0,TheAlgorithms/Kotlin,91,1,2020-10-01,-10,0,0,0.0
2020-01-01,0,TheAlgorithms/Kotlin,91,1,2020-10-01,-9,0,0,0.0
2020-02-01,3,TheAlgorithms/Kotlin,91,1,2020-10-01,-8,0,0,1.3862943611198906
2020-03-01,0,TheAlgorithms/Kotlin,91,1,2020-10-01,-7,0,0,0.0
2020-04-01,0,TheAlgorithms/Kotlin,91,1,2020-10-01,-6,0,0,0.0
2020-05-01,0,TheAlgorithms/Kotlin,91,1,2020-10-01,-5,0,0,0.0
2020-06-01,0,TheAlgorithms/Kotlin,91,1,2020-10-01,-4,0,0,0.0
2020-07-01,0,TheAlgorithms/Kotlin,91,1,2020-10-01,-3,0,0,0.0
2020-08-01,1,TheAlgorithms/Kotlin,91,1,2020-10-01,-2,0,0,0.6931471805599453
2020-09-01,3,TheAlgorithms/Kotlin,91,1,2020-10-01,-1,0,0,1.3862943611198906
2020-11-01,8,TheAlgorithms/Kotlin,91,1,2020-10-01,1,1,1,2.1972245773362196
2020-12-01,2,TheAlgorithms/Kotlin,91,1,2020-10-01,2,1,1,1.0986122886681096
2021-01-01,0,TheAlgorithms/Kotlin,91,1,2020-10-01,3,1,1,0.0
2021-02-01,6,TheAlgorithms/Kotlin,91,1,2020-10-01,4,1,1,1.9459101490553132
2021-03-01,30,TheAlgorithms/Kotlin,91,1,2020-10-01,5,1,1,3.4339872044851463
2021-04-01,18,TheAlgorithms/Kotlin,91,1,2020-10-01,6,1,1,2.9444389791664403
2021-05-01,5,TheAlgorithms/Kotlin,91,1,2020-10-01,7,1,1,1.791759469228055
2021-06-01,0,TheAlgorithms/Kotlin,91,1,2020-10-01,8,1,1,0.0
2021-07-01,0,TheAlgorithms/Kotlin,91,1,2020-10-01,9,1,1,0.0
2021-08-01,0,TheAlgorithms/Kotlin,91,1,2020-10-01,10,1,1,0.0
2021-09-01,0,TheAlgorithms/Kotlin,91,1,2020-10-01,11,1,1,0.0
2021-10-01,0,TheAlgorithms/Kotlin,91,1,2020-10-01,12,1,1,0.0
2023-02-01,1,Ponderfly/GoogleTranslateIpCheck,90,0,2024-02-01,-12,0,0,0.6931471805599453
2023-03-01,2,Ponderfly/GoogleTranslateIpCheck,90,0,2024-02-01,-11,0,0,1.0986122886681096
2023-04-01,2,Ponderfly/GoogleTranslateIpCheck,90,0,2024-02-01,-10,0,0,1.0986122886681096
2023-05-01,2,Ponderfly/GoogleTranslateIpCheck,90,0,2024-02-01,-9,0,0,1.0986122886681096
2023-06-01,2,Ponderfly/GoogleTranslateIpCheck,90,0,2024-02-01,-8,0,0,1.0986122886681096
2023-07-01,5,Ponderfly/GoogleTranslateIpCheck,90,0,2024-02-01,-7,0,0,1.791759469228055
2023-08-01,3,Ponderfly/GoogleTranslateIpCheck,90,0,2024-02-01,-6,0,0,1.3862943611198906
2023-09-01,3,Ponderfly/GoogleTranslateIpCheck,90,0,2024-02-01,-5,0,0,1.3862943611198906
2023-10-01,4,Ponderfly/GoogleTranslateIpCheck,90,0,2024-02-01,-4,0,0,1.6094379124341003
2023-11-01,4,Ponderfly/GoogleTranslateIpCheck,90,0,2024-02-01,-3,0,0,1.6094379124341003
2023-12-01,4,Ponderfly/GoogleTranslateIpCheck,90,0,2024-02-01,-2,0,0,1.6094379124341003
2024-01-01,1,Ponderfly/GoogleTranslateIpCheck,90,0,2024-02-01,-1,0,0,0.6931471805599453
2024-03-01,2,Ponderfly/GoogleTranslateIpCheck,90,0,2024-02-01,1,1,0,1.0986122886681096
2024-04-01,5,Ponderfly/GoogleTranslateIpCheck,90,0,2024-02-01,2,1,0,1.791759469228055
2024-05-01,4,Ponderfly/GoogleTranslateIpCheck,90,0,2024-02-01,3,1,0,1.6094379124341003
2024-06-01,5,Ponderfly/GoogleTranslateIpCheck,90,0,2024-02-01,4,1,0,1.791759469228055
2024-07-01,3,Ponderfly/GoogleTranslateIpCheck,90,0,2024-02-01,5,1,0,1.3862943611198906
2024-08-01,4,Ponderfly/GoogleTranslateIpCheck,90,0,2024-02-01,6,1,0,1.6094379124341003
2024-09-01,5,Ponderfly/GoogleTranslateIpCheck,90,0,2024-02-01,7,1,0,1.791759469228055
2024-10-01,29,Ponderfly/GoogleTranslateIpCheck,90,0,2024-02-01,8,1,0,3.4011973816621555
2024-11-01,36,Ponderfly/GoogleTranslateIpCheck,90,0,2024-02-01,9,1,0,3.6109179126442243
2024-12-01,6,Ponderfly/GoogleTranslateIpCheck,90,0,2024-02-01,10,1,0,1.9459101490553132
2025-01-01,5,Ponderfly/GoogleTranslateIpCheck,90,0,2024-02-01,11,1,0,1.791759469228055
2025-02-01,3,Ponderfly/GoogleTranslateIpCheck,90,0,2024-02-01,12,1,0,1.3862943611198906
2019-10-01,1,naman14/TimberX,91,0,2020-10-01,-12,0,0,0.6931471805599453
2019-11-01,0,naman14/TimberX,91,0,2020-10-01,-11,0,0,0.0
2019-12-01,0,naman14/TimberX,91,0,2020-10-01,-10,0,0,0.0
2020-01-01,0,naman14/TimberX,91,0,2020-10-01,-9,0,0,0.0
2020-02-01,0,naman14/TimberX,91,0,2020-10-01,-8,0,0,0.0
2020-03-01,0,naman14/TimberX,91,0,2020-10-01,-7,0,0,0.0
2020-04-01,0,naman14/TimberX,91,0,2020-10-01,-6,0,0,0.0
2020-05-01,6,naman14/TimberX,91,0,2020-10-01,-5,0,0,1.9459101490553132
2020-06-01,0,naman14/TimberX,91,0,2020-10-01,-4,0,0,0.0
2020-07-01,0,naman14/TimberX,91,0,2020-10-01,-3,0,0,0.0
2020-08-01,0,naman14/TimberX,91,0,2020-10-01,-2,0,0,0.0
2020-09-01,0,naman14/TimberX,91,0,2020-10-01,-1,0,0,0.0
2020-11-01,0,naman14/TimberX,91,0,2020-10-01,1,1,0,0.0
2020-12-01,0,naman14/TimberX,91,0,2020-10-01,2,1,0,0.0
2021-01-01,0,naman14/TimberX,91,0,2020-10-01,3,1,0,0.0
2021-02-01,0,naman14/TimberX,91,0,2020-10-01,4,1,0,0.0
2021-03-01,0,naman14/TimberX,91,0,2020-10-01,5,1,0,0.0
2021-04-01,0,naman14/TimberX,91,0,2020-10-01,6,1,0,0.0
2021-05-01,0,naman14/TimberX,91,0,2020-10-01,7,1,0,0.0
2021-06-01,0,naman14/TimberX,91,0,2020-10-01,8,1,0,0.0
2021-07-01,0,naman14/TimberX,91,0,2020-10-01,9,1,0,0.0
2021-08-01,0,naman14/TimberX,91,0,2020-10-01,10,1,0,0.0
2021-09-01,0,naman14/TimberX,91,0,2020-10-01,11,1,0,0.0
2021-10-01,0,naman14/TimberX,91,0,2020-10-01,12,1,0,0.0
2019-11-01,24,KhronosGroup/Vulkan-Samples,92,1,2020-11-01,-12,0,0,3.2188758248682006
2019-12-01,5,KhronosGroup/Vulkan-Samples,92,1,2020-11-01,-11,0,0,1.791759469228055
2020-01-01,8,KhronosGroup/Vulkan-Samples,92,1,2020-11-01,-10,0,0,2.1972245773362196
2020-02-01,12,KhronosGroup/Vulkan-Samples,92,1,2020-11-01,-9,0,0,2.5649493574615367
2020-03-01,20,KhronosGroup/Vulkan-Samples,92,1,2020-11-01,-8,0,0,3.044522437723423
2020-04-01,6,KhronosGroup/Vulkan-Samples,92,1,2020-11-01,-7,0,0,1.9459101490553132
2020-05-01,9,KhronosGroup/Vulkan-Samples,92,1,2020-11-01,-6,0,0,2.302585092994046
2020-06-01,20,KhronosGroup/Vulkan-Samples,92,1,2020-11-01,-5,0,0,3.044522437723423
2020-07-01,5,KhronosGroup/Vulkan-Samples,92,1,2020-11-01,-4,0,0,1.791759469228055
2020-08-01,13,KhronosGroup/Vulkan-Samples,92,1,2020-11-01,-3,0,0,2.639057329615259
2020-09-01,4,KhronosGroup/Vulkan-Samples,92,1,2020-11-01,-2,0,0,1.6094379124341003
2020-10-01,3,KhronosGroup/Vulkan-Samples,92,1,2020-11-01,-1,0,0,1.3862943611198906
2020-12-01,7,KhronosGroup/Vulkan-Samples,92,1,2020-11-01,1,1,1,2.0794415416798357
2021-01-01,5,KhronosGroup/Vulkan-Samples,92,1,2020-11-01,2,1,1,1.791759469228055
2021-02-01,4,KhronosGroup/Vulkan-Samples,92,1,2020-11-01,3,1,1,1.6094379124341003
2021-03-01,15,KhronosGroup/Vulkan-Samples,92,1,2020-11-01,4,1,1,2.772588722239781
2021-04-01,5,KhronosGroup/Vulkan-Samples,92,1,2020-11-01,5,1,1,1.791759469228055
2021-05-01,6,KhronosGroup/Vulkan-Samples,92,1,2020-11-01,6,1,1,1.9459101490553132
2021-06-01,7,KhronosGroup/Vulkan-Samples,92,1,2020-11-01,7,1,1,2.0794415416798357
2021-07-01,6,KhronosGroup/Vulkan-Samples,92,1,2020-11-01,8,1,1,1.9459101490553132
2021-08-01,14,KhronosGroup/Vulkan-Samples,92,1,2020-11-01,9,1,1,2.70805020110221
2021-09-01,20,KhronosGroup/Vulkan-Samples,92,1,2020-11-01,10,1,1,3.044522437723423
2021-10-01,9,KhronosGroup/Vulkan-Samples,92,1,2020-11-01,11,1,1,2.302585092994046
2021-11-01,23,KhronosGroup/Vulkan-Samples,92,1,2020-11-01,12,1,1,3.1780538303479458
2019-11-01,2,testing-library/react-testing-library,93,1,2020-11-01,-12,0,0,1.0986122886681096
2019-12-01,5,testing-library/react-testing-library,93,1,2020-11-01,-11,0,0,1.791759469228055
2020-01-01,4,testing-library/react-testing-library,93,1,2020-11-01,-10,0,0,1.6094379124341003
2020-02-01,6,testing-library/react-testing-library,93,1,2020-11-01,-9,0,0,1.9459101490553132
2020-03-01,16,testing-library/react-testing-library,93,1,2020-11-01,-8,0,0,2.833213344056216
2020-04-01,7,testing-library/react-testing-library,93,1,2020-11-01,-7,0,0,2.0794415416798357
2020-05-01,1,testing-library/react-testing-library,93,1,2020-11-01,-6,0,0,0.6931471805599453
2020-06-01,31,testing-library/react-testing-library,93,1,2020-11-01,-5,0,0,3.4657359027997265
2020-07-01,8,testing-library/react-testing-library,93,1,2020-11-01,-4,0,0,2.1972245773362196
2020-08-01,4,testing-library/react-testing-library,93,1,2020-11-01,-3,0,0,1.6094379124341003
2020-09-01,12,testing-library/react-testing-library,93,1,2020-11-01,-2,0,0,2.5649493574615367
2020-10-01,8,testing-library/react-testing-library,93,1,2020-11-01,-1,0,0,2.1972245773362196
2020-12-01,2,testing-library/react-testing-library,93,1,2020-11-01,1,1,1,1.0986122886681096
2021-01-01,3,testing-library/react-testing-library,93,1,2020-11-01,2,1,1,1.3862943611198906
2021-02-01,6,testing-library/react-testing-library,93,1,2020-11-01,3,1,1,1.9459101490553132
2021-03-01,1,testing-library/react-testing-library,93,1,2020-11-01,4,1,1,0.6931471805599453
2021-04-01,4,testing-library/react-testing-library,93,1,2020-11-01,5,1,1,1.6094379124341003
2021-05-01,3,testing-library/react-testing-library,93,1,2020-11-01,6,1,1,1.3862943611198906
2021-06-01,10,testing-library/react-testing-library,93,1,2020-11-01,7,1,1,2.3978952727983707
2021-07-01,2,testing-library/react-testing-library,93,1,2020-11-01,8,1,1,1.0986122886681096
2021-08-01,0,testing-library/react-testing-library,93,1,2020-11-01,9,1,1,0.0
2021-09-01,7,testing-library/react-testing-library,93,1,2020-11-01,10,1,1,2.0794415416798357
2021-10-01,2,testing-library/react-testing-library,93,1,2020-11-01,11,1,1,1.0986122886681096
2021-11-01,0,testing-library/react-testing-library,93,1,2020-11-01,12,1,1,0.0
2019-07-01,9,emgucv/emgucv,87,1,2020-07-01,-12,0,0,2.302585092994046
2019-08-01,40,emgucv/emgucv,87,1,2020-07-01,-11,0,0,3.713572066704308
2019-09-01,29,emgucv/emgucv,87,1,2020-07-01,-10,0,0,3.4011973816621555
2019-10-01,3,emgucv/emgucv,87,1,2020-07-01,-9,0,0,1.3862943611198906
2019-11-01,39,emgucv/emgucv,87,1,2020-07-01,-8,0,0,3.6888794541139363
2019-12-01,57,emgucv/emgucv,87,1,2020-07-01,-7,0,0,4.060443010546419
2020-01-01,40,emgucv/emgucv,87,1,2020-07-01,-6,0,0,3.713572066704308
2020-02-01,53,emgucv/emgucv,87,1,2020-07-01,-5,0,0,3.9889840465642745
2020-03-01,62,emgucv/emgucv,87,1,2020-07-01,-4,0,0,4.143134726391533
2020-04-01,94,emgucv/emgucv,87,1,2020-07-01,-3,0,0,4.553876891600541
2020-05-01,34,emgucv/emgucv,87,1,2020-07-01,-2,0,0,3.5553480614894135
2020-06-01,23,emgucv/emgucv,87,1,2020-07-01,-1,0,0,3.1780538303479458
2020-08-01,56,emgucv/emgucv,87,1,2020-07-01,1,1,1,4.04305126783455
2020-09-01,33,emgucv/emgucv,87,1,2020-07-01,2,1,1,3.5263605246161616
2020-10-01,84,emgucv/emgucv,87,1,2020-07-01,3,1,1,4.442651256490317
2020-11-01,84,emgucv/emgucv,87,1,2020-07-01,4,1,1,4.442651256490317
2020-12-01,65,emgucv/emgucv,87,1,2020-07-01,5,1,1,4.189654742026425
2021-01-01,34,emgucv/emgucv,87,1,2020-07-01,6,1,1,3.5553480614894135
2021-02-01,20,emgucv/emgucv,87,1,2020-07-01,7,1,1,3.044522437723423
2021-03-01,85,emgucv/emgucv,87,1,2020-07-01,8,1,1,4.454347296253507
2021-04-01,77,emgucv/emgucv,87,1,2020-07-01,9,1,1,4.356708826689592
2021-05-01,69,emgucv/emgucv,87,1,2020-07-01,10,1,1,4.248495242049359
2021-06-01,67,emgucv/emgucv,87,1,2020-07-01,11,1,1,4.219507705176107
2021-07-01,49,emgucv/emgucv,87,1,2020-07-01,12,1,1,3.912023005428146
2019-07-01,1,googleprojectzero/sandbox-attacksurface-analysis-tools,87,0,2020-07-01,-12,0,0,0.6931471805599453
2019-08-01,14,googleprojectzero/sandbox-attacksurface-analysis-tools,87,0,2020-07-01,-11,0,0,2.70805020110221
2019-09-01,11,googleprojectzero/sandbox-attacksurface-analysis-tools,87,0,2020-07-01,-10,0,0,2.4849066497880004
2019-10-01,22,googleprojectzero/sandbox-attacksurface-analysis-tools,87,0,2020-07-01,-9,0,0,3.1354942159291497
2019-11-01,14,googleprojectzero/sandbox-attacksurface-analysis-tools,87,0,2020-07-01,-8,0,0,2.70805020110221
2019-12-01,42,googleprojectzero/sandbox-attacksurface-analysis-tools,87,0,2020-07-01,-7,0,0,3.7612001156935624
2020-01-01,139,googleprojectzero/sandbox-attacksurface-analysis-tools,87,0,2020-07-01,-6,0,0,4.941642422609304
2020-02-01,130,googleprojectzero/sandbox-attacksurface-analysis-tools,87,0,2020-07-01,-5,0,0,4.875197323201151
2020-03-01,63,googleprojectzero/sandbox-attacksurface-analysis-tools,87,0,2020-07-01,-4,0,0,4.1588830833596715
2020-04-01,204,googleprojectzero/sandbox-attacksurface-analysis-tools,87,0,2020-07-01,-3,0,0,5.3230099791384085
2020-05-01,72,googleprojectzero/sandbox-attacksurface-analysis-tools,87,0,2020-07-01,-2,0,0,4.290459441148391
2020-06-01,14,googleprojectzero/sandbox-attacksurface-analysis-tools,87,0,2020-07-01,-1,0,0,2.70805020110221
2020-08-01,99,googleprojectzero/sandbox-attacksurface-analysis-tools,87,0,2020-07-01,1,1,0,4.605170185988092
2020-09-01,97,googleprojectzero/sandbox-attacksurface-analysis-tools,87,0,2020-07-01,2,1,0,4.584967478670572
2020-10-01,104,googleprojectzero/sandbox-attacksurface-analysis-tools,87,0,2020-07-01,3,1,0,4.653960350157523
2020-11-01,35,googleprojectzero/sandbox-attacksurface-analysis-tools,87,0,2020-07-01,4,1,0,3.58351893845611
2020-12-01,11,googleprojectzero/sandbox-attacksurface-analysis-tools,87,0,2020-07-01,5,1,0,2.4849066497880004
2021-01-01,97,googleprojectzero/sandbox-attacksurface-analysis-tools,87,0,2020-07-01,6,1,0,4.584967478670572
2021-02-01,95,googleprojectzero/sandbox-attacksurface-analysis-tools,87,0,2020-07-01,7,1,0,4.564348191467836
2021-03-01,93,googleprojectzero/sandbox-attacksurface-analysis-tools,87,0,2020-07-01,8,1,0,4.543294782270004
2021-04-01,61,googleprojectzero/sandbox-attacksurface-analysis-tools,87,0,2020-07-01,9,1,0,4.127134385045092
2021-05-01,59,googleprojectzero/sandbox-attacksurface-analysis-tools,87,0,2020-07-01,10,1,0,4.0943445622221
2021-06-01,18,googleprojectzero/sandbox-attacksurface-analysis-tools,87,0,2020-07-01,11,1,0,2.9444389791664403
2021-07-01,43,googleprojectzero/sandbox-attacksurface-analysis-tools,87,0,2020-07-01,12,1,0,3.784189633918261
2019-01-01,130,cosmos/cosmos-sdk,77,1,2020-01-01,-12,0,0,4.875197323201151
2019-02-01,167,cosmos/cosmos-sdk,77,1,2020-01-01,-11,0,0,5.123963979403259
2019-03-01,122,cosmos/cosmos-sdk,77,1,2020-01-01,-10,0,0,4.812184355372417
2019-04-01,128,cosmos/cosmos-sdk,77,1,2020-01-01,-9,0,0,4.859812404361672
2019-05-01,92,cosmos/cosmos-sdk,77,1,2020-01-01,-8,0,0,4.532599493153256
2019-06-01,71,cosmos/cosmos-sdk,77,1,2020-01-01,-7,0,0,4.276666119016055
2019-07-01,70,cosmos/cosmos-sdk,77,1,2020-01-01,-6,0,0,4.2626798770413155
2019-08-01,66,cosmos/cosmos-sdk,77,1,2020-01-01,-5,0,0,4.204692619390966
2019-09-01,59,cosmos/cosmos-sdk,77,1,2020-01-01,-4,0,0,4.0943445622221
2019-10-01,51,cosmos/cosmos-sdk,77,1,2020-01-01,-3,0,0,3.9512437185814275
2019-11-01,26,cosmos/cosmos-sdk,77,1,2020-01-01,-2,0,0,3.295836866004329
2019-12-01,49,cosmos/cosmos-sdk,77,1,2020-01-01,-1,0,0,3.912023005428146
2020-02-01,197,cosmos/cosmos-sdk,77,1,2020-01-01,1,1,1,5.288267030694535
2020-03-01,278,cosmos/cosmos-sdk,77,1,2020-01-01,2,1,1,5.631211781821365
2020-04-01,99,cosmos/cosmos-sdk,77,1,2020-01-01,3,1,1,4.605170185988092
2020-05-01,105,cosmos/cosmos-sdk,77,1,2020-01-01,4,1,1,4.663439094112067
2020-06-01,125,cosmos/cosmos-sdk,77,1,2020-01-01,5,1,1,4.836281906951478
2020-07-01,220,cosmos/cosmos-sdk,77,1,2020-01-01,6,1,1,5.3981627015177525
2020-08-01,154,cosmos/cosmos-sdk,77,1,2020-01-01,7,1,1,5.043425116919247
2020-09-01,130,cosmos/cosmos-sdk,77,1,2020-01-01,8,1,1,4.875197323201151
2020-10-01,171,cosmos/cosmos-sdk,77,1,2020-01-01,9,1,1,5.147494476813453
2020-11-01,167,cosmos/cosmos-sdk,77,1,2020-01-01,10,1,1,5.123963979403259
2020-12-01,83,cosmos/cosmos-sdk,77,1,2020-01-01,11,1,1,4.430816798843313
2021-01-01,106,cosmos/cosmos-sdk,77,1,2020-01-01,12,1,1,4.672828834461906
2019-11-01,32,XiaoMi/mace,92,0,2020-11-01,-12,0,0,3.4965075614664802
2019-12-01,8,XiaoMi/mace,92,0,2020-11-01,-11,0,0,2.1972245773362196
2020-01-01,10,XiaoMi/mace,92,0,2020-11-01,-10,0,0,2.3978952727983707
2020-02-01,2,XiaoMi/mace,92,0,2020-11-01,-9,0,0,1.0986122886681096
2020-03-01,19,XiaoMi/mace,92,0,2020-11-01,-8,0,0,2.995732273553991
2020-04-01,24,XiaoMi/mace,92,0,2020-11-01,-7,0,0,3.2188758248682006
2020-05-01,18,XiaoMi/mace,92,0,2020-11-01,-6,0,0,2.9444389791664403
2020-06-01,13,XiaoMi/mace,92,0,2020-11-01,-5,0,0,2.639057329615259
2020-07-01,16,XiaoMi/mace,92,0,2020-11-01,-4,0,0,2.833213344056216
2020-08-01,9,XiaoMi/mace,92,0,2020-11-01,-3,0,0,2.302585092994046
2020-09-01,5,XiaoMi/mace,92,0,2020-11-01,-2,0,0,1.791759469228055
2020-10-01,32,XiaoMi/mace,92,0,2020-11-01,-1,0,0,3.4965075614664802
2020-12-01,14,XiaoMi/mace,92,0,2020-11-01,1,1,0,2.70805020110221
2021-01-01,16,XiaoMi/mace,92,0,2020-11-01,2,1,0,2.833213344056216
2021-02-01,23,XiaoMi/mace,92,0,2020-11-01,3,1,0,3.1780538303479458
2021-03-01,8,XiaoMi/mace,92,0,2020-11-01,4,1,0,2.1972245773362196
2021-04-01,21,XiaoMi/mace,92,0,2020-11-01,5,1,0,3.091042453358316
2021-05-01,30,XiaoMi/mace,92,0,2020-11-01,6,1,0,3.4339872044851463
2021-06-01,21,XiaoMi/mace,92,0,2020-11-01,7,1,0,3.091042453358316
2021-07-01,33,XiaoMi/mace,92,0,2020-11-01,8,1,0,3.5263605246161616
2021-08-01,26,XiaoMi/mace,92,0,2020-11-01,9,1,0,3.295836866004329
2021-09-01,21,XiaoMi/mace,92,0,2020-11-01,10,1,0,3.091042453358316
2021-10-01,9,XiaoMi/mace,92,0,2020-11-01,11,1,0,2.302585092994046
2021-11-01,15,XiaoMi/mace,92,0,2020-11-01,12,1,0,2.772588722239781
2020-05-01,0,jboss-javassist/javassist,95,1,2021-05-01,-12,0,0,0.0
2020-06-01,0,jboss-javassist/javassist,95,1,2021-05-01,-11,0,0,0.0
2020-07-01,2,jboss-javassist/javassist,95,1,2021-05-01,-10,0,0,1.0986122886681096
2020-08-01,0,jboss-javassist/javassist,95,1,2021-05-01,-9,0,0,0.0
2020-09-01,0,jboss-javassist/javassist,95,1,2021-05-01,-8,0,0,0.0
2020-10-01,1,jboss-javassist/javassist,95,1,2021-05-01,-7,0,0,0.6931471805599453
2020-11-01,0,jboss-javassist/javassist,95,1,2021-05-01,-6,0,0,0.0
2020-12-01,1,jboss-javassist/javassist,95,1,2021-05-01,-5,0,0,0.6931471805599453
2021-01-01,5,jboss-javassist/javassist,95,1,2021-05-01,-4,0,0,1.791759469228055
2021-02-01,0,jboss-javassist/javassist,95,1,2021-05-01,-3,0,0,0.0
2021-03-01,1,jboss-javassist/javassist,95,1,2021-05-01,-2,0,0,0.6931471805599453
2021-04-01,6,jboss-javassist/javassist,95,1,2021-05-01,-1,0,0,1.9459101490553132
2021-06-01,1,jboss-javassist/javassist,95,1,2021-05-01,1,1,1,0.6931471805599453
2021-07-01,3,jboss-javassist/javassist,95,1,2021-05-01,2,1,1,1.3862943611198906
2021-08-01,0,jboss-javassist/javassist,95,1,2021-05-01,3,1,1,0.0
2021-09-01,4,jboss-javassist/javassist,95,1,2021-05-01,4,1,1,1.6094379124341003
2021-10-01,1,jboss-javassist/javassist,95,1,2021-05-01,5,1,1,0.6931471805599453
2021-11-01,0,jboss-javassist/javassist,95,1,2021-05-01,6,1,1,0.0
2021-12-01,0,jboss-javassist/javassist,95,1,2021-05-01,7,1,1,0.0
2022-01-01,0,jboss-javassist/javassist,95,1,2021-05-01,8,1,1,0.0
2022-02-01,0,jboss-javassist/javassist,95,1,2021-05-01,9,1,1,0.0
2022-03-01,0,jboss-javassist/javassist,95,1,2021-05-01,10,1,1,0.0
2022-04-01,1,jboss-javassist/javassist,95,1,2021-05-01,11,1,1,0.6931471805599453
2022-05-01,22,jboss-javassist/javassist,95,1,2021-05-01,12,1,1,3.1354942159291497
2020-05-01,2,JetBrains/fernflower,95,0,2021-05-01,-12,0,0,1.0986122886681096
2020-06-01,2,JetBrains/fernflower,95,0,2021-05-01,-11,0,0,1.0986122886681096
2020-07-01,3,JetBrains/fernflower,95,0,2021-05-01,-10,0,0,1.3862943611198906
2020-08-01,2,JetBrains/fernflower,95,0,2021-05-01,-9,0,0,1.0986122886681096
2020-09-01,0,JetBrains/fernflower,95,0,2021-05-01,-8,0,0,0.0
2020-10-01,0,JetBrains/fernflower,95,0,2021-05-01,-7,0,0,0.0
2020-11-01,2,JetBrains/fernflower,95,0,2021-05-01,-6,0,0,1.0986122886681096
2020-12-01,2,JetBrains/fernflower,95,0,2021-05-01,-5,0,0,1.0986122886681096
2021-01-01,3,JetBrains/fernflower,95,0,2021-05-01,-4,0,0,1.3862943611198906
2021-02-01,7,JetBrains/fernflower,95,0,2021-05-01,-3,0,0,2.0794415416798357
2021-03-01,0,JetBrains/fernflower,95,0,2021-05-01,-2,0,0,0.0
2021-04-01,6,JetBrains/fernflower,95,0,2021-05-01,-1,0,0,1.9459101490553132
2021-06-01,0,JetBrains/fernflower,95,0,2021-05-01,1,1,0,0.0
2021-07-01,0,JetBrains/fernflower,95,0,2021-05-01,2,1,0,0.0
2021-08-01,0,JetBrains/fernflower,95,0,2021-05-01,3,1,0,0.0
2021-09-01,0,JetBrains/fernflower,95,0,2021-05-01,4,1,0,0.0
2021-10-01,1,JetBrains/fernflower,95,0,2021-05-01,5,1,0,0.6931471805599453
2021-11-01,15,JetBrains/fernflower,95,0,2021-05-01,6,1,0,2.772588722239781
2021-12-01,29,JetBrains/fernflower,95,0,2021-05-01,7,1,0,3.4011973816621555
2022-01-01,36,JetBrains/fernflower,95,0,2021-05-01,8,1,0,3.6109179126442243
2022-02-01,16,JetBrains/fernflower,95,0,2021-05-01,9,1,0,2.833213344056216
2022-03-01,4,JetBrains/fernflower,95,0,2021-05-01,10,1,0,1.6094379124341003
2022-04-01,0,JetBrains/fernflower,95,0,2021-05-01,11,1,0,0.0
2022-05-01,0,JetBrains/fernflower,95,0,2021-05-01,12,1,0,0.0
2019-11-01,13,zhaoolee/ChineseBQB,93,0,2020-11-01,-12,0,0,2.639057329615259
2019-12-01,2,zhaoolee/ChineseBQB,93,0,2020-11-01,-11,0,0,1.0986122886681096
2020-01-01,11,zhaoolee/ChineseBQB,93,0,2020-11-01,-10,0,0,2.4849066497880004
2020-02-01,2,zhaoolee/ChineseBQB,93,0,2020-11-01,-9,0,0,1.0986122886681096
2020-03-01,8,zhaoolee/ChineseBQB,93,0,2020-11-01,-8,0,0,2.1972245773362196
2020-04-01,11,zhaoolee/ChineseBQB,93,0,2020-11-01,-7,0,0,2.4849066497880004
2020-05-01,3,zhaoolee/ChineseBQB,93,0,2020-11-01,-6,0,0,1.3862943611198906
2020-06-01,58,zhaoolee/ChineseBQB,93,0,2020-11-01,-5,0,0,4.07753744390572
2020-07-01,4,zhaoolee/ChineseBQB,93,0,2020-11-01,-4,0,0,1.6094379124341003
2020-08-01,15,zhaoolee/ChineseBQB,93,0,2020-11-01,-3,0,0,2.772588722239781
2020-09-01,4,zhaoolee/ChineseBQB,93,0,2020-11-01,-2,0,0,1.6094379124341003
2020-10-01,65,zhaoolee/ChineseBQB,93,0,2020-11-01,-1,0,0,4.189654742026425
2020-12-01,3,zhaoolee/ChineseBQB,93,0,2020-11-01,1,1,0,1.3862943611198906
2021-01-01,0,zhaoolee/ChineseBQB,93,0,2020-11-01,2,1,0,0.0
2021-02-01,7,zhaoolee/ChineseBQB,93,0,2020-11-01,3,1,0,2.0794415416798357
2021-03-01,0,zhaoolee/ChineseBQB,93,0,2020-11-01,4,1,0,0.0
2021-04-01,16,zhaoolee/ChineseBQB,93,0,2020-11-01,5,1,0,2.833213344056216
2021-05-01,29,zhaoolee/ChineseBQB,93,0,2020-11-01,6,1,0,3.4011973816621555
2021-06-01,8,zhaoolee/ChineseBQB,93,0,2020-11-01,7,1,0,2.1972245773362196
2021-07-01,0,zhaoolee/ChineseBQB,93,0,2020-11-01,8,1,0,0.0
2021-08-01,2,zhaoolee/ChineseBQB,93,0,2020-11-01,9,1,0,1.0986122886681096
2021-09-01,9,zhaoolee/ChineseBQB,93,0,2020-11-01,10,1,0,2.302585092994046
2021-10-01,4,zhaoolee/ChineseBQB,93,0,2020-11-01,11,1,0,1.6094379124341003
2021-11-01,0,zhaoolee/ChineseBQB,93,0,2020-11-01,12,1,0,0.0
2018-11-01,2,yiminghe/async-validator,96,0,2019-11-01,-12,0,0,1.0986122886681096
2018-12-01,7,yiminghe/async-validator,96,0,2019-11-01,-11,0,0,2.0794415416798357
2019-01-01,0,yiminghe/async-validator,96,0,2019-11-01,-10,0,0,0.0
2019-02-01,0,yiminghe/async-validator,96,0,2019-11-01,-9,0,0,0.0
2019-03-01,4,yiminghe/async-validator,96,0,2019-11-01,-8,0,0,1.6094379124341003
2019-04-01,4,yiminghe/async-validator,96,0,2019-11-01,-7,0,0,1.6094379124341003
2019-05-01,0,yiminghe/async-validator,96,0,2019-11-01,-6,0,0,0.0
2019-06-01,1,yiminghe/async-validator,96,0,2019-11-01,-5,0,0,0.6931471805599453
2019-07-01,11,yiminghe/async-validator,96,0,2019-11-01,-4,0,0,2.4849066497880004
2019-08-01,17,yiminghe/async-validator,96,0,2019-11-01,-3,0,0,2.8903717578961645
2019-09-01,7,yiminghe/async-validator,96,0,2019-11-01,-2,0,0,2.0794415416798357
2019-10-01,8,yiminghe/async-validator,96,0,2019-11-01,-1,0,0,2.1972245773362196
2019-12-01,3,yiminghe/async-validator,96,0,2019-11-01,1,1,0,1.3862943611198906
2020-01-01,1,yiminghe/async-validator,96,0,2019-11-01,2,1,0,0.6931471805599453
2020-02-01,2,yiminghe/async-validator,96,0,2019-11-01,3,1,0,1.0986122886681096
2020-03-01,7,yiminghe/async-validator,96,0,2019-11-01,4,1,0,2.0794415416798357
2020-04-01,1,yiminghe/async-validator,96,0,2019-11-01,5,1,0,0.6931471805599453
2020-05-01,25,yiminghe/async-validator,96,0,2019-11-01,6,1,0,3.258096538021482
2020-06-01,0,yiminghe/async-validator,96,0,2019-11-01,7,1,0,0.0
2020-07-01,2,yiminghe/async-validator,96,0,2019-11-01,8,1,0,1.0986122886681096
2020-08-01,8,yiminghe/async-validator,96,0,2019-11-01,9,1,0,2.1972245773362196
2020-09-01,0,yiminghe/async-validator,96,0,2019-11-01,10,1,0,0.0
2020-10-01,0,yiminghe/async-validator,96,0,2019-11-01,11,1,0,0.0
2020-11-01,10,yiminghe/async-validator,96,0,2019-11-01,12,1,0,2.3978952727983707
2018-11-01,18,conventional-changelog/conventional-changelog,96,1,2019-11-01,-12,0,0,2.9444389791664403
2018-12-01,15,conventional-changelog/conventional-changelog,96,1,2019-11-01,-11,0,0,2.772588722239781
2019-01-01,16,conventional-changelog/conventional-changelog,96,1,2019-11-01,-10,0,0,2.833213344056216
2019-02-01,6,conventional-changelog/conventional-changelog,96,1,2019-11-01,-9,0,0,1.9459101490553132
2019-03-01,12,conventional-changelog/conventional-changelog,96,1,2019-11-01,-8,0,0,2.5649493574615367
2019-04-01,16,conventional-changelog/conventional-changelog,96,1,2019-11-01,-7,0,0,2.833213344056216
2019-05-01,23,conventional-changelog/conventional-changelog,96,1,2019-11-01,-6,0,0,3.1780538303479458
2019-06-01,0,conventional-changelog/conventional-changelog,96,1,2019-11-01,-5,0,0,0.0
2019-07-01,8,conventional-changelog/conventional-changelog,96,1,2019-11-01,-4,0,0,2.1972245773362196
2019-08-01,3,conventional-changelog/conventional-changelog,96,1,2019-11-01,-3,0,0,1.3862943611198906
2019-09-01,7,conventional-changelog/conventional-changelog,96,1,2019-11-01,-2,0,0,2.0794415416798357
2019-10-01,12,conventional-changelog/conventional-changelog,96,1,2019-11-01,-1,0,0,2.5649493574615367
2019-12-01,5,conventional-changelog/conventional-changelog,96,1,2019-11-01,1,1,1,1.791759469228055
2020-01-01,4,conventional-changelog/conventional-changelog,96,1,2019-11-01,2,1,1,1.6094379124341003
2020-02-01,4,conventional-changelog/conventional-changelog,96,1,2019-11-01,3,1,1,1.6094379124341003
2020-03-01,1,conventional-changelog/conventional-changelog,96,1,2019-11-01,4,1,1,0.6931471805599453
2020-04-01,0,conventional-changelog/conventional-changelog,96,1,2019-11-01,5,1,1,0.0
2020-05-01,13,conventional-changelog/conventional-changelog,96,1,2019-11-01,6,1,1,2.639057329615259
2020-06-01,8,conventional-changelog/conventional-changelog,96,1,2019-11-01,7,1,1,2.1972245773362196
2020-07-01,0,conventional-changelog/conventional-changelog,96,1,2019-11-01,8,1,1,0.0
2020-08-01,3,conventional-changelog/conventional-changelog,96,1,2019-11-01,9,1,1,1.3862943611198906
2020-09-01,0,conventional-changelog/conventional-changelog,96,1,2019-11-01,10,1,1,0.0
2020-10-01,2,conventional-changelog/conventional-changelog,96,1,2019-11-01,11,1,1,1.0986122886681096
2020-11-01,8,conventional-changelog/conventional-changelog,96,1,2019-11-01,12,1,1,2.1972245773362196
2020-02-01,102,alda-lang/alda,94,0,2021-02-01,-12,0,0,4.634728988229636
2020-03-01,23,alda-lang/alda,94,0,2021-02-01,-11,0,0,3.1780538303479458
2020-04-01,12,alda-lang/alda,94,0,2021-02-01,-10,0,0,2.5649493574615367
2020-05-01,3,alda-lang/alda,94,0,2021-02-01,-9,0,0,1.3862943611198906
2020-06-01,21,alda-lang/alda,94,0,2021-02-01,-8,0,0,3.091042453358316
2020-07-01,38,alda-lang/alda,94,0,2021-02-01,-7,0,0,3.6635616461296463
2020-08-01,20,alda-lang/alda,94,0,2021-02-01,-6,0,0,3.044522437723423
2020-09-01,24,alda-lang/alda,94,0,2021-02-01,-5,0,0,3.2188758248682006
2020-10-01,30,alda-lang/alda,94,0,2021-02-01,-4,0,0,3.4339872044851463
2020-11-01,35,alda-lang/alda,94,0,2021-02-01,-3,0,0,3.58351893845611
2020-12-01,11,alda-lang/alda,94,0,2021-02-01,-2,0,0,2.4849066497880004
2021-01-01,35,alda-lang/alda,94,0,2021-02-01,-1,0,0,3.58351893845611
2021-03-01,10,alda-lang/alda,94,0,2021-02-01,1,1,0,2.3978952727983707
2021-04-01,44,alda-lang/alda,94,0,2021-02-01,2,1,0,3.8066624897703196
2021-05-01,22,alda-lang/alda,94,0,2021-02-01,3,1,0,3.1354942159291497
2021-06-01,40,alda-lang/alda,94,0,2021-02-01,4,1,0,3.713572066704308
2021-07-01,24,alda-lang/alda,94,0,2021-02-01,5,1,0,3.2188758248682006
2021-08-01,26,alda-lang/alda,94,0,2021-02-01,6,1,0,3.295836866004329
2021-09-01,8,alda-lang/alda,94,0,2021-02-01,7,1,0,2.1972245773362196
2021-10-01,6,alda-lang/alda,94,0,2021-02-01,8,1,0,1.9459101490553132
2021-11-01,0,alda-lang/alda,94,0,2021-02-01,9,1,0,0.0
2021-12-01,22,alda-lang/alda,94,0,2021-02-01,10,1,0,3.1354942159291497
2022-01-01,14,alda-lang/alda,94,0,2021-02-01,11,1,0,2.70805020110221
2022-02-01,2,alda-lang/alda,94,0,2021-02-01,12,1,0,1.0986122886681096
2020-02-01,5,elves/elvish,94,1,2021-02-01,-12,0,0,1.791759469228055
2020-03-01,71,elves/elvish,94,1,2021-02-01,-11,0,0,4.276666119016055
2020-04-01,165,elves/elvish,94,1,2021-02-01,-10,0,0,5.111987788356544
2020-05-01,55,elves/elvish,94,1,2021-02-01,-9,0,0,4.02535169073515
2020-06-01,39,elves/elvish,94,1,2021-02-01,-8,0,0,3.6888794541139363
2020-07-01,31,elves/elvish,94,1,2021-02-01,-7,0,0,3.4657359027997265
2020-08-01,90,elves/elvish,94,1,2021-02-01,-6,0,0,4.51085950651685
2020-09-01,37,elves/elvish,94,1,2021-02-01,-5,0,0,3.6375861597263857
2020-10-01,16,elves/elvish,94,1,2021-02-01,-4,0,0,2.833213344056216
2020-11-01,6,elves/elvish,94,1,2021-02-01,-3,0,0,1.9459101490553132
2020-12-01,21,elves/elvish,94,1,2021-02-01,-2,0,0,3.091042453358316
2021-01-01,120,elves/elvish,94,1,2021-02-01,-1,0,0,4.795790545596741
2021-03-01,27,elves/elvish,94,1,2021-02-01,1,1,1,3.332204510175204
2021-04-01,31,elves/elvish,94,1,2021-02-01,2,1,1,3.4657359027997265
2021-05-01,62,elves/elvish,94,1,2021-02-01,3,1,1,4.143134726391533
2021-06-01,117,elves/elvish,94,1,2021-02-01,4,1,1,4.770684624465665
2021-07-01,13,elves/elvish,94,1,2021-02-01,5,1,1,2.639057329615259
2021-08-01,68,elves/elvish,94,1,2021-02-01,6,1,1,4.23410650459726
2021-09-01,57,elves/elvish,94,1,2021-02-01,7,1,1,4.060443010546419
2021-10-01,72,elves/elvish,94,1,2021-02-01,8,1,1,4.290459441148391
2021-11-01,53,elves/elvish,94,1,2021-02-01,9,1,1,3.9889840465642745
2021-12-01,68,elves/elvish,94,1,2021-02-01,10,1,1,4.23410650459726
2022-01-01,37,elves/elvish,94,1,2021-02-01,11,1,1,3.6375861597263857
2022-02-01,12,elves/elvish,94,1,2021-02-01,12,1,1,2.5649493574615367
