repo_full_name,owner,repo_name,language,stars,forks,created_at,updated_at,default_branch,fork,archived,github_actions_enabled,commits_count,pull_requests_count,contributors_count,repo_age_years,commits_per_year,prs_per_year,contributors_per_year,log_stars,log_forks,log_commits_per_year
asb2m10/dexed,asb2m10,dexed,C++,3436,292,2013-12-06 04:18:54+00:00,2026-07-22T16:02:44Z,master,False,False,1,532.0,97.0,19.0,12.723287671232876,41.81309216192937,7.623815676141258,1.4933247200689062,8.142354276849835,5.680172609017068,3.7568439474463076
markdoc/markdoc,markdoc,markdoc,TypeScript,8080,230,2022-05-09 17:50:46+00:00,2026-07-23T10:41:05Z,main,False,False,1,162.0,188.0,22.0,4.293150684931507,37.734524569240584,43.790682833439696,5.124441608168475,8.997270906233448,5.442417710521793,3.6567313100764527
yudaocode/SpringBoot-Labs,yudaocode,SpringBoot-Labs,Java,20094,6150,2018-09-12 14:51:46+00:00,2026-07-23T04:44:47Z,master,False,False,0,678.0,37.0,3.0,7.950684931506849,85.27567195037905,4.6536871123363195,0.37732598208132323,9.908226306883302,8.724369949208368,4.457547657425241
libreddit/libreddit,libreddit,libreddit,Rust,5202,255,2020-08-12 00:17:58+00:00,2026-07-23T15:35:37Z,master,False,False,1,958.0,264.0,79.0,6.035616438356165,158.72446663640488,43.74035406264185,13.088969586926916,8.556990661290303,5.545177444479562,5.073450247221006
FunAudioLLM/CosyVoice,FunAudioLLM,CosyVoice,Python,22364,2584,2024-07-03 02:59:22+00:00,2026-07-23T17:24:02Z,main,False,False,1,552.0,250.0,43.0,2.1424657534246574,257.64705882352945,116.68797953964196,20.070332480818415,10.015252515866948,7.85748078694253,5.555464425124594
ullmark/hashids.net,ullmark,hashids.net,C#,3355,172,2012-10-15 07:58:34+00:00,2026-07-16T13:39:43Z,master,False,False,1,144.0,49.0,21.0,13.865753424657534,10.38529934795495,3.533886583679115,1.5145228215767634,8.118505067587098,5.153291594497779,2.4323229923588836
go-task/task,go-task,task,Go,15870,869,2017-02-27 00:46:04+00:00,2026-07-23T07:27:06Z,main,False,False,1,2814.0,1307.0,241.0,9.493150684931507,296.42424242424244,137.6782106782107,25.386724386724385,9.672248823507559,6.76849321164863,5.695159545244081
cpq/bare-metal-programming-guide,cpq,bare-metal-programming-guide,C,4783,438,2022-09-15 13:35:24+00:00,2026-07-22T21:18:48Z,main,False,False,1,259.0,29.0,14.0,3.9397260273972603,65.74061196105703,7.3609179415855355,3.553546592489569,8.473032295630468,6.0844994130751715,4.2008136426107825
NoiseByNorthwest/php-spx,NoiseByNorthwest,php-spx,C,2619,105,2017-06-20 20:14:41+00:00,2026-07-17T18:21:28Z,master,False,False,1,497.0,163.0,22.0,9.180821917808219,54.13458669054014,17.754401671142944,2.3962996120561026,7.8709295967551425,4.663439094112067,4.009777226865144
emgucv/emgucv,emgucv,emgucv,C#,2292,588,2017-01-04 19:23:13+00:00,2026-07-23T17:34:31Z,EMGUCV_5_0,False,False,1,6216.0,52.0,17.0,9.638356164383561,644.9232518476407,5.3951108584422975,1.7637862421830588,7.737616282857904,6.3784261836515865,6.4706806915352955
didi/DoKit,didi,DoKit,Java,20412,3188,2018-08-14 10:32:07+00:00,2026-07-22T06:15:09Z,master,False,False,0,2349.0,469.0,92.0,8.032876712328767,292.4232605729877,58.38506139154161,11.45293315143247,9.923927231773584,8.067462667010057,5.681616141956306
robotframework/robotframework,robotframework,robotframework,Python,11772,2553,2014-06-27 11:10:38+00:00,2026-07-23T15:27:33Z,master,False,False,1,15518.0,896.0,205.0,12.167123287671233,1275.4041882458905,73.64107183066876,16.848682729115065,9.373564053078196,7.845416036592485,7.151802175694451
rmcrackan/Libation,rmcrackan,Libation,C#,5941,303,2019-10-04 20:02:35+00:00,2026-07-23T07:46:52Z,master,False,False,1,3338.0,441.0,31.0,6.890410958904109,484.441351888668,64.00198807157058,4.499005964214712,8.689801056022553,5.717027701406222,6.185058481029123
tnodir/fort,tnodir,fort,C++,3380,232,2014-12-30 10:55:46+00:00,2026-07-23T16:26:04Z,master,False,False,0,5245.0,50.0,7.0,11.657534246575343,449.9236192714453,4.289071680376028,0.6004700352526439,8.125926802707886,5.4510384535657,6.111297966559992
stakater/Reloader,stakater,Reloader,Go,10248,657,2018-07-04 13:42:50+00:00,2026-07-23T15:55:12Z,master,False,False,1,1718.0,760.0,157.0,8.142465753424657,210.99259757738898,93.3378196500673,19.281628532974427,9.234935418831563,6.489204931325317,5.356551356974609
rook/rook,rook,rook,Go,13585,2837,2016-07-08 22:45:05+00:00,2026-07-23T17:39:21Z,master,False,False,1,14116.0,11253.0,383.0,10.131506849315068,1393.277447268794,1110.693618171985,37.80286641427799,9.516795129751248,7.950854857719988,7.240131601121292
strimzi/strimzi-kafka-operator,strimzi,strimzi-kafka-operator,Java,5883,1521,2016-05-06 08:52:33+00:00,2026-07-23T19:18:42Z,main,False,False,1,7436.0,7275.0,321.0,10.306849315068494,721.4619883040936,705.841307814992,31.144338118022326,8.679992081721329,7.3277805384216315,6.582664807258746
aquasecurity/tfsec,aquasecurity,tfsec,Go,7020,555,2019-03-04 16:56:59+00:00,2026-07-23T00:39:28Z,master,False,False,1,1356.0,1165.0,111.0,7.476712328767123,181.3631366801026,155.8171491388787,14.84609747160132,8.85666093701725,6.320768294250582,5.205999955680438
openrndr/openrndr,openrndr,openrndr,Kotlin,973,80,2018-02-20 16:17:54+00:00,2026-07-23T04:25:05Z,master,False,False,1,2259.0,281.0,24.0,8.509589041095891,265.4652285898261,33.021571152607855,2.820347714101738,6.881411303642535,4.394449154672439,5.585243760758772
getanteon/anteon,getanteon,anteon,Go,8523,389,2021-08-04 07:43:53+00:00,2026-07-16T07:12:27Z,master,False,False,1,1298.0,265.0,20.0,5.057534246575343,256.646803900325,52.397074756229685,3.9544962080173347,9.050640993218508,5.966146739123692,5.551589669885824
betaflight/betaflight,betaflight,betaflight,C,11247,3911,2015-06-08 10:37:44+00:00,2026-07-23T20:25:13Z,master,False,False,1,19709.0,8882.0,343.0,11.219178082191782,1756.7240537240536,791.6800976800977,30.57264957264957,9.327945614050446,8.271804031154709,7.471775099897393
modelcontextprotocol/registry,modelcontextprotocol,registry,Go,7063,907,2025-02-05 17:58:01+00:00,2026-07-23T15:43:10Z,main,False,False,1,663.0,882.0,69.0,1.5452054794520549,429.06914893617017,570.7978723404254,44.65425531914893,8.862766742283796,6.811244378601294,6.063946007238294
socketio/socket.io,socketio,socket.io,TypeScript,63167,10197,2010-03-11 18:24:48+00:00,2026-07-23T19:24:50Z,main,False,False,1,7756.0,935.0,403.0,16.46301369863014,471.1166583458146,56.79397570311199,24.47911466134132,11.053553122793154,9.2299469016151,6.1572261125594885
Homebrew/homebrew-cask,Homebrew,homebrew-cask,Ruby,22119,11731,2012-03-05 02:05:17+00:00,2026-07-23T20:50:36Z,main,False,False,1,447350.0,269793.0,378.0,14.479452054794521,30895.506149479657,18632.818353831597,26.105960264900663,10.004237455636272,9.37007543009734,10.338398386896861
godotengine/godot,godotengine,godot,C++,114537,26088,2014-01-04 16:05:36+00:00,2026-07-23T20:29:28Z,master,False,False,1,85211.0,57420.0,458.0,12.64109589041096,6740.7921543129605,4542.327698309493,36.231035977459904,11.648661924646458,10.169269048534572,8.816081066827692
linshenkx/prompt-optimizer,linshenkx,prompt-optimizer,TypeScript,32552,3812,2025-02-12 06:06:49+00:00,2026-07-23T19:29:08Z,develop,False,False,1,917.0,93.0,27.0,1.5287671232876712,599.8297491039427,60.833333333333336,17.661290322580644,10.390624809288317,8.246171559857563,6.3983116150428705
charmbracelet/soft-serve,charmbracelet,soft-serve,Go,7108,234,2021-07-30 23:32:44+00:00,2026-07-23T20:20:16Z,main,False,False,1,1011.0,617.0,45.0,5.068493150684931,199.46756756756758,121.73243243243243,8.878378378378379,8.869116865929483,5.459585514144159,5.300652475894682
spatie/laravel-translatable,spatie,laravel-translatable,PHP,2457,296,2016-04-07 11:49:51+00:00,2026-07-18T02:49:30Z,main,False,False,1,439.0,208.0,83.0,10.386301369863014,42.26721181746241,20.026378264310207,7.9912951727776305,7.80710329012598,5.6937321388027,3.7673951153097702
Masterminds/squirrel,Masterminds,squirrel,Go,7971,515,2014-01-18 05:29:58+00:00,2026-07-23T10:37:26Z,master,False,False,0,262.0,158.0,42.0,12.605479452054794,20.784612040860683,12.534231688763313,3.3318843729623997,8.983690681332686,6.246106765481563,3.0812038508664514
jbiaojerry/ebook-treasure-chest,jbiaojerry,ebook-treasure-chest,Python,14828,2066,2023-09-13 12:22:09+00:00,2026-07-23T19:14:50Z,main,False,False,1,68.0,2.0,2.0,2.9452054794520546,23.088372093023256,0.6790697674418605,0.6790697674418605,9.60434000197507,7.633853559681768,3.181729238296229
Fission-AI/OpenSpec,Fission-AI,OpenSpec,TypeScript,62302,4314,2025-08-05 10:37:45+00:00,2026-07-23T19:59:07Z,main,False,False,1,695.0,757.0,80.0,1.0520547945205478,660.6119791666667,719.5442708333334,76.04166666666667,11.03976485770927,8.36985260351753,6.494679249903887
ceph/ceph,ceph,ceph,C++,16851,6450,2011-09-01 21:41:26+00:00,2026-07-23T17:07:19Z,main,False,False,1,163259.0,70517.0,289.0,14.986301369863014,10893.882084095063,4705.430530164534,19.284277879341865,9.732224623098908,8.771990436532242,9.29604842438257
libAudioFlux/audioFlux,libAudioFlux,audioFlux,C,3344,145,2023-01-16 09:53:04+00:00,2026-07-23T08:54:50Z,master,False,False,1,168.0,21.0,5.0,3.6054794520547944,46.59574468085106,5.824468085106383,1.3867781155015197,8.11522197256233,4.983606621708336,3.862743359780071
liyupi/ai-guide,liyupi,ai-guide,JavaScript,17615,1995,2025-02-13 05:47:46+00:00,2026-07-23T17:06:45Z,main,False,False,1,253.0,31.0,5.0,1.526027397260274,165.7899461400359,20.314183123877918,3.276481149012567,9.77656285896246,7.59890045687141,5.116735213168207
flarum/framework,flarum,framework,PHP,6734,880,2014-12-20 05:12:03+00:00,2026-07-23T20:51:00Z,2.x,False,False,1,9739.0,2284.0,170.0,11.684931506849315,833.4665885111372,195.4654161781946,14.548651817116061,8.815073088844464,6.78105762593618,6.7267927045665505
odriverobotics/ODrive,odriverobotics,ODrive,C++,3696,1731,2016-04-25 17:26:04+00:00,2026-07-23T12:35:38Z,master,False,False,1,3601.0,448.0,80.0,10.334246575342465,348.4530752916225,43.35100742311771,7.741251325556734,8.215276958936633,7.4570320891223805,5.856369290261071
567-labs/instructor,567-labs,instructor,Python,13605,1163,2023-06-14 10:42:23+00:00,2026-07-23T15:49:41Z,main,False,False,1,1565.0,1621.0,248.0,3.197260273972603,489.4815766923736,506.99657240788343,77.56640959725793,9.518266150905006,7.059617628291383,6.195387718039817
developit/microbundle,developit,microbundle,JavaScript,8131,359,2017-12-11 21:51:02+00:00,2026-07-22T01:09:57Z,master,False,False,1,794.0,489.0,108.0,8.704109589041096,91.22127793515895,56.18035882908404,12.407932011331445,9.003562174748238,5.886104031450156,4.52419088414469
MoonTechLab/LunaTV,MoonTechLab,LunaTV,TypeScript,9124,8803,2025-08-12 13:59:33+00:00,2026-07-23T18:56:57Z,main,False,False,1,138.0,22.0,3.0,1.0301369863013699,133.9627659574468,21.356382978723406,2.9122340425531914,9.118773178450692,9.082961442646353,4.904998932673868
jeecgboot/jimureport,jeecgboot,jimureport,Java,8137,1857,2019-12-05 12:25:59+00:00,2026-07-22T14:37:34Z,master,False,False,0,514.0,22.0,2.0,6.720547945205479,76.48185894822666,3.273542600896861,0.29759478189971467,9.004299728561636,7.527255919373784,4.350043830871352
mpitutorial/mpitutorial,mpitutorial,mpitutorial,C,2350,753,2012-11-29 04:53:19+00:00,2026-07-23T07:09:11Z,gh-pages,False,False,0,307.0,96.0,43.0,13.742465753424657,22.339513556618822,6.9856459330143545,3.128987240829346,7.762596048540069,6.625392368007956,3.1501477850224897
nemanjarogic/DesignPatternsLibrary,nemanjarogic,DesignPatternsLibrary,C#,2126,223,2020-12-31 11:38:31+00:00,2026-07-13T10:03:16Z,main,False,False,0,165.0,3.0,2.0,5.64931506849315,29.207080504364697,0.5310378273520854,0.3540252182347236,7.6624678152002375,5.4116460518550396,3.4080763506877405
QianMo/X-PostProcessing-Library,QianMo,X-PostProcessing-Library,C#,3546,705,2020-04-05 11:45:40+00:00,2026-07-22T06:31:13Z,master,False,False,0,181.0,1.0,1.0,6.389041095890411,28.32975986277873,0.1565180102915952,0.1565180102915952,8.173857454773621,6.559615237493242,3.3786026955292736
olikraus/u8g2,olikraus,u8g2,C,6591,1215,2015-11-06 19:51:07+00:00,2026-07-23T14:15:42Z,master,False,False,1,3284.0,209.0,78.0,10.802739726027397,303.99695663200606,19.346943951306113,7.220390565559219,8.793612071589308,7.103322062526113,5.720301798301911
strongself/Generamba,strongself,Generamba,Ruby,1815,180,2015-11-04 11:57:22+00:00,2026-06-17T01:55:36Z,develop,False,False,0,400.0,74.0,17.0,10.808219178082192,37.00887198986058,6.846641318124208,1.5728770595690749,7.504391559161238,5.198497031265826,3.6378196058930925
shadowsocks/shadowsocks-libev,shadowsocks,shadowsocks-libev,C,16185,6247,2012-12-15 08:11:07+00:00,2026-07-21T06:42:04Z,master,False,False,1,2416.0,789.0,192.0,13.698630136986301,176.368,57.597,14.016,9.691901950055648,8.740016691519521,5.178226670289909
frectonz/sql-studio,frectonz,sql-studio,Rust,3573,123,2024-06-11 18:32:36+00:00,2026-07-19T21:13:17Z,main,False,False,1,410.0,19.0,8.0,2.2,186.36363636363635,8.636363636363635,3.6363636363636362,8.181440695719374,4.820281565605037,5.233051308092088
lin-ycv/EverythingPowerToys,lin-ycv,EverythingPowerToys,C#,3351,71,2022-01-10 12:51:28+00:00,2026-07-20T11:18:19Z,main,False,False,1,137.0,21.0,16.0,4.619178082191781,29.658956109134042,4.5462633451957295,3.4638196915776986,8.117312461601975,4.276666119016055,3.4229248255429114
TheAlgorithms/Java,TheAlgorithms,Java,Java,66044,21229,2016-07-16 10:21:02+00:00,2026-07-23T17:05:57Z,master,False,False,1,3252.0,5968.0,427.0,10.112328767123287,321.58764562449204,590.1706854510973,42.22568409645083,11.098091606857963,9.963170554697301,5.776374868691489
Zylann/godot_voxel,Zylann,godot_voxel,C++,3795,337,2016-05-01 21:44:28+00:00,2026-07-23T10:57:49Z,master,False,False,1,4998.0,179.0,57.0,10.317808219178081,484.40520446096656,17.348645778013807,5.5244291024960175,8.241703159729818,5.823045895483019,6.184984015239484
xiph/flac,xiph,flac,C,2366,357,2014-08-19 05:20:50+00:00,2026-07-23T19:04:13Z,master,False,False,1,4584.0,595.0,106.0,12.021917808219179,381.3035551504102,49.49293527803099,8.817228805834093,7.769378609513984,5.8805329864007,5.946214940032422
hegaojian/JetpackMvvm,hegaojian,JetpackMvvm,Kotlin,3564,690,2019-12-21 08:41:45+00:00,2026-07-23T06:51:25Z,master,False,False,0,233.0,11.0,3.0,6.67945205479452,34.883100902379,1.6468416735028713,0.4491386382280558,8.178919332848396,6.53813982376767,3.580266457714289
sirmalloc/ccstatusline,sirmalloc,ccstatusline,TypeScript,11956,526,2025-08-08 11:19:28+00:00,2026-07-23T19:13:37Z,main,False,False,1,351.0,269.0,85.0,1.0438356164383562,336.25984251968504,257.7034120734908,81.43044619422572,9.38907215991958,6.267200548541362,5.820853679301543
chocolatey/choco,chocolatey,choco,C#,11467,961,2014-12-30 22:12:11+00:00,2026-07-23T17:11:45Z,develop,False,False,1,5109.0,941.0,115.0,11.654794520547945,438.36036671368123,80.73930418429714,9.867183826986366,9.34731582700326,6.8690144506657065,6.085319957233485
jart/blink,jart,blink,C,7561,273,2022-11-03 06:07:09+00:00,2026-07-22T22:07:29Z,master,False,False,1,621.0,113.0,22.0,3.808219178082192,163.068345323741,29.672661870503596,5.776978417266187,8.930890984450878,5.6131281063880705,5.100283080791203
apache/superset,apache,superset,Python,73942,17930,2015-07-21 18:55:34+00:00,2026-07-23T19:26:59Z,master,False,False,1,21632.0,24994.0,421.0,11.098630136986301,1949.0693655887435,2251.9896321895826,37.93260923228832,11.211049805105466,9.794286337492364,7.575620223021912
tonybeltramelli/pix2code,tonybeltramelli,pix2code,Python,12025,1431,2017-05-24 05:51:41+00:00,2026-07-17T19:30:40Z,master,False,False,0,26.0,30.0,3.0,9.257534246575343,2.8085232317253626,3.2406037289138796,0.32406037289138795,9.394826251599515,7.266827347520591,1.337241510779375
sqldelight/sqldelight,sqldelight,sqldelight,Kotlin,6844,573,2015-10-21 13:21:18+00:00,2026-07-21T20:00:39Z,master,False,False,1,3779.0,3384.0,176.0,10.846575342465753,348.40490022733013,311.98787572619347,16.22631977772165,8.83127373772255,6.352629396319567,5.856231422293455
Unity-Technologies/FPSSample,Unity-Technologies,FPSSample,C#,5116,1871,2018-10-17 09:03:54+00:00,2026-07-23T07:04:44Z,master,False,False,0,20.0,23.0,3.0,7.857534246575343,2.5453277545327753,2.9271269177126915,0.3817991631799163,8.540323608805092,7.534762657037537,1.265630611149779
emirpasic/gods,emirpasic,gods,Go,17441,1826,2015-03-04 14:19:52+00:00,2026-07-23T06:35:39Z,master,False,False,1,475.0,161.0,30.0,11.479452054794521,41.37828162291169,14.02505966587112,2.6133651551312647,9.76663636978693,7.510430556378006,3.7466360051306986
gerardog/gsudo,gerardog,gsudo,C#,6004,163,2019-11-07 14:10:34+00:00,2026-07-23T20:31:35Z,master,False,False,1,928.0,162.0,28.0,6.7972602739726025,136.52559451833937,23.83313180169287,4.119306731156792,8.700347734514084,5.099866427824199,4.923810041735922
liuyubobobo/Play-with-Algorithms,liuyubobobo,Play-with-Algorithms,Java,3716,1445,2016-07-05 18:16:22+00:00,2026-07-17T16:44:49Z,master,False,False,0,311.0,9.0,2.0,10.139726027397261,30.671440151310456,0.8875979465009456,0.19724398811132124,8.220672170297252,7.27655640271871,3.455415333192385
threat9/routersploit,threat9,routersploit,Python,13194,2401,2016-03-30 11:43:12+00:00,2026-07-23T19:29:50Z,master,False,False,0,839.0,367.0,78.0,10.408219178082192,80.60937088707554,35.260594893393,7.494077388786523,9.487593248937424,7.784057002639929,4.40194409467893
datahaven-xyz/datahaven,datahaven-xyz,datahaven,Rust,7926,146,2025-03-06 14:35:59+00:00,2026-07-21T09:32:49Z,main,False,False,1,424.0,476.0,10.0,1.4657534246575343,289.27102803738313,324.74766355140184,6.822429906542055,8.978029932837156,4.990432586778736,5.670815065972317
linq2db/linq2db,linq2db,linq2db,C#,3303,478,2011-06-18 16:24:37+00:00,2026-07-22T19:24:19Z,master,False,False,0,6774.0,2434.0,130.0,15.191780821917808,445.8990081154193,160.21821460775473,8.557258791704237,8.102889134640868,6.171700597410915,6.10233263645925
ffay/lanproxy,ffay,lanproxy,Java,5851,1553,2016-11-20 08:12:10+00:00,2026-07-23T08:39:01Z,master,False,False,0,86.0,20.0,3.0,9.764383561643836,8.807519640852973,2.048260381593715,0.30723905723905726,8.674538762140015,7.348587530927593,2.2831494017356064
DirectoryLister/DirectoryLister,DirectoryLister,DirectoryLister,PHP,2530,520,2011-02-16 21:47:13+00:00,2026-07-21T07:57:28Z,master,False,False,1,1523.0,1010.0,45.0,15.526027397260274,98.09334745014999,65.0520557614258,2.898358920063526,7.836369760545124,6.255750041753367,4.596062309417156
checkstyle/checkstyle,checkstyle,checkstyle,Java,8977,4132,2013-08-31 02:05:05+00:00,2026-07-23T14:58:47Z,master,False,False,1,17276.0,14502.0,381.0,12.98904109589041,1330.0442944526471,1116.479645644379,29.332419320818392,9.102532419341877,8.326758814511733,7.1937190969192475
QuipNetwork/quip-protocol-rs,QuipNetwork,quip-protocol-rs,Rust,5651,32,2026-04-02 13:12:31+00:00,2026-07-21T20:53:12Z,main,False,False,0,167.0,0.0,5.0,0.3917808219178082,426.2587412587413,0.0,12.762237762237762,8.639764743804419,3.4965075614664802,6.057389781139813
SciSharp/LLamaSharp,SciSharp,LLamaSharp,C#,3748,500,2023-05-09 18:03:21+00:00,2026-07-23T13:59:00Z,master,False,False,1,2441.0,861.0,88.0,3.293150684931507,741.2354409317803,261.4517470881864,26.722129783693845,8.229244416735913,6.2166061010848646,6.609666498674509
contiki-os/contiki,contiki-os,contiki,C,3800,2574,2012-10-24 05:59:36+00:00,2026-07-21T01:58:39Z,master,False,False,0,12329.0,1710.0,146.0,13.841095890410958,890.7531670625496,123.54513064133018,10.548297703879651,8.24301946898925,7.853604813097837,6.793189375746627
MattParkerDev/SharpIDE,MattParkerDev,SharpIDE,C#,3794,138,2025-11-08 13:01:42+00:00,2026-07-22T16:08:26Z,main,False,False,1,1601.0,43.0,7.0,0.7890410958904109,2029.045138888889,54.49652777777778,8.871527777777779,8.24143968982973,4.9344739331306915,7.615813307694475
borisdj/EFCore.BulkExtensions,borisdj,EFCore.BulkExtensions,C#,3994,637,2017-05-12 13:50:07+00:00,2026-07-23T03:15:57Z,master,False,False,1,2287.0,871.0,113.0,9.287671232876713,246.24041297935102,93.78023598820059,12.166666666666666,8.292798858200374,6.45833828334479,5.510361195147835
hotwired/turbo-rails,hotwired,turbo-rails,Ruby,2384,364,2020-12-02 20:22:32+00:00,2026-07-21T16:57:20Z,main,False,False,1,670.0,363.0,132.0,5.726027397260274,117.00956937799043,63.39473684210527,23.05263157894737,7.776954403322442,5.8998973535824915,4.770765717601175
AntennaPod/AntennaPod,AntennaPod,AntennaPod,Java,8026,1722,2012-07-31 10:25:08+00:00,2026-07-23T14:34:02Z,develop,False,False,1,9440.0,3792.0,299.0,14.073972602739726,670.741678022192,269.4335215106093,21.24489001362663,8.990566138131577,7.45182223652793,6.509873858914496
flowable/flowable-engine,flowable,flowable-engine,Java,9403,2871,2016-10-13 07:21:43+00:00,2026-07-23T09:18:04Z,main,False,False,1,13910.0,2817.0,278.0,9.868493150684932,1409.5363686840644,285.4539144919489,28.17046085508051,9.14889040965996,7.962763930168115,7.251725314359246
oneHamidreza/MeowBottomNavigation,oneHamidreza,MeowBottomNavigation,Kotlin,1437,210,2019-02-10 09:11:55+00:00,2026-07-15T22:48:59Z,master,False,False,0,71.0,6.0,2.0,7.53972602739726,9.416787790697674,0.7957848837209303,0.2652616279069767,7.271008538280992,5.351858133476067,2.343418715353674
super-productivity/super-productivity,super-productivity,super-productivity,TypeScript,20832,1881,2017-01-06 22:30:58+00:00,2026-07-23T19:23:38Z,master,False,False,1,21601.0,2804.0,420.0,9.632876712328768,2242.4246302616607,291.08646188850963,43.600682593856654,9.944293546928382,7.540090320145325,7.715758830138846
rjaros/kvision,rjaros,kvision,Kotlin,1349,69,2018-02-09 00:32:45+00:00,2026-07-08T09:33:29Z,master,False,False,1,2397.0,59.0,20.0,8.542465753424658,280.5981398332264,6.906670942912123,2.3412443874278384,7.2078598714324755,4.248495242049359,5.640481018556198
fwcd/kotlin-language-server,fwcd,kotlin-language-server,Kotlin,2037,250,2018-05-28 12:40:14+00:00,2026-07-20T03:26:40Z,main,False,False,1,1586.0,272.0,59.0,8.243835616438357,192.3861748089066,32.994350282485875,7.156862745098039,7.61972421378267,5.5254529391317835,5.264689095504904
mit-pdos/xv6-riscv,mit-pdos,xv6-riscv,C,10093,4108,2019-08-26 11:15:28+00:00,2026-07-23T19:24:28Z,riscv,False,False,0,1666.0,388.0,51.0,7.0,238.0,55.42857142857143,7.285714285714286,9.219696466900208,8.32093496888341,5.476463551931511
ikew0ng/SwipeBackLayout,ikew0ng,SwipeBackLayout,Java,6085,1392,2013-08-25 03:36:12+00:00,2026-07-20T02:01:26Z,master,False,False,0,83.0,29.0,8.0,13.005479452054795,6.3819254265852114,2.229829365915315,0.6151253423214662,8.713746330456916,7.239214973779806,1.9990345024957148
danog/MadelineProto,danog,MadelineProto,PHP,3466,870,2016-06-23 21:35:22+00:00,2026-07-23T02:16:57Z,v8,False,False,1,5606.0,245.0,46.0,10.172602739726027,551.0880689469432,24.08429841098842,4.5219499057366015,8.151044945685024,6.769641976852503,6.313707578744852
fornewid/neumorphism,fornewid,neumorphism,Kotlin,1017,167,2020-03-05 10:48:41+00:00,2026-06-20T12:58:14Z,main,False,False,1,125.0,21.0,2.0,6.473972602739726,19.30808294540838,3.2437579348286074,0.30892932712653404,6.925595197110468,5.123963979403259,3.011018981447911
rtomayko/tilt,rtomayko,tilt,Ruby,1939,226,2009-01-29 13:49:29+00:00,2026-05-17T16:59:23Z,master,False,False,1,848.0,234.0,92.0,17.575342465753426,48.24941543257989,13.314107560405299,5.234606391270459,7.570443252057374,5.424950017481403,3.896897498158415
TideSec/Mars,TideSec,Mars,Ruby,1371,281,2019-01-21 07:13:26+00:00,2026-07-22T13:36:36Z,master,False,False,0,21.0,0.0,1.0,7.594520547945206,2.765151515151515,0.0,0.13167388167388167,7.22402480828583,5.641907070938114,1.3257881035102579
chalk/chalk,chalk,chalk,JavaScript,23286,1019,2013-08-03 00:20:12+00:00,2026-07-23T13:19:24Z,main,False,False,1,370.0,208.0,58.0,13.065753424657535,28.318305724470537,15.919479974837492,4.4390857622143,10.055650543933236,6.927557906278317,3.3782120896895367
brave/adblock-rust,brave,adblock-rust,Rust,2690,235,2019-03-18 19:11:43+00:00,2026-07-23T20:10:30Z,master,False,False,1,1235.0,469.0,28.0,7.438356164383562,166.03130755064456,63.05156537753223,3.7642725598526705,7.897668150726906,5.4638318050256105,5.1181812652095235
hanami/hanami,hanami,hanami,Ruby,6387,549,2013-08-09 15:24:44+00:00,2026-07-23T13:05:42Z,main,False,False,1,2184.0,993.0,162.0,13.046575342465754,167.4002519949601,76.11192776144476,12.41705165896682,8.762176509334903,6.309918278226516,5.126343598214233
numaproj/numaflow,numaproj,numaflow,Rust,2820,165,2022-05-20 22:05:07+00:00,2026-07-23T17:54:26Z,main,False,False,1,1842.0,2266.0,89.0,4.263013698630137,432.08868894601545,531.5488431876607,20.87724935732648,7.944846711001996,5.111987788356544,6.0709425313845395
Exrick/xboot,Exrick,xboot,Java,3896,1298,2018-04-23 14:44:18+00:00,2026-07-20T00:56:00Z,master,False,False,0,143.0,11.0,1.0,8.33972602739726,17.146846254927727,1.318988173455979,0.11990801576872537,8.26796230533871,7.1693500166706,2.8984967855537533
loveBabbar/CodeHelp-DSA-Busted-Series,loveBabbar,CodeHelp-DSA-Busted-Series,C++,3758,2466,2021-12-08 19:23:15+00:00,2026-07-23T07:00:41Z,main,False,False,0,170.0,510.0,19.0,4.7095890410958905,36.096567771960444,108.28970331588133,4.034322280395579,8.231908243564177,7.810758116529357,3.613524452448645
Nukem9/dlssg-to-fsr3,Nukem9,dlssg-to-fsr3,C++,4955,195,2023-12-15 05:25:15+00:00,2026-07-23T15:40:44Z,master,False,False,0,173.0,12.0,1.0,2.6931506849315068,64.23702950152594,4.455747711088505,0.3713123092573754,8.508354242749032,5.278114659230518,4.178027244857315
ElectronNET/Electron.NET,ElectronNET,Electron.NET,C#,7606,746,2017-10-03 12:30:29+00:00,2026-07-23T18:02:56Z,main,False,False,1,1167.0,335.0,72.0,8.893150684931507,131.224584103512,37.6694393099199,8.096118299445472,8.936824154997302,6.616065185132817,4.884501871577553
KDE/kdeconnect-android,KDE,kdeconnect-android,Kotlin,1397,222,2015-09-18 14:50:17+00:00,2026-07-23T19:15:06Z,master,False,False,0,4464.0,36.0,137.0,10.936986301369863,408.1563126252505,3.291583166332665,12.52630260521042,7.242797922793756,5.407171771460119,6.014097265487513
servo/webrender,servo,webrender,Rust,3363,321,2015-09-21 21:27:30+00:00,2026-07-21T12:18:48Z,main,False,False,1,11052.0,3732.0,171.0,10.92876712328767,1011.2760090248183,341.4840812233643,15.646778641263476,8.120886021092838,5.7745515455444085,6.9199565488521895
snabbdom/snabbdom,snabbdom,snabbdom,TypeScript,12391,1115,2015-05-09 20:25:10+00:00,2026-07-23T15:16:34Z,master,False,False,1,993.0,682.0,103.0,11.2986301369863,87.88676042677014,60.36129970902037,9.116149369544132,9.424806382096705,7.017506142941256,4.487363204846181
chillerlan/php-qrcode,chillerlan,php-qrcode,PHP,2376,330,2015-11-30 20:27:07+00:00,2026-07-20T10:44:55Z,main,False,False,1,1291.0,34.0,12.0,10.736986301369862,120.23858127073234,3.1666241388109215,1.11763204899209,7.773594467360194,5.802118375377063,4.797760350296097
apache/dubbo-go,apache,dubbo-go,Go,4938,1021,2018-08-08 05:30:36+00:00,2026-07-22T02:39:23Z,main,False,False,1,9404.0,2432.0,235.0,8.04931506849315,1168.2981620149762,302.1375085091899,29.19503063308373,8.504918160540624,6.92951677076365,7.064158986277233
jmoiron/sqlx,jmoiron,sqlx,Go,17702,1118,2013-01-28 19:40:00+00:00,2026-07-23T04:20:09Z,master,False,False,0,470.0,292.0,76.0,13.575342465753424,34.621594349142285,21.509586276488395,5.5983854692230075,9.781489395725279,7.020190708311925,3.5729520368020506
ledermann/rails-settings,ledermann,rails-settings,Ruby,1027,142,2009-05-16 07:00:46+00:00,2026-07-22T12:20:58Z,master,False,False,1,309.0,41.0,23.0,17.284931506849315,17.876842605801237,2.3720082421936914,1.3306387700110953,6.93537044601511,4.962844630259907,2.937935911869823
LaravelCollective/html,LaravelCollective,html,PHP,4086,988,2015-02-05 17:02:48+00:00,2026-07-22T23:56:11Z,6.x,False,False,0,508.0,359.0,92.0,11.553424657534247,43.96964666824757,31.073037704529284,7.963006876926725,8.315566483564277,6.8966943316227125,3.805987743696992
tock/tock,tock,tock,Rust,6389,851,2015-05-28 09:26:47+00:00,2026-07-23T20:10:18Z,master,False,False,1,16499.0,4161.0,229.0,11.24931506849315,1466.6670725767171,369.8891865562592,20.356794934242572,8.76248954737158,6.747586526829315,7.291429393655889
vifreefly/kimuraframework,vifreefly,kimuraframework,Ruby,1104,162,2018-08-23 11:05:06+00:00,2026-07-21T14:55:07Z,master,False,False,0,178.0,16.0,4.0,8.008219178082191,22.227163872733495,1.9979473144030107,0.49948682860075266,7.007600613951853,5.093750200806762,3.14532245033761
libfuse/libfuse,libfuse,libfuse,C,6101,1285,2015-12-19 20:27:34+00:00,2026-07-23T15:38:34Z,master,False,False,1,2594.0,873.0,225.0,10.684931506849315,242.77179487179487,81.70384615384616,21.057692307692307,8.716371865276615,7.1592919047975645,5.496232520739332
dtolnay/anyhow,dtolnay,anyhow,Rust,6605,214,2019-10-05 03:04:29+00:00,2026-07-23T10:46:32Z,master,False,False,1,927.0,206.0,25.0,6.890410958904109,134.5347912524851,29.896620278330023,3.628230616302187,8.795733605950735,5.3706380281276624,4.909228369372992
oxyplot/oxyplot,oxyplot,oxyplot,C#,3533,977,2014-08-12 22:47:55+00:00,2026-07-21T08:07:29Z,develop,False,False,1,2798.0,680.0,125.0,12.038356164383561,232.4237596722804,56.486117432863,10.383477469276286,8.170185652879642,6.885509670034818,5.452855512753132
Guovin/iptv-api,Guovin,iptv-api,Python,24699,7244,2024-02-04 11:22:59+00:00,2026-07-23T14:30:35Z,master,False,False,1,2133.0,745.0,6.0,2.5534246575342467,835.3487124463519,291.76502145922746,2.3497854077253217,10.114558522616068,8.888066854754783,6.729045646265414
zacharee/Bifrost,zacharee,Bifrost,Kotlin,1512,147,2021-02-25 00:55:07+00:00,2026-07-23T14:43:09Z,master,False,False,1,1697.0,71.0,11.0,5.495890410958904,308.77617148554333,12.918743768693918,2.001495513459621,7.321849713788356,4.997212273764115,5.7358500092258335
cporter202/API-mega-list,cporter202,API-mega-list,JavaScript,7322,1419,2025-12-09 15:36:20+00:00,2026-07-23T19:20:22Z,main,False,False,0,46.0,12.0,1.0,0.7041095890410959,65.3307392996109,17.042801556420233,1.4202334630350195,8.89877535906107,7.258412150595307,4.194653429255705
lucadegasperi/oauth2-server-laravel,lucadegasperi,oauth2-server-laravel,PHP,2347,522,2013-10-03 14:35:38+00:00,2026-07-20T02:01:21Z,master,False,False,0,522.0,161.0,42.0,12.895890410958904,40.478011472275334,12.484597408115572,3.2568514977692797,7.761319180947987,6.259581464064923,3.725163442778139
mikepenz/AboutLibraries,mikepenz,AboutLibraries,Kotlin,4387,568,2014-04-22 10:01:06+00:00,2026-07-23T16:23:29Z,develop,False,False,1,3164.0,836.0,134.0,12.347945205479451,256.23696472154427,67.70357222098957,10.852007987574884,8.38662882139512,6.343880434126331,5.54999770179394
monkeytypegame/monkeytype,monkeytypegame,monkeytype,TypeScript,20410,3262,2020-05-14 17:41:09+00:00,2026-07-23T17:57:50Z,master,False,False,1,13444.0,4995.0,431.0,6.279452054794521,2140.951134380454,795.4515706806283,68.63656195462478,9.923829250194043,8.09040229659332,7.669472437666451
cwuom/NeriPlayer,cwuom,NeriPlayer,Kotlin,2577,84,2025-08-08 15:57:42+00:00,2026-07-23T16:30:44Z,master,False,False,1,865.0,23.0,11.0,1.0410958904109588,830.8552631578948,22.092105263157897,10.56578947368421,7.8547691834991324,4.442651256490317,6.723658463137362
IceWhaleTech/CasaOS,IceWhaleTech,CasaOS,Go,36819,2153,2021-09-26 02:33:09+00:00,2026-07-23T19:53:42Z,main,False,False,1,688.0,324.0,25.0,4.912328767123288,140.05577244841047,65.95649749023981,5.089235917456776,10.51379645478707,7.675081857716334,4.949155361448682
stalwartlabs/stalwart,stalwartlabs,stalwart,Rust,13822,849,2023-03-06 13:37:23+00:00,2026-07-23T15:45:39Z,main,False,False,1,1620.0,249.0,52.0,3.4684931506849317,467.06161137440756,71.78909952606635,14.992101105845181,9.534089150464357,6.745236349484362,6.148599935488692
langchain-ai/deepagents,langchain-ai,deepagents,Python,26732,3741,2025-07-27 23:07:53+00:00,2026-07-23T18:01:10Z,main,False,False,1,2996.0,3966.0,139.0,1.073972602739726,2789.642857142857,3692.831632653061,129.42602040816325,10.19365403628083,8.227375506834035,7.934027263020554
doctrine/lexer,doctrine,lexer,PHP,11152,65,2013-01-12 18:58:26+00:00,2026-07-22T16:21:55Z,3.0.x,False,False,1,262.0,161.0,28.0,13.61917808219178,19.23757795212231,11.821565077449206,2.055924361295514,9.319463798994537,4.189654742026425,3.0075411708615514
FaridSafi/react-native-gifted-chat,FaridSafi,react-native-gifted-chat,TypeScript,14446,3603,2015-11-14 15:45:34+00:00,2026-07-23T10:54:15Z,master,False,False,1,1871.0,967.0,201.0,10.780821917808218,173.5489199491741,89.69631512071157,18.644218551461247,9.578242059529382,8.189799618728228,5.162205045901848
rubocop/rubocop,rubocop,rubocop,Ruby,12890,3122,2012-04-21 10:09:58+00:00,2026-07-23T05:17:24Z,master,False,False,1,16683.0,8882.0,394.0,14.35068493150685,1162.5229095074455,618.9251622756777,27.455135547919053,9.464284672443105,8.046549357283078,7.0592076727138995
markdownlint/markdownlint,markdownlint,markdownlint,Ruby,2066,247,2014-06-01 23:05:35+00:00,2026-07-23T16:16:58Z,main,False,False,1,434.0,234.0,67.0,12.235616438356164,35.47021943573668,19.12449619346171,5.475817286162114,7.633853559681768,5.5134287461649825,3.596496021685862
backup/backup,backup,backup,Ruby,4865,666,2009-10-01 19:28:42+00:00,2026-07-22T05:25:17Z,master,False,False,1,1309.0,358.0,93.0,16.904109589041095,77.43679092382496,21.178282009724473,5.50162074554295,8.490027523343468,6.502790045915623,4.362293089270262
esphome/esphome,esphome,esphome,C++,11421,5477,2018-04-06 23:23:25+00:00,2026-07-23T15:50:54Z,dev,False,False,1,16093.0,15273.0,470.0,8.386301369863014,1918.9627572688662,1821.184253511924,56.04377654361319,9.343296599224809,8.608495349823023,7.560061067577899
xunit/xunit,xunit,xunit,C#,4593,838,2013-05-06 16:37:13+00:00,2026-07-23T16:41:17Z,main,False,False,1,3048.0,511.0,140.0,13.306849315068494,229.05497220506484,38.40127650813259,10.520897673460984,8.432506383249043,6.732210706467206,5.438318289952193
aniyomiorg/aniyomi,aniyomiorg,aniyomi,Kotlin,7537,619,2021-04-17 13:35:37+00:00,2026-07-23T21:25:04Z,main,False,False,1,8122.0,552.0,242.0,5.353424657534247,1517.1596724667347,103.11156601842374,45.20470829068577,8.92771217382708,6.429719478039138,7.3252541385021255
tilo/smarter_csv,tilo,smarter_csv,Ruby,1549,192,2012-07-29 22:12:24+00:00,2026-07-23T20:00:51Z,main,False,False,1,429.0,176.0,23.0,14.076712328767123,30.475866095757105,12.502919423900352,1.6339042428960686,7.346010209913293,5.262690188904886,3.44922109649407
edent/SuperTinyIcons,edent,SuperTinyIcons,Python,15371,969,2017-04-13 23:28:34+00:00,2026-07-23T09:39:10Z,master,False,False,1,1758.0,769.0,167.0,9.367123287671232,187.67768353319687,82.09564200058497,17.82831237203861,9.640302951684735,6.877296071497429,5.240040181115748
CanineHQ/canine,CanineHQ,canine,Ruby,2902,116,2024-08-22 17:59:15+00:00,2026-07-23T15:42:17Z,main,False,False,1,2042.0,598.0,12.0,2.0027397260273974,1019.6032831737346,298.5909712722298,5.991792065663474,7.97349996402463,4.762173934797756,6.928149185530178
mongodb/mongo-php-library,mongodb,mongo-php-library,PHP,1614,263,2014-12-04 19:55:40+00:00,2026-07-22T10:17:12Z,v2.x,False,False,1,2940.0,1574.0,45.0,11.726027397260275,250.72429906542055,134.23130841121494,3.8376168224299065,7.387090235656757,5.575949103146316,5.528334437272707
natemcmaster/CommandLineUtils,natemcmaster,CommandLineUtils,C#,2273,262,2017-08-15 18:32:24+00:00,2026-07-21T21:43:00Z,main,False,False,1,1046.0,291.0,98.0,9.027397260273972,115.86949924127467,32.23520485584219,10.855842185128985,7.729295674310482,5.572154032177765,4.761057921185947
Fuzion24/JustTrustMe,Fuzion24,JustTrustMe,Java,5346,820,2014-07-24 23:45:05+00:00,2026-07-22T06:11:13Z,master,False,False,0,75.0,19.0,13.0,12.09041095890411,6.203263086335825,1.5714933152050758,1.0752322682982098,8.584290934948731,6.710523109452428,1.9745341297905228
lihenggui/blocker,lihenggui,blocker,Kotlin,2312,99,2017-12-26 11:45:16+00:00,2026-07-23T10:21:05Z,main,False,False,1,6419.0,1371.0,26.0,8.665753424657535,740.7319000948467,158.20897881757824,3.00031615554853,7.746300662231439,4.605170185988092,6.608987857248463
freshshell/fresh,freshshell,fresh,Ruby,1224,85,2012-09-03 23:49:29+00:00,2026-07-06T08:06:08Z,master,False,False,0,507.0,56.0,11.0,13.978082191780821,36.27107016856135,4.006272050176402,0.7869462955703647,7.110696122978827,4.454347296253507,3.6182174270194007
nemoTyrant/manong,nemoTyrant,manong,PHP,3863,935,2014-05-14 01:46:57+00:00,2026-07-14T23:17:04Z,master,False,False,0,137.0,6.0,0.0,12.287671232876713,11.149386845039018,0.48829431438127086,0.0,8.259458195332408,6.8416154764775925,2.4972787030842474
qunarcorp/bistoury,qunarcorp,bistoury,Java,4074,839,2019-08-01 07:54:25+00:00,2026-07-23T02:32:49Z,master,False,False,0,449.0,64.0,8.0,7.068493150684931,63.52131782945737,9.054263565891473,1.1317829457364341,8.312626025674962,6.733401891837359,4.166995678179499
RsyncProject/rsync,RsyncProject,rsync,C,5047,572,2020-05-25 20:52:12+00:00,2026-07-23T13:50:58Z,master,False,False,1,7701.0,328.0,76.0,6.249315068493151,1232.2950460324419,52.485751863217885,12.161332748794388,8.52674740422105,6.35088571671474,7.117444765724859
zeromq/libzmq,zeromq,libzmq,C++,10949,2487,2009-07-29 09:56:41+00:00,2026-07-23T11:51:04Z,master,False,False,1,8604.0,2912.0,361.0,17.08219178082192,503.682437850842,170.46992782678427,21.13311948676824,9.301094735244646,7.81923445385907,6.223929395536187
jmespath/jmespath.php,jmespath,jmespath.php,PHP,2008,57,2013-07-06 18:23:02+00:00,2026-07-22T20:24:54Z,master,False,False,1,505.0,66.0,15.0,13.139726027397261,38.43306922435362,5.022935779816514,1.1415763135946622,7.605392364814934,4.060443010546419,3.67460478468654
geokit/geokit-rails,geokit,geokit-rails,Ruby,1589,244,2008-12-19 01:56:49+00:00,2026-07-13T20:45:42Z,master,False,False,0,363.0,64.0,39.0,17.69041095890411,20.519591141396933,3.6177791544060707,2.2045841722161996,7.371489295214277,5.501258210544727,3.0689637361073814
BluePointLilac/ContextMenuManager,BluePointLilac,ContextMenuManager,C#,19618,861,2020-10-15 06:27:04+00:00,2026-07-23T17:25:49Z,master,False,False,0,255.0,26.0,13.0,5.86027397260274,43.513323983169705,4.436652641421225,2.2183263207106125,9.884253763420828,6.759255270663693,3.7957885597084915
Arize-ai/phoenix,Arize-ai,phoenix,Python,10702,1005,2022-11-09 23:44:35+00:00,2026-07-23T18:59:02Z,main,False,False,1,9284.0,8505.0,192.0,3.789041095890411,2450.224150397686,2244.631236442516,50.67245119305857,9.278279354984376,6.913737350659685,7.804342831977211
mono/CppSharp,mono,CppSharp,C#,3396,542,2013-05-10 19:00:56+00:00,2026-07-23T09:50:32Z,main,False,False,1,5553.0,1030.0,78.0,13.295890410958904,417.64784669276736,77.46754584792912,5.866474345765506,8.130647968160584,6.297109319933935,6.037030105182699
RainerKuemmerle/g2o,RainerKuemmerle,g2o,C++,3448,1156,2012-01-12 10:18:45+00:00,2026-07-22T06:33:42Z,master,False,False,1,1644.0,385.0,79.0,14.624657534246575,112.41288872236792,26.325402772573998,5.401835893593106,8.145839612936841,7.053585727193677,4.731035041998904
charlax/professional-programming,charlax,professional-programming,Python,51287,4006,2015-11-07 05:07:52+00:00,2026-07-23T17:40:43Z,master,False,False,0,493.0,82.0,40.0,10.802739726027397,45.63657113872686,7.590667004818666,3.7027643925944713,10.845212085667093,8.295798110636145,3.842385021730913
justinfrankel/licecap,justinfrankel,licecap,C,5581,464,2014-07-21 01:56:39+00:00,2026-07-21T07:47:02Z,main,False,False,0,3740.0,9.0,6.0,12.101369863013698,309.0559203079013,0.7437174552863935,0.49581163685759566,8.627302414096267,6.142037405587356,5.736752669301221
yamadashy/repomix,yamadashy,repomix,TypeScript,27358,1450,2024-07-13 07:11:32+00:00,2026-07-23T19:20:18Z,main,False,False,1,4315.0,1448.0,75.0,2.115068493150685,2040.1230569948184,684.6113989637305,35.45984455958549,10.216800821360927,7.280008252884188,7.621255453493461
brynary/rack-bug,brynary,rack-bug,Ruby,1073,102,2009-03-09 01:43:24+00:00,2026-07-10T21:54:39Z,master,False,False,0,156.0,23.0,15.0,17.471232876712328,8.928963462443155,1.3164497412576448,0.8585541790810727,6.97914527506881,4.634728988229636,2.2954560881618336
gcc-mirror/gcc,gcc-mirror,gcc,C++,11079,4793,2014-08-07 06:50:37+00:00,2026-07-23T19:34:09Z,master,False,False,0,231112.0,126.0,186.0,12.054794520547945,19171.79090909091,10.452272727272726,15.429545454545455,9.312896960301275,8.475120414994329,9.861247412771569
blushft/go-diagrams,blushft,go-diagrams,Go,5237,234,2020-09-12 19:59:52+00:00,2026-07-17T21:38:31Z,master,False,False,0,23.0,14.0,6.0,5.947945205479452,3.8668816213726394,2.353754030400737,1.0087517273146016,8.563695025067657,5.459585514144159,1.5824534078459693
Waboodoo/HTTP-Shortcuts,Waboodoo,HTTP-Shortcuts,Kotlin,1767,144,2015-04-24 15:03:58+00:00,2026-07-23T17:18:39Z,develop,False,False,1,3376.0,104.0,17.0,11.33972602739726,297.7144237738584,9.171297414834502,1.499154385117178,7.477604243197589,4.976733742420574,5.699488012552558
XTLS/Xray-core,XTLS,Xray-core,Go,40590,5707,2020-11-09 11:23:10+00:00,2026-07-23T15:49:54Z,main,False,False,1,1943.0,2062.0,234.0,5.791780821917809,335.47540208136235,356.02175969725636,40.40208136234626,10.61130164613947,8.649623978596727,5.818525047100453
evolution-foundation/evolution-api,evolution-foundation,evolution-api,TypeScript,9040,6948,2023-06-09 10:46:49+00:00,2026-07-23T19:29:38Z,main,False,False,1,2629.0,770.0,152.0,3.210958904109589,818.7585324232082,239.8037542662116,47.33788395904437,9.109525066737367,8.846353043314327,6.709009824238089
graphql/dataloader,graphql,dataloader,JavaScript,13384,516,2015-09-10 10:05:23+00:00,2026-07-22T19:31:08Z,main,False,False,1,235.0,194.0,62.0,10.961643835616439,21.4383904023994,17.698075481129717,5.656085978505374,9.501889955954454,6.248042874508429,3.110773349133518
pipelinedb/pipelinedb,pipelinedb,pipelinedb,C,2662,243,2013-11-26 00:11:48+00:00,2026-07-13T20:11:06Z,master,False,False,0,1023.0,595.0,12.0,12.75068493150685,80.23098409969919,46.664159862483885,0.9411259131929522,7.887208585813932,5.497168225293202,4.397296751967923
Tencent/matrix,Tencent,matrix,Java,12025,1930,2018-12-11 07:08:02+00:00,2026-07-22T14:02:10Z,master,False,False,0,3303.0,251.0,35.0,7.706849315068493,428.57980803412727,32.568432278706005,4.541414859580519,9.394826251599515,7.565793282428515,6.062807540307279
ffuf/ffuf,ffuf,ffuf,Go,16423,1580,2018-11-08 09:25:49+00:00,2026-07-23T18:38:29Z,master,False,False,1,275.0,355.0,51.0,7.7972602739726025,35.26879831342235,45.528812368236125,6.540758959943781,9.70649895869877,7.3658128372094716,3.590957821050944
sorbet/sorbet,sorbet,sorbet,C++,3791,616,2018-06-26 18:13:06+00:00,2026-07-23T20:24:48Z,master,False,False,1,13359.0,8235.0,424.0,8.164383561643836,1636.253355704698,1008.6493288590603,51.93288590604026,8.240648863374913,6.424869023905388,7.40077533369429
pojala/electrino,pojala,electrino,C#,4396,97,2017-05-02 14:26:49+00:00,2026-07-08T04:42:51Z,master,False,False,0,48.0,8.0,7.0,9.315068493150685,5.152941176470589,0.8588235294117648,0.7514705882352941,8.388677769180811,4.584967478670572,1.8169302075746065
samizdatco/skia-canvas,samizdatco,skia-canvas,Rust,2590,98,2020-08-04 22:12:53+00:00,2026-07-23T13:07:26Z,main,False,False,1,1578.0,73.0,13.0,6.054794520547945,260.61990950226243,12.05656108597285,2.1470588235294117,7.85979918056211,4.59511985013459,5.566892723347103
memononen/nanovg,memononen,nanovg,C,5671,807,2013-11-12 07:45:10+00:00,2026-07-23T08:56:29Z,master,False,False,1,418.0,219.0,42.0,12.789041095890411,32.68423307626392,17.124035989717225,3.2840616966580978,8.643297068211963,6.694562058521095,3.517029866638638
tangshimin/MuJing,tangshimin,MuJing,Kotlin,4347,312,2023-02-10 06:21:37+00:00,2026-07-23T13:38:24Z,master,False,False,1,1089.0,0.0,1.0,3.536986301369863,307.8892331525949,0.0,0.28272656855151046,8.3774712482411,5.746203190540153,5.732982743870632
contribsys/einhorn,contribsys,einhorn,Ruby,1647,47,2012-05-25 00:03:23+00:00,2026-07-21T06:41:52Z,main,False,False,1,336.0,78.0,36.0,14.257534246575343,23.566487317448114,5.470791698693312,2.524980784012298,7.4073177104694174,3.8712010109078907,3.2013832099896007
evrone/go-clean-template,evrone,go-clean-template,Go,7636,658,2021-01-18 09:29:43+00:00,2026-07-23T08:03:20Z,master,False,False,1,592.0,414.0,20.0,5.6,105.71428571428572,73.92857142857143,3.5714285714285716,8.940760134888384,6.490723534502507,4.670155036077504
getsops/sops,getsops,sops,Go,22576,1059,2015-08-13 22:11:00+00:00,2026-07-23T19:19:36Z,main,False,False,1,2673.0,1212.0,185.0,11.035616438356165,242.21573982125122,109.82621648460774,16.76390268123138,10.024686967937972,6.966024187106113,5.493948867657535
traviscross/mtr,traviscross,mtr,C,3315,373,2013-02-02 06:01:22+00:00,2026-07-22T07:11:56Z,master,False,False,1,982.0,309.0,90.0,13.564383561643835,72.39547566148254,22.780246414865687,6.635023227630782,8.106514516255185,5.924255797414532,4.295862294231339
espanso/espanso,espanso,espanso,Rust,14144,436,2019-08-30 07:16:58+00:00,2026-07-23T18:23:50Z,dev,False,False,1,1638.0,447.0,58.0,6.989041095890411,234.3669149353195,63.95727165817327,8.298706389651118,9.557116483735667,6.07993319509559,5.4611456366701745
JingMatrix/Vector,JingMatrix,Vector,Java,11863,793,2023-07-20 18:03:30+00:00,2026-07-23T18:57:48Z,master,False,False,1,3046.0,274.0,79.0,3.095890410958904,983.8849557522124,88.50442477876106,25.51769911504425,9.381263883817768,6.677083461247136,6.892524838160235
bambulab/BambuStudio,bambulab,BambuStudio,C++,4819,894,2022-07-08 07:05:17+00:00,2026-07-23T15:50:20Z,master,False,False,1,11879.0,965.0,186.0,4.131506849315069,2875.2221485411137,233.5709549071618,45.01989389920424,8.480529207044645,6.796823718274855,7.964232958048843
luanti-org/luanti,luanti-org,luanti,C++,13339,2393,2011-08-07 13:48:36+00:00,2026-07-23T14:57:53Z,master,False,False,1,13556.0,8544.0,325.0,15.054794520547945,900.4440400363967,567.5268425841674,21.58780709736124,9.498522319469615,7.780720886117918,6.803997966436481
egulias/EmailValidator,egulias,EmailValidator,PHP,11640,228,2013-05-19 15:23:00+00:00,2026-07-22T14:53:11Z,4.x,False,False,1,396.0,210.0,74.0,13.271232876712329,29.838976052848885,15.823699421965317,5.575970272502064,9.36228862824824,5.43372200355424,3.428779346225933
watchexec/watchexec,watchexec,watchexec,Rust,7083,195,2016-09-18 20:41:31+00:00,2026-07-23T07:59:29Z,main,False,False,1,1533.0,653.0,73.0,9.934246575342465,154.3146718146718,65.73221180364038,7.348317705460563,8.865593998902725,5.278114659230518,5.045453199708169
lucidrains/DALLE2-pytorch,lucidrains,DALLE2-pytorch,Python,11306,1076,2022-04-07 04:14:08+00:00,2026-07-20T12:09:35Z,main,False,False,1,602.0,97.0,17.0,4.383561643835616,137.33125,22.128125,3.8781250000000003,9.333177281935246,6.981934677156389,4.929651171208218
oss-bandb/GraphView,oss-bandb,GraphView,Kotlin,1042,133,2018-02-21 15:53:31+00:00,2026-07-03T06:04:50Z,master,False,False,0,72.0,3.0,2.0,8.506849315068493,8.46376811594203,0.3526570048309179,0.2351046698872786,6.949856455000773,4.897839799950911,2.247470624679172
vercel-labs/zerolang,vercel-labs,zerolang,C,5223,341,2026-05-15 16:55:16+00:00,2026-07-23T19:00:25Z,main,False,False,1,1186.0,363.0,1.0,0.273972602739726,4328.900000000001,1324.95,3.6500000000000004,8.561018670956267,5.834810737062605,8.373299726041628
PrismJS/prism,PrismJS,prism,JavaScript,13021,1382,2012-07-10 19:47:14+00:00,2026-07-23T15:23:06Z,v2,False,False,1,3959.0,2184.0,359.0,14.128767123287671,280.20845452782623,154.5782431646306,25.409152608105487,9.474395513796807,7.232010331664759,5.6390962253729695
tensorflow/models,tensorflow,models,Python,77677,44947,2016-02-05 01:15:20+00:00,2026-07-23T16:02:54Z,master,False,False,1,9755.0,3892.0,359.0,10.556164383561644,924.1045938229951,368.694523747729,34.00856475473657,11.26032735598082,10.713261545027793,6.829906805523235
Effect-TS/effect,Effect-TS,effect,TypeScript,14968,628,2019-11-13 12:49:21+00:00,2026-07-23T17:32:15Z,main,False,False,1,9964.0,5212.0,272.0,6.780821917808219,1469.4383838383837,768.6383838383838,40.11313131313131,9.613736674915236,6.444131256700441,7.2933158556121676
xuchengsheng/spring-reading,xuchengsheng,spring-reading,Java,9935,1262,2023-09-15 06:42:44+00:00,2026-07-23T06:27:59Z,master,False,False,0,512.0,11.0,2.0,2.9424657534246577,174.00372439478585,3.738361266294227,0.6797020484171322,9.20391980417326,7.141245122350491,5.164807255952969
ffffffff0x/1earn,ffffffff0x,1earn,C++,5701,1265,2019-03-30 10:44:28+00:00,2026-07-23T09:28:27Z,master,False,False,0,278.0,5.0,4.0,7.4082191780821915,37.525887573964496,0.6749260355029586,0.5399408284023669,8.648572269472618,7.143617602704121,3.651330419849665
altmann/FluentResults,altmann,FluentResults,C#,2624,136,2017-03-09 19:21:21+00:00,2026-07-23T20:20:22Z,master,False,False,0,496.0,98.0,29.0,9.463013698630137,52.4145917776491,10.356108859293572,3.0645628257093227,7.872836175025724,4.919980925828125,3.9780839629020943
jaakkopasanen/AutoEq,jaakkopasanen,AutoEq,Python,16032,2552,2018-03-04 16:37:35+00:00,2026-07-23T12:45:58Z,master,False,False,0,896.0,96.0,18.0,8.476712328767123,105.70135746606336,11.325145442792502,2.123464770523594,9.682404377188837,7.845024417241484,4.670033880495415
testing-library/react-testing-library,testing-library,react-testing-library,JavaScript,19624,1164,2018-03-19 13:39:49+00:00,2026-07-22T23:32:02Z,main,False,False,1,543.0,543.0,167.0,8.435616438356165,64.36992530042221,64.36992530042221,19.797012016888598,9.884559542650608,7.060476365999801,4.180062294904423
apache/zookeeper,apache,zookeeper,Java,12784,7327,2009-03-27 15:41:56+00:00,2026-07-23T09:32:14Z,master,False,False,1,2718.0,2420.0,254.0,17.41917808219178,156.03491664045296,138.9273356401384,14.58162944322114,9.456027887725288,8.899457906353966,5.056468179605097
rhaiscript/rhai,rhaiscript,rhai,Rust,5503,241,2016-02-29 21:22:58+00:00,2026-07-23T10:57:29Z,main,False,False,1,4756.0,573.0,63.0,10.487671232876712,453.4848484848485,54.63557993730407,6.00705329153605,8.61323037961318,5.488937726156687,6.119164576394854
alibaba/MNN,alibaba,MNN,C++,15708,2389,2019-04-15 07:40:18+00:00,2026-07-23T14:27:42Z,master,False,False,1,3002.0,1005.0,167.0,7.364383561643836,407.6376488095238,136.46763392857142,22.67671130952381,9.661989075499939,7.779048644925556,6.012828819131273
conorpp/u2f-zero,conorpp,u2f-zero,C,2450,200,2015-12-31 04:56:28+00:00,2026-07-18T08:14:22Z,master,False,False,0,298.0,15.0,10.0,10.654794520547945,27.968629467729492,1.4078169195165853,0.9385446130110568,7.804251383528112,5.303304908059076,3.3662135019886956
Anionex/banana-slides,Anionex,banana-slides,TypeScript,15226,1762,2025-11-29 17:37:26+00:00,2026-07-23T18:54:51Z,main,False,False,1,1004.0,279.0,17.0,0.7315068493150685,1372.5093632958801,381.40449438202245,23.239700374531836,9.630825446840733,7.47477218239787,7.225124322618667
201206030/novel,201206030,novel,Java,5768,1454,2019-11-11 01:13:52+00:00,2026-07-22T16:01:27Z,master,False,False,0,233.0,9.0,3.0,6.789041095890411,34.32001614205004,1.3256658595641646,0.44188861985472155,8.660254034256889,7.282761179605593,3.564449832758589
google/adk-python,google,adk-python,Python,20856,3741,2025-04-01 20:44:40+00:00,2026-07-23T18:41:10Z,main,False,False,1,3403.0,2580.0,379.0,1.3945205479452054,2440.2652259332026,1850.0982318271122,271.77799607072694,9.945444902296636,8.227375506834035,7.8002717191128434
ZacSweers/metro,ZacSweers,metro,Kotlin,1330,104,2024-11-05 18:19:16+00:00,2026-07-23T05:13:59Z,main,False,False,1,2210.0,1946.0,66.0,1.7972602739726027,1229.6493902439024,1082.7591463414635,36.72256097560976,7.193685818395112,4.653960350157523,7.1152972685927445
diet103/claude-code-infrastructure-showcase,diet103,claude-code-infrastructure-showcase,TypeScript,9970,1227,2025-10-30 03:12:16+00:00,2026-07-23T07:24:15Z,main,False,False,0,14.0,10.0,2.0,0.8164383561643835,17.14765100671141,12.248322147651008,2.4496644295302015,9.207436158828793,7.113142108707088,2.8985411312173954
ArgoZhang/BootstrapAdmin,ArgoZhang,BootstrapAdmin,C#,2809,61,2018-09-25 06:07:31+00:00,2026-07-18T16:15:59Z,master,False,False,1,3556.0,23.0,15.0,7.917808219178082,449.1141868512111,2.9048442906574397,1.8944636678200693,7.940939762327791,4.127134385045092,6.109501299133892
psf/requests,psf,requests,Python,54147,10029,2011-02-13 18:38:17+00:00,2026-07-23T18:26:41Z,main,False,False,1,6486.0,3085.0,402.0,15.534246575342467,417.5291005291005,198.59347442680775,25.878306878306876,10.899476317305677,9.21333588095598,6.0367464228265195
ceres-solver/ceres-solver,ceres-solver,ceres-solver,C++,4528,1130,2014-01-06 06:44:59+00:00,2026-07-23T06:39:00Z,master,False,False,1,2274.0,73.0,101.0,12.638356164383561,179.92846303923696,5.776067634944722,7.991545631909821,8.418256443556213,7.030857476116121,5.198101721313721
hpcaitech/Open-Sora,hpcaitech,Open-Sora,Python,29210,2992,2024-02-20 03:01:34+00:00,2026-07-23T16:00:59Z,main,False,False,1,1333.0,278.0,56.0,2.5095890410958903,531.1626637554585,110.77510917030568,22.314410480349345,10.282300629646866,8.004031507852698,6.276949201545738
Azure-Samples/cognitive-services-speech-sdk,Azure-Samples,cognitive-services-speech-sdk,C#,3440,1989,2018-04-26 11:28:25+00:00,2026-07-22T02:04:23Z,master,False,False,1,770.0,909.0,99.0,8.334246575342465,92.38987508218278,109.06804733727812,11.878698224852071,8.14351740579748,7.595889917718538,4.536782935527658
rstacruz/nprogress,rstacruz,nprogress,JavaScript,26395,1774,2013-08-20 13:58:02+00:00,2026-07-22T22:31:13Z,master,False,False,0,209.0,97.0,33.0,13.016438356164384,16.05661965901915,7.452115344138075,2.5352557356346033,10.180967762503313,7.4815557019095165,2.836538378175921
ZSeven-W/openpencil,ZSeven-W,openpencil,Rust,4387,423,2026-02-17 10:51:46+00:00,2026-07-23T17:40:55Z,main,False,False,1,2276.0,97.0,5.0,0.5150684931506849,4418.829787234043,188.3244680851064,9.707446808510639,8.38662882139512,6.049733455231958,8.393856464654672
ranaroussi/yfinance,ranaroussi,yfinance,Python,24786,3378,2017-05-21 10:16:15+00:00,2026-07-23T19:15:44Z,main,False,False,1,1886.0,974.0,158.0,9.265753424657534,203.5452395032525,105.11827321111768,17.05204021289178,10.118074601167217,8.12533508671429,5.320789171082111
apache/logging-log4j2,apache,logging-log4j2,Java,3613,1727,2013-06-12 07:00:19+00:00,2026-07-23T15:59:58Z,2.x,False,False,1,14690.0,3344.0,252.0,13.208219178082192,1112.1862684090438,253.17568969093549,19.079029247044183,8.192570471152173,7.454719949364001,7.0149816943340495
nageoffer/12306,nageoffer,12306,Java,3672,363,2023-05-30 04:08:28+00:00,2026-07-23T03:40:09Z,main,False,False,0,475.0,6.0,23.0,3.2383561643835614,146.67935702199662,1.852791878172589,7.102368866328257,8.208764045819667,5.8971538676367405,4.995043416885345
nickel-lang/nickel,nickel-lang,nickel,Rust,2959,117,2019-01-08 21:43:11+00:00,2026-07-22T17:59:49Z,master,False,False,1,5125.0,1775.0,84.0,7.627397260273972,671.9198994252873,232.71372126436782,11.01293103448276,7.992944547318106,4.770684624465665,6.511626302390815
php-embed/Embed,php-embed,Embed,PHP,2142,324,2012-10-09 21:14:58+00:00,2026-07-20T02:01:19Z,master,False,False,1,1359.0,185.0,68.0,13.87945205479452,97.91452822739835,13.329056454796685,4.899328859060403,7.669961995473577,5.783825182329737,4.594256125993863
ent/ent,ent,ent,Go,17143,1006,2019-06-12 22:53:55+00:00,2026-07-23T07:50:07Z,master,False,False,1,2351.0,2520.0,233.0,7.2027397260273975,326.4035755039939,349.8668695321415,32.34880182578927,9.749403537153412,6.914730892718563,5.7911935857814765
openai/codex-plugin-cc,openai,codex-plugin-cc,JavaScript,29778,1903,2026-03-30 15:29:52+00:00,2026-07-23T19:34:31Z,main,False,False,1,29.0,262.0,13.0,0.4,72.5,655.0,32.5,10.30155872609058,7.55171221535131,4.297285406218791
greenrobot/greenDAO,greenrobot,greenDAO,Java,12591,2859,2011-10-22 16:15:14+00:00,2026-07-20T18:15:26Z,master,False,False,0,885.0,128.0,6.0,14.846575342465753,59.609706587931356,8.62151688503414,0.40413360398597525,9.440816970657185,7.958576903813898,4.104455054967008
rubysherpas/paranoia,rubysherpas,paranoia,Ruby,2916,524,2010-09-12 08:57:53+00:00,2026-06-27T15:15:30Z,core,False,False,1,537.0,331.0,125.0,15.95890410958904,33.64892703862661,20.740772532188842,7.832618025751073,7.978310969867722,6.263398262591624,3.5452667594602634
DarkFlippers/unleashed-firmware,DarkFlippers,unleashed-firmware,C,21878,1909,2022-03-16 12:46:45+00:00,2026-07-23T17:30:35Z,dev,False,False,1,8288.0,467.0,409.0,4.441095890410959,1866.2060456508327,105.1542257865515,92.09438618136953,9.993282551652342,7.554858521040676,7.532198499343477
maid/maid,maid,maid,Ruby,1908,85,2011-05-21 15:35:43+00:00,2026-07-12T22:18:26Z,master,False,False,1,892.0,177.0,28.0,15.26849315068493,58.42095819127939,11.592499551408578,1.8338417369459896,7.554334823725748,4.454347296253507,4.084646995641222
secdev/scapy,secdev,scapy,Python,12423,2225,2015-10-01 17:06:46+00:00,2026-07-23T07:10:55Z,master,False,False,1,6867.0,3273.0,351.0,10.901369863013699,629.9208343804976,300.23749685850714,32.19778838904247,9.427385364828522,7.70796153183549,6.447180394100643
lapce/lapce,lapce,lapce,Rust,38685,1309,2018-02-06 08:41:06+00:00,2026-07-23T19:28:44Z,master,False,False,1,3636.0,1655.0,170.0,8.550684931506849,425.22909323934635,193.55174623518104,19.88144825376482,10.563233056462042,7.177782416195197,6.054976979275993
vinaygaba/Learn-Jetpack-Compose-By-Example,vinaygaba,Learn-Jetpack-Compose-By-Example,Kotlin,3453,373,2019-12-02 04:49:10+00:00,2026-07-22T19:53:06Z,master,False,False,1,287.0,74.0,11.0,6.7315068493150685,42.635327635327634,10.993080993080993,1.6341066341066341,8.147288258706624,5.924255797414532,3.775867089131319
hluk/CopyQ,hluk,CopyQ,C++,12033,580,2009-10-21 13:35:38+00:00,2026-07-23T16:46:04Z,master,False,False,1,6881.0,597.0,241.0,16.84931506849315,408.38455284552845,35.43170731707317,14.303252032520325,9.395491255780296,6.364750756851911,6.014654941312439
licensee/licensed,licensee,licensed,Ruby,1042,136,2018-02-02 22:46:45+00:00,2026-07-20T02:02:35Z,main,False,False,1,2195.0,789.0,57.0,8.558904109589042,256.458066581306,92.18469910371319,6.659731113956465,6.949856455000773,4.919980925828125,5.55085685861464
mealie-recipes/mealie,mealie-recipes,mealie,Python,12750,1390,2020-12-07 01:04:17+00:00,2026-07-23T16:51:14Z,mealie-next,False,False,1,5126.0,4682.0,253.0,5.715068493150685,896.9271332694151,819.2377756471716,44.26893576222435,9.453364978883542,7.237778191923443,6.8000889216573555
bensheldon/good_job,bensheldon,good_job,Ruby,2983,245,2020-02-24 15:01:22+00:00,2026-07-23T07:04:59Z,main,False,False,1,1465.0,1085.0,166.0,6.498630136986302,225.4321247892074,166.95826306913995,25.543844856661043,8.001019961323651,5.5053315359323625,5.422445230208297
ageitgey/face_recognition,ageitgey,face_recognition,Python,56611,13699,2017-03-03 21:52:39+00:00,2026-07-23T16:33:49Z,master,False,False,1,241.0,256.0,50.0,9.479452054794521,25.423410404624274,27.005780346820806,5.274566473988439,10.94397625585373,9.525151111816216,3.274250374965812
kmuto/review,kmuto,review,Ruby,1405,215,2010-01-16 12:42:25+00:00,2026-07-22T15:34:34Z,master,False,False,1,4340.0,1196.0,60.0,16.610958904109587,261.2732970476662,72.00065973940295,3.6120732310737265,7.2485040723706105,5.375278407684165,5.569387078593576
realm/realm-java,realm,realm-java,Java,11466,1748,2012-04-20 09:18:42+00:00,2026-07-23T20:03:30Z,main,False,False,1,9017.0,3234.0,106.0,14.353424657534246,628.2124451231151,225.31208245848444,7.384997136858179,9.347228624038305,7.466799475018602,6.444468950268736
LagradOst/QuickNovel,LagradOst,QuickNovel,Kotlin,1707,144,2021-03-24 17:12:33+00:00,2026-07-23T21:00:34Z,master,False,False,0,503.0,96.0,18.0,5.419178082191781,92.81850353892821,17.714863498483314,3.3215369059656217,7.443078374348515,4.976733742420574,4.54136210243126
confident-ai/deepeval,confident-ai,deepeval,Python,17073,1702,2023-08-10 05:35:04+00:00,2026-07-23T17:01:53Z,main,False,False,1,9871.0,2197.0,296.0,3.041095890410959,3245.869369369369,722.436936936937,97.33333333333333,9.745312117570252,7.440146680662688,8.085446540116886
PHPMailer/PHPMailer,PHPMailer,PHPMailer,PHP,22257,9818,2011-08-23 07:57:17+00:00,2026-07-23T14:47:08Z,master,False,False,1,2804.0,864.0,271.0,15.013698630136986,186.76277372262774,57.54744525547446,18.050182481751825,10.01045677353337,9.19207456316929,5.235179324136187
hashicorp/hcl,hashicorp,hcl,Go,5798,651,2014-07-31 21:09:00+00:00,2026-07-23T13:29:24Z,main,False,False,1,1565.0,451.0,97.0,12.07123287671233,129.64707217430777,37.36155242850658,8.035633227417158,8.66544076787644,6.480044561926653,4.8724995820278645
arkivanov/MVIKotlin,arkivanov,MVIKotlin,Kotlin,1023,44,2021-12-10 14:53:46+00:00,2026-07-15T15:58:21Z,master,False,False,1,947.0,87.0,19.0,4.704109589041096,201.31333721607456,18.4944670937682,4.039021549213745,6.931471805599453,3.8066624897703196,5.3098176699099655
luontola/retrolambda,luontola,retrolambda,Java,3516,226,2013-07-20 07:25:22+00:00,2026-06-13T09:06:30Z,master,False,False,0,530.0,46.0,18.0,13.104109589041096,40.44532720050178,3.5103491532510978,1.3736148860547772,8.165363632473982,5.424950017481403,3.724375141824771
browserbase/stagehand,browserbase,stagehand,TypeScript,23616,1626,2024-03-24 19:19:44+00:00,2026-07-23T19:01:17Z,main,False,False,1,1411.0,1987.0,41.0,2.4164383561643836,583.9172335600907,822.2845804988661,16.967120181405896,10.069722070677152,7.394493107219038,6.371470356128601
k2-fsa/sherpa-onnx,k2-fsa,sherpa-onnx,C++,13737,1579,2022-09-01 05:47:33+00:00,2026-07-23T18:05:35Z,master,False,False,1,1988.0,2120.0,218.0,3.9808219178082194,499.3943565037853,532.5533379215416,54.76256022023399,9.527920994773828,7.365180126021013,6.215396500559106
statsd/statsd,statsd,statsd,JavaScript,18061,1936,2010-12-30 00:09:50+00:00,2026-07-20T13:29:47Z,master,False,False,1,1040.0,472.0,188.0,15.66027397260274,66.41007697690692,30.13995801259622,12.004898530440867,9.801565562810744,7.5688956634069955,4.210794516785878
itwanger/toBeBetterJavaer,itwanger,toBeBetterJavaer,Java,17288,2355,2018-11-08 00:35:56+00:00,2026-07-23T16:54:42Z,master,False,False,0,1600.0,80.0,32.0,7.7972602739726025,205.2002810962755,10.260014054813775,4.104005621925509,9.757825740104776,7.764720544771477,5.328847934803441
yixia/VitamioBundle,yixia,VitamioBundle,Java,5255,2037,2012-10-19 08:40:49+00:00,2026-07-20T13:39:47Z,master,False,False,0,130.0,17.0,5.0,13.854794520547944,9.383033419023137,1.227012062487641,0.3608859007316591,8.567125560164447,7.61972421378267,2.3401730719449665
sxyazi/yazi,sxyazi,yazi,Rust,40668,950,2023-07-08 11:45:55+00:00,2026-07-23T20:24:03Z,main,False,False,1,1461.0,1445.0,175.0,3.1315068493150684,466.5485564304462,461.43919510061244,55.88363954505687,10.613221410450464,6.85751406254539,6.147503207357592
protobuf-net/protobuf-net,protobuf-net,protobuf-net,C#,4960,1092,2014-06-16 09:05:30+00:00,2026-07-23T09:59:29Z,main,False,False,1,1399.0,378.0,93.0,12.197260273972603,114.69788858939802,30.99056603773585,7.62466307277628,8.509362612301048,6.996681488176539,4.750982385021863
LAION-AI/Open-Assistant,LAION-AI,Open-Assistant,Python,37379,3278,2022-12-13 05:24:17+00:00,2026-07-23T15:38:06Z,main,False,False,1,3477.0,1973.0,285.0,3.6986301369863015,940.0777777777778,533.4407407407407,77.05555555555556,10.528891081009554,8.095293776844649,6.84702579055628
geokit/geokit,geokit,geokit,Ruby,1629,358,2008-12-01 05:49:32+00:00,2026-06-07T07:22:42Z,master,False,False,1,719.0,176.0,80.0,17.73972602739726,40.53050193050193,9.921235521235522,4.5096525096525095,7.396335293800808,5.883322388488279,3.7264281435436684
astral-sh/ty,astral-sh,ty,Python,19268,319,2025-05-02 16:37:51+00:00,2026-07-23T14:34:50Z,main,False,False,1,581.0,651.0,49.0,1.3095890410958904,443.6506276150628,497.10251046025104,37.4163179916318,9.866252865925903,5.768320995793772,6.097288867325734
cyb3rko/flashdim,cyb3rko,flashdim,Kotlin,1423,61,2022-10-21 09:53:33+00:00,2026-07-22T15:03:23Z,main,False,False,1,395.0,12.0,5.0,3.8438356164383563,102.76193870277976,3.121881682109765,1.300784034212402,7.261225091971921,4.127134385045092,4.642099224324574
theapache64/rebugger,theapache64,rebugger,Kotlin,1047,9,2023-03-27 04:12:17+00:00,2026-07-07T23:07:05Z,master,False,False,1,76.0,3.0,3.0,3.4136986301369863,22.263242375601926,0.8788121990369181,0.8788121990369181,6.954638864880987,2.302585092994046,3.1468745344350633
PatilShreyas/Capturable,PatilShreyas,Capturable,Kotlin,1225,46,2022-01-02 10:40:40+00:00,2026-07-17T03:19:31Z,master,False,False,1,266.0,221.0,3.0,4.6438356164383565,57.28023598820059,47.58997050147492,0.6460176991150443,7.111512116496157,3.8501476017100584,4.065263030532955
yipianfengye/android-zxingLibrary,yipianfengye,android-zxingLibrary,Java,4999,1039,2016-07-26 08:00:18+00:00,2026-07-22T02:35:18Z,master,False,False,0,76.0,14.0,5.0,10.084931506849315,7.535995653355066,1.3882097256180386,0.49578918772072805,8.517193191416238,6.946975992135418,2.1442920047859984
codenotary/immudb,codenotary,immudb,Go,9002,374,2019-11-07 08:22:16+00:00,2026-07-22T19:32:55Z,master,False,False,1,4872.0,1494.0,72.0,6.8,716.4705882352941,219.7058823529412,10.588235294117647,9.105313134108476,5.926926025970411,6.575731954787022
androiddevnotes/awesome-android-learning-resources,androiddevnotes,awesome-android-learning-resources,Kotlin,1932,278,2020-07-03 17:25:06+00:00,2026-07-21T08:41:09Z,main,False,False,0,222.0,70.0,36.0,6.142465753424657,36.14183764495986,11.39607493309545,5.860838537020517,7.566828479208331,5.631211781821365,3.6147440335631993
kaleidawave/ezno,kaleidawave,ezno,Rust,2732,49,2023-02-03 19:27:20+00:00,2026-07-22T16:26:52Z,main,False,False,1,206.0,114.0,20.0,3.5534246575342467,57.97224363916731,32.08172706245181,5.628373168851195,7.913155185928068,3.912023005428146,4.077066886417134
xi-editor/xi-editor,xi-editor,xi-editor,Rust,19821,707,2016-04-26 23:03:23+00:00,2026-07-23T11:57:54Z,master,False,False,0,2115.0,806.0,134.0,10.331506849315069,204.71360381861575,78.01378944577034,12.970034473614426,9.894547710966654,6.56244409369372,5.326484928738621
LukeMathWalker/cargo-chef,LukeMathWalker,cargo-chef,Rust,2662,143,2020-10-19 17:52:16+00:00,2026-07-21T19:27:00Z,main,False,False,1,294.0,164.0,64.0,5.846575342465753,50.285848172446116,28.050609184629803,10.946579194001876,7.887208585813932,4.969813299576001,3.937414850034357
doctrine/dbal,doctrine,dbal,PHP,9704,1378,2010-05-20 17:01:42+00:00,2026-07-22T16:22:04Z,4.4.x,False,False,1,13214.0,4704.0,337.0,16.27123287671233,812.1080990065667,289.09917494527696,20.71139922545883,9.18039649560311,7.229113877793302,6.7008640638167085
ClosureTree/closure_tree,ClosureTree,closure_tree,Ruby,1934,247,2011-05-18 06:28:17+00:00,2026-07-22T04:28:04Z,master,False,False,1,1016.0,222.0,80.0,15.27945205479452,66.49453110991573,14.529316837009144,5.2357898511744665,7.5678626054638825,5.5134287461649825,4.212046574002297
react/create-react-app,react,create-react-app,JavaScript,103303,26934,2016-07-17 14:55:11+00:00,2026-07-23T09:29:46Z,main,False,False,1,2819.0,4427.0,450.0,10.106849315068493,278.9197614529683,438.01978856058554,44.5242613174302,11.545431376526487,10.201181835114634,5.6345029958619
vuejs/pinia,vuejs,pinia,TypeScript,14674,1191,2019-11-18 21:05:01+00:00,2026-07-23T07:15:42Z,v4,False,False,1,2271.0,999.0,295.0,6.767123287671233,335.59311740890683,147.6255060728745,43.59311740890688,9.593900644696298,7.083387847625295,5.818874834158787
grpc-ecosystem/go-grpc-middleware,grpc-ecosystem,go-grpc-middleware,Go,6760,745,2016-05-14 17:48:56+00:00,2026-07-22T00:57:02Z,main,False,False,1,430.0,542.0,163.0,10.282191780821918,41.81987743138822,52.7124966693312,15.852651212363442,8.818926087090677,6.61472560020376,3.7570024207424053
manyfold3d/manyfold,manyfold3d,manyfold,Ruby,2089,131,2021-02-05 20:55:43+00:00,2026-07-23T20:25:59Z,main,False,False,1,14204.0,5194.0,36.0,5.5479452054794525,2560.227160493827,936.2024691358024,6.488888888888888,7.644919344958857,4.882801922586371,7.848241782185415
brainspec/enumerize,brainspec,enumerize,Ruby,1762,203,2012-01-25 10:31:04+00:00,2026-07-23T17:32:19Z,master,False,False,1,746.0,253.0,82.0,14.58904109589041,51.13427230046948,17.341784037558686,5.620657276995305,7.47477218239787,5.318119993844216,3.9538225501594777
acidanthera/OpenCorePkg,acidanthera,OpenCorePkg,C,15285,2286,2019-04-03 19:14:29+00:00,2026-07-23T18:53:13Z,master,False,False,1,5006.0,603.0,93.0,7.394520547945206,676.9877732493516,81.54686921081883,12.576880326046684,9.63469265580283,7.734996194022781,6.5191292542222605
umlx5h/LLPlayer,umlx5h,LLPlayer,C#,3951,229,2025-01-31 10:19:39+00:00,2026-07-23T12:43:45Z,main,False,False,1,356.0,25.0,4.0,1.5616438356164384,227.96491228070175,16.00877192982456,2.56140350877193,8.281977058867758,5.438079308923196,5.433568770332977
Rich-Harris/degit,Rich-Harris,degit,TypeScript,7904,279,2017-07-31 17:44:38+00:00,2026-07-23T19:10:49Z,master,False,False,1,426.0,363.0,18.0,9.068493150684931,46.97583081570997,40.02870090634441,1.9848942598187311,8.975250749643573,5.634789603169249,3.8706973594240637
lvgl/lvgl,lvgl,lvgl,C,24181,4258,2016-06-08 04:14:34+00:00,2026-07-23T17:57:55Z,master,False,False,1,12688.0,5929.0,392.0,10.216438356164383,1241.920085813891,580.3392330383481,38.369536068651115,10.093363833734193,8.356789669923213,7.1252187980633135
tinode/chat,tinode,chat,Go,13423,2071,2014-11-14 22:54:28+00:00,2026-07-23T12:26:58Z,master,False,False,0,4195.0,381.0,58.0,11.780821917808218,356.0872093023256,32.34069767441861,4.923255813953489,9.504799428706987,7.6362696033793735,5.877980035707235
Justson/AgentWeb,Justson,AgentWeb,Java,9420,1662,2017-05-12 07:45:56+00:00,2026-07-22T03:07:57Z,androidx,False,False,0,1038.0,28.0,7.0,9.29041095890411,111.72810380418755,3.0138602182247123,0.7534650545561781,9.150696519048667,7.416378479192928,4.724978758230038
doocs/md,doocs,md,TypeScript,13074,2196,2019-11-01 09:14:36+00:00,2026-07-23T13:48:13Z,main,False,False,1,1573.0,1404.0,54.0,6.816438356164384,230.76567524115754,205.97266881028938,7.922025723472668,9.478457288933123,7.69484807238461,5.445726840739625
NorthwoodsSoftware/GoJS,NorthwoodsSoftware,GoJS,JavaScript,8461,2838,2014-04-02 18:18:40+00:00,2026-07-23T18:53:16Z,master,False,False,0,461.0,56.0,12.0,12.4,37.17741935483871,4.516129032258064,0.9677419354838709,9.043340831280013,7.951207156472972,3.6422442244688926
rollup/rollup,rollup,rollup,JavaScript,26304,1762,2015-05-14 22:26:28+00:00,2026-07-22T23:31:41Z,master,False,False,1,6323.0,2829.0,424.0,11.284931506849315,560.3046856033018,250.68827385287693,37.57222626851178,10.177514314164908,7.47477218239787,6.3302638696833124
nateware/redis-objects,nateware,redis-objects,Ruby,2093,231,2009-11-10 14:32:02+00:00,2026-07-22T01:31:23Z,master,False,False,0,597.0,157.0,80.0,16.794520547945204,35.54730831973899,9.348287112561176,4.763458401305058,7.646831391430482,5.44673737166631,3.59860753970116
jason5ng32/MyIP,jason5ng32,MyIP,JavaScript,11100,1174,2023-11-22 14:46:07+00:00,2026-07-23T18:39:20Z,main,False,False,1,1472.0,227.0,9.0,2.7534246575342465,534.6069651741294,82.44278606965175,3.268656716417911,9.314790473332646,7.069023426578259,6.283400618165114
eranyanay/1m-go-websockets,eranyanay,1m-go-websockets,Go,5997,640,2019-02-10 13:41:43+00:00,2026-07-23T09:36:05Z,master,False,False,0,9.0,7.0,1.0,7.536986301369863,1.1941112322791712,0.9287531806615776,0.1326790258087968,8.699181359308955,6.46302945692067,0.785777058963165
bevyengine/bevy,bevyengine,bevy,Rust,47300,4712,2020-01-18 21:13:55+00:00,2026-07-23T18:48:15Z,main,False,False,1,11862.0,14563.0,434.0,6.6,1797.2727272727275,2206.5151515151515,65.75757575757576,10.764286715905591,8.45807992692373,7.494581887217706
kpcyrd/sn0int,kpcyrd,sn0int,Rust,2493,225,2018-10-05 00:10:47+00:00,2026-07-23T10:27:06Z,main,False,False,1,893.0,148.0,12.0,7.890410958904109,113.17534722222223,18.756944444444446,1.5208333333333335,7.821643126239982,5.420534999272286,4.737735400206988
openai/openai-node,openai,openai-node,TypeScript,11062,1546,2021-12-14 22:32:58+00:00,2026-07-23T16:06:13Z,main,False,False,1,1708.0,1289.0,84.0,4.693150684931507,363.93461762988903,274.65557501459426,17.898423817863396,9.311361486034912,7.344072850573066,5.89971820775571
pdone/lx-music-source,pdone,lx-music-source,JavaScript,7362,601,2024-11-15 06:42:06+00:00,2026-07-23T15:27:56Z,main,False,False,0,8.0,2.0,2.0,1.7726027397260273,4.513137557959815,1.1282843894899537,1.1282843894899537,8.904222737368716,6.400257445308821,1.707133890857991
probelabs/goreplay,probelabs,goreplay,Go,19299,90,2013-05-30 09:29:07+00:00,2026-07-23T18:07:57Z,master,False,False,1,1326.0,503.0,115.0,13.243835616438357,100.12205213074058,37.97993380223417,8.683285064129086,9.867860374892977,4.51085950651685,4.616328224207071
beekeeper-studio/beekeeper-studio,beekeeper-studio,beekeeper-studio,TypeScript,23250,1571,2019-07-23 18:12:33+00:00,2026-07-23T15:35:01Z,master,False,False,1,9805.0,1787.0,172.0,7.090410958904109,1382.8535548686245,252.0305255023184,24.258114374034005,10.054103420843255,7.360103972989152,7.232627317622833
unicity-sphere/sphere-sdk-connect-example,unicity-sphere,sphere-sdk-connect-example,TypeScript,9697,32,2026-02-14 23:29:36+00:00,2026-07-23T14:22:52Z,main,False,False,1,68.0,17.0,1.0,0.5205479452054794,130.63157894736844,32.65789473684211,1.9210526315789476,9.179674957665297,3.4965075614664802,4.880006951711179
hirschmann/nbfc,hirschmann,nbfc,C#,3207,491,2015-02-24 19:07:44+00:00,2026-07-22T23:14:16Z,master,False,False,1,751.0,199.0,69.0,11.501369863013698,65.29656979514054,17.30228680323964,5.999285373987614,8.073402968986406,6.198478716492308,4.194138158223524
apache/hadoop,apache,hadoop,Java,15618,9238,2014-08-28 07:00:08+00:00,2026-07-23T19:18:23Z,trunk,False,False,1,28296.0,8612.0,305.0,11.997260273972604,2358.538479104818,717.8305549212148,25.422470883763413,9.656243400857722,9.131188933670746,7.766221319194016
shikijs/shiki,shikijs,shiki,TypeScript,13566,595,2018-10-29 22:16:21+00:00,2026-07-23T16:50:38Z,main,False,False,1,2673.0,667.0,265.0,7.821917808219178,341.7320490367776,85.27320490367777,33.879159369527144,9.515395652485308,6.39024066706535,5.836948943728157
adisonhuang/awesome-kotlin-android,adisonhuang,awesome-kotlin-android,Kotlin,1010,137,2018-02-25 17:50:15+00:00,2026-06-30T01:38:23Z,master,False,False,0,21.0,1.0,1.0,8.495890410958904,2.4717832957110613,0.11770396646243148,0.11770396646243148,6.918695219020472,4.927253685157205,1.2446683800204537
navasmdc/MaterialDesignLibrary,navasmdc,MaterialDesignLibrary,Java,8920,2190,2014-09-30 07:37:17+00:00,2026-07-11T10:37:30Z,master,False,False,0,74.0,93.0,6.0,11.906849315068493,6.214910262310171,7.810630464795214,0.5039116428900138,9.096163326913784,7.692113339595466,1.976149754492238
liyifeng1994/ssm,liyifeng1994,ssm,Java,5912,2703,2016-06-18 17:58:56+00:00,2026-07-11T12:10:32Z,master,False,False,0,28.0,49.0,6.0,10.186301369863013,2.748789671866595,4.810381925766541,0.5890263582571275,8.68490859582083,7.902487437162855,1.3214330337170748
spatie/laravel-sluggable,spatie,laravel-sluggable,PHP,1552,190,2015-12-23 21:49:47+00:00,2026-07-22T07:32:09Z,main,False,False,1,484.0,161.0,63.0,10.673972602739726,45.34394250513347,15.083418891170432,5.902207392197125,7.347943823148687,5.25227342804663,3.8360905931827616
raulmur/ORB_SLAM2,raulmur,ORB_SLAM2,C++,10197,4751,2016-01-23 19:46:24+00:00,2026-07-23T06:35:27Z,master,False,False,0,73.0,141.0,1.0,10.58904109589041,6.893919793014231,13.315653298835706,0.09443725743855111,9.2299469016151,8.466320861042481,2.066092816689193
dotnet/machinelearning,dotnet,machinelearning,C#,9342,1948,2018-05-03 16:20:42+00:00,2026-07-23T20:31:57Z,main,False,False,1,3061.0,3537.0,220.0,8.312328767123288,368.2481872116018,425.51252471984174,26.466710613052076,9.142382678792956,7.575071699507561,5.91146901201989
SWivid/F5-TTS,SWivid,F5-TTS,Python,14993,2183,2024-10-08 13:36:55+00:00,2026-07-23T16:13:43Z,main,False,False,1,700.0,232.0,53.0,1.873972602739726,373.5380116959064,123.80116959064327,28.282163742690056,9.615405400063008,7.688913336864796,5.92569329766207
Robbyant/lingbot-map,Robbyant,lingbot-map,Python,15078,1558,2026-04-15 17:59:48+00:00,2026-07-23T19:40:18Z,main,False,False,0,110.0,22.0,3.0,0.3561643835616438,308.84615384615387,61.769230769230774,8.423076923076923,9.621058326365796,7.351799869057777,5.736075896376916
Adaptix-Framework/AdaptixC2,Adaptix-Framework,AdaptixC2,C++,3404,627,2024-08-21 18:07:05+00:00,2026-07-23T20:33:37Z,main,False,False,0,777.0,161.0,29.0,2.0054794520547947,387.4385245901639,80.28005464480873,14.4603825136612,8.133000218583613,6.4425401664681985,5.962134919423614
UnblockNeteaseMusic/server,UnblockNeteaseMusic,server,JavaScript,7771,760,2019-10-24 04:34:45+00:00,2026-07-23T02:34:07Z,enhanced,False,False,1,1381.0,1032.0,50.0,6.838356164383562,201.9491185897436,150.91346153846152,7.311698717948717,8.95828281049733,6.634633357861686,5.312955300283328
dvajs/dva,dvajs,dva,JavaScript,16155,3107,2016-06-24 09:06:16+00:00,2026-07-20T11:11:34Z,master,False,False,1,760.0,353.0,88.0,10.172602739726027,74.71047670347428,34.7010503635874,8.650686776191758,9.690046776683303,8.041734711487537,4.326916548535418
Bodmer/TFT_eSPI,Bodmer,TFT_eSPI,C,4851,1385,2017-02-22 03:08:05+00:00,2026-07-23T05:27:04Z,master,False,False,0,1176.0,306.0,47.0,9.506849315068493,123.70028818443804,32.18731988472623,4.943804034582133,8.48714627006394,7.234177179749849,4.825913163705278
t1m0thyj/WinDynamicDesktop,t1m0thyj,WinDynamicDesktop,C#,4983,299,2018-06-08 23:32:27+00:00,2026-07-23T01:48:33Z,main,False,False,1,751.0,117.0,16.0,8.213698630136987,91.43262174783187,14.244496330887257,1.9479653102068044,8.51398806046729,5.703782474656201,4.526479965559387
twigphp/Twig,twigphp,Twig,PHP,8368,1289,2009-10-07 21:23:38+00:00,2026-07-23T14:08:14Z,3.x,False,False,1,7619.0,2591.0,400.0,16.887671232876713,451.15752757949383,153.42553536664502,23.685918234912393,9.032289682032873,7.162397497355718,6.114030631459924
uxlfoundation/oneTBB,uxlfoundation,oneTBB,C++,6702,1172,2016-09-07 20:42:19+00:00,2026-07-23T15:24:04Z,master,False,False,1,1167.0,1291.0,128.0,9.964383561643835,117.1171295023371,129.56145174594445,12.845751993401155,8.810310466357958,7.067319848653476,4.771676755042483
microsoft/monaco-editor,microsoft,monaco-editor,JavaScript,46415,4097,2016-06-07 16:56:31+00:00,2026-07-23T14:48:22Z,main,False,False,1,3653.0,896.0,284.0,10.216438356164383,357.5610083132207,87.7017967283454,27.79833735585948,10.745399506361185,8.318254328798846,5.882098822167195
composer/packagist,composer,packagist,PHP,1816,483,2011-06-09 20:50:15+00:00,2026-07-23T17:22:26Z,main,False,False,1,3113.0,749.0,148.0,15.216438356164383,204.58138278718042,49.22308246308967,9.726323370543753,7.504942068396171,6.182084906716632,5.325841978835043
ARMmbed/DAPLink,ARMmbed,DAPLink,C,2769,1093,2014-09-28 21:38:24+00:00,2026-07-23T12:40:33Z,main,False,False,1,2390.0,622.0,83.0,11.90958904109589,200.6786289394985,52.226823096388316,6.969174143087187,7.926602599181384,6.9975959829819265,5.30667548465891
chaitin/PandaWiki,chaitin,PandaWiki,TypeScript,10008,994,2025-05-15 12:55:40+00:00,2026-07-23T16:28:21Z,main,False,False,1,2074.0,929.0,16.0,1.273972602739726,1627.978494623656,729.2150537634409,12.559139784946236,9.211239967219019,6.902742737158593,7.395708406933354
airbnb/ruby,airbnb,ruby,Ruby,3893,756,2013-02-01 21:49:13+00:00,2026-07-23T06:47:56Z,main,False,False,1,352.0,169.0,45.0,13.564383561643835,25.950313068067057,12.459099171884468,3.317511613815391,8.267192185932146,6.6293632534374485,3.2939949139133984
HotCakeX/Harden-Windows-Security,HotCakeX,Harden-Windows-Security,C#,4494,324,2022-11-22 11:26:53+00:00,2026-07-23T20:51:19Z,main,False,False,1,4869.0,629.0,18.0,3.756164383561644,1296.2691466083152,167.4580598103574,4.792122538293216,8.410720946905721,5.783825182329737,7.168016677520942
zai-org/ChatGLM-6B,zai-org,ChatGLM-6B,Python,41021,5128,2023-03-13 12:00:18+00:00,2026-07-22T23:32:43Z,main,False,False,0,368.0,124.0,45.0,3.4493150684931506,106.68784749801429,35.94916600476569,13.046068308181097,10.62186378714185,8.542665987389269,4.679236741194276
alibaba/open-code-review,alibaba,open-code-review,Go,11379,784,2026-05-18 02:16:36+00:00,2026-07-23T20:21:37Z,main,False,False,1,385.0,290.0,66.0,0.2684931506849315,1433.9285714285713,1080.1020408163265,245.81632653061223,9.339612707680322,6.665683717782408,7.268870350946891
resemble-ai/chatterbox,resemble-ai,chatterbox,Python,25655,3416,2025-04-23 08:16:38+00:00,2026-07-23T17:32:36Z,master,False,False,1,42.0,202.0,16.0,1.336986301369863,31.413934426229506,151.0860655737705,11.967213114754097,10.15253274137299,8.136518252115291,3.4785884052262155
truemail-rb/truemail,truemail-rb,truemail,Ruby,1271,70,2019-03-04 10:29:42+00:00,2026-07-22T02:36:43Z,master,False,False,0,239.0,233.0,2.0,7.47945205479452,31.954212454212456,31.152014652014653,0.2673992673992674,7.148345743900068,4.2626798770413155,3.4951190966076138
koala73/worldmonitor,koala73,worldmonitor,TypeScript,71297,10777,2026-01-08 17:26:06+00:00,2026-07-23T19:57:15Z,main,False,False,1,4980.0,4407.0,107.0,0.6219178082191781,8007.488986784141,7086.145374449339,172.04845814977975,11.174623555518082,9.285262298493443,8.988257381416563
logto-io/logto,logto-io,logto,TypeScript,14206,1039,2021-06-19 03:01:50+00:00,2026-07-23T17:27:07Z,master,False,False,1,8846.0,8235.0,109.0,5.183561643835616,1706.548625792812,1588.67600422833,21.02801268498943,9.561490079872078,6.946975992135418,7.442814068809776
killercup/cargo-edit,killercup,cargo-edit,Rust,3430,165,2015-06-18 10:12:57+00:00,2026-07-22T19:01:06Z,master,False,False,1,1357.0,577.0,80.0,11.191780821917808,121.24969400244798,51.555691554467565,7.148102815177479,8.14060704285845,5.111987788356544,4.806065625304388
kotlin-orm/ktorm,kotlin-orm,ktorm,Kotlin,2342,161,2018-11-30 07:28:36+00:00,2026-07-16T14:09:35Z,master,False,False,1,1466.0,93.0,29.0,7.736986301369863,189.47946175637392,12.020184135977336,3.748229461756374,7.759187438507795,5.087596335232384,5.249544376452093
amtoaer/bili-sync,amtoaer,bili-sync,Rust,2516,226,2023-11-20 17:39:37+00:00,2026-07-23T20:15:48Z,main,False,False,1,427.0,276.0,13.0,2.758904109589041,154.7715988083416,100.03972194637537,4.71201588877855,7.830822995135316,5.424950017481403,5.048390824189941
codehub666/94list,codehub666,94list,PHP,1799,310,2023-08-20 09:34:37+00:00,2026-07-23T06:08:54Z,main,False,False,0,43.0,7.0,2.0,3.0136986301369864,14.268181818181818,2.3227272727272728,0.6636363636363636,7.495541943884256,5.739792912179234,2.725771043259931
google/lyra,google,lyra,C++,3967,369,2021-03-19 18:38:34+00:00,2026-07-23T06:06:02Z,main,False,False,1,60.0,28.0,9.0,5.432876712328767,11.043872919818458,5.153807362581947,1.6565809379727685,8.286017468404763,5.91350300563827,2.488556059236892
jpbruinsslot/slack-term,jpbruinsslot,slack-term,Go,6602,228,2016-09-11 15:42:42+00:00,2026-07-23T09:38:58Z,master,False,False,0,265.0,49.0,6.0,9.953424657534246,26.624002202036888,4.922928709055877,0.6028075970272503,8.79527937019457,5.43372200355424,3.318685039802316
cobbr/Covenant,cobbr,Covenant,C#,4714,825,2019-02-07 15:55:18+00:00,2026-07-23T15:55:25Z,master,False,False,0,387.0,81.0,13.0,7.545205479452055,51.290849673202615,10.735294117647058,1.7229484386347131,8.458504195067558,6.716594773520978,3.956821397316494
react-native-menu/menu,react-native-menu,menu,Kotlin,1230,86,2020-11-03 14:20:50+00:00,2026-07-20T08:26:29Z,master,False,False,1,398.0,1112.0,45.0,5.8054794520547945,68.55592260500237,191.54318074563474,7.751297781972629,7.115582126184454,4.465908118654584,4.2421310708186795
zoujingli/ThinkAdmin,zoujingli,ThinkAdmin,PHP,2261,844,2017-02-13 07:00:14+00:00,2026-07-13T07:53:47Z,v6,False,False,1,4739.0,69.0,16.0,9.531506849315068,497.19315895372233,7.23914918079908,1.678643288301236,7.724004656676065,6.739336627357174,6.210987871207752
http4k/http4k,http4k,http4k,Kotlin,2782,279,2017-03-23 22:28:13+00:00,2026-07-23T15:52:26Z,master,False,False,1,9893.0,1114.0,166.0,9.424657534246576,1049.6933139534883,118.20058139534883,17.613372093023255,7.931284761525891,5.634789603169249,6.957205524253419
jamesmh/coravel,jamesmh,coravel,C#,4284,270,2018-06-12 17:17:49+00:00,2026-07-21T18:05:25Z,master,False,False,1,414.0,183.0,35.0,8.202739726027398,50.47094188376753,22.30961923847695,4.26686706746827,8.36287583103188,5.602118820879701,3.9410174131624203
facebook/stylex,facebook,stylex,JavaScript,9662,442,2022-12-08 06:38:09+00:00,2026-07-23T19:30:56Z,main,False,False,1,934.0,1026.0,126.0,3.712328767123288,251.5940959409594,276.3763837638376,33.94095940959409,9.176059437999308,6.093569770045136,5.531783836487888
rails/activeresource,rails,activeresource,Ruby,1401,362,2012-03-13 21:09:47+00:00,2026-06-26T22:14:31Z,main,False,False,1,1199.0,301.0,194.0,14.454794520547946,82.94825625473844,20.823540561031084,13.421152388172858,7.2456550675945355,5.8944028342648505,4.4302006120718325
WebKit/WebKit,WebKit,WebKit,JavaScript,10021,2071,2020-12-11 17:11:43+00:00,2026-07-23T19:52:39Z,main,False,False,0,317879.0,70087.0,306.0,5.701369863013698,55754.84622777511,12293.010571840461,53.67131186929361,9.21253795551967,7.6362696033793735,10.928737548896606
anuraghazra/github-readme-stats,anuraghazra,github-readme-stats,JavaScript,79789,35545,2020-07-09 10:34:22+00:00,2026-07-23T17:15:15Z,master,False,False,1,1787.0,3004.0,302.0,6.1287671232876715,291.5757711220384,490.1475189986589,49.27581582476531,11.287153462302326,10.478582911319936,5.678723679696213
QueueClassic/queue_classic,QueueClassic,queue_classic,Ruby,1187,152,2011-01-26 04:50:39+00:00,2026-06-20T11:31:13Z,master,False,False,1,795.0,211.0,64.0,15.586301369863014,51.006328001406224,13.537528563895236,4.106169801371067,7.080026499922591,5.030437921392435,3.9513654035122507
libimobiledevice/libimobiledevice,libimobiledevice,libimobiledevice,C,8057,1517,2013-02-13 14:33:15+00:00,2026-07-23T18:29:29Z,master,False,False,1,1899.0,263.0,70.0,13.531506849315068,140.33913747722212,19.43612067220085,5.173111965985017,8.994420665751292,7.325148957955575,4.951162232776436
mishoo/UglifyJS-old,mishoo,UglifyJS-old,JavaScript,7818,660,2010-08-15 11:51:16+00:00,2026-07-23T09:40:17Z,master,False,False,0,540.0,173.0,33.0,16.035616438356165,33.675038441824704,10.788484537843841,2.0579190158892873,8.964311948124514,6.493753839851687,3.546020074832572
google-deepmind/lab,google-deepmind,lab,C,7367,1404,2016-11-30 13:41:26+00:00,2026-07-22T21:43:42Z,master,False,False,1,509.0,24.0,7.0,9.734246575342466,52.289614410357444,2.465522094005066,0.7191106107514776,8.904901577935142,7.247792581767846,3.9757414605977215
pluosi/app-host,pluosi,app-host,Ruby,2096,418,2017-12-23 18:50:45+00:00,2026-07-08T03:17:16Z,master,False,False,0,129.0,39.0,2.0,8.67123287671233,14.876777251184834,4.497630331753554,0.2306477093206951,7.64826303090192,6.037870919922137,2.7648574913430455
tasks/tasks,tasks,tasks,Kotlin,5427,638,2013-07-18 19:44:38+00:00,2026-07-23T19:51:30Z,main,False,False,1,14927.0,1635.0,271.0,13.106849315068493,1138.8701923076924,124.7439381270903,20.67621237458194,8.59932602095476,6.459904454377535,7.0386696685085095
beefproject/beef,beefproject,beef,JavaScript,10950,2366,2011-11-23 06:53:25+00:00,2026-07-23T17:15:44Z,master,False,False,1,5245.0,1315.0,140.0,14.761643835616438,355.3127319970305,89.08221974758723,9.484038604305866,9.301186055275759,7.769378609513984,5.875808805897094
go-delve/delve,go-delve,delve,Go,24849,2213,2014-05-20 19:24:43+00:00,2026-07-23T17:56:52Z,master,False,False,1,3042.0,2448.0,251.0,12.26849315068493,247.95221080839661,199.5355069227334,20.45891022778026,10.120613031524774,7.7025561132685825,5.51726095358058
nexe/nexe,nexe,nexe,TypeScript,13570,557,2011-11-26 19:12:16+00:00,2026-07-20T14:42:38Z,master,False,False,1,594.0,183.0,54.0,14.75068493150685,40.26931649331352,12.406203566121842,3.6608469539375927,9.51569044208137,6.324358962381311,3.7201192817982536
apache/hudi,apache,hudi,Java,6194,2495,2016-12-14 15:53:41+00:00,2026-07-23T18:20:38Z,master,False,False,1,7659.0,12118.0,382.0,9.695890410958905,789.9222944334557,1249.8078553263633,39.398135066402936,8.731497794063243,7.822444729489319,6.673199725816225
alirezarezvani/claude-skills,alirezarezvani,claude-skills,Python,23071,3141,2025-10-19 04:04:05+00:00,2026-07-23T19:38:31Z,main,False,False,1,1286.0,712.0,37.0,0.8465753424657534,1519.0614886731391,841.0355987055017,43.70550161812298,10.046375040084676,8.052614818815567,7.326506066096552
sephiroth74/android-target-tooltip,sephiroth74,android-target-tooltip,Kotlin,1547,274,2014-05-29 18:50:04+00:00,2026-07-15T16:25:57Z,master,False,False,0,274.0,50.0,7.0,12.243835616438357,22.37860818975162,4.083687625867084,0.5717162676213917,7.344719054149673,5.616771097666572,3.1518214243212013
anggrayudi/android-hidden-api,anggrayudi,android-hidden-api,Java,3611,650,2015-09-16 11:58:33+00:00,2026-07-21T18:58:42Z,master,False,False,1,99.0,4.0,3.0,10.942465753424658,9.047320981472208,0.3655483224837256,0.27416124186279417,8.192016914536875,6.478509642208569,2.307306029961511
spockframework/spock,spockframework,spock,Java,3631,484,2010-12-12 19:02:34+00:00,2026-07-23T10:16:13Z,master,False,False,1,3529.0,1297.0,115.0,15.706849315068494,224.6790511076225,82.57544043258329,7.321646607360893,8.197538739721184,6.184148890937483,5.419113862092658
sebastianbergmann/version,sebastianbergmann,version,PHP,6582,36,2013-01-05 14:17:33+00:00,2026-07-19T13:05:45Z,main,False,False,1,220.0,44.0,11.0,13.638356164383561,16.130976295701085,3.226195259140217,0.8065488147850542,8.792245847467877,3.6109179126442243,2.8408883040395296
shadps4-emu/shadPS4,shadps4-emu,shadPS4,C++,32211,2351,2022-10-24 09:48:37+00:00,2026-07-23T20:09:57Z,main,False,False,1,4119.0,3231.0,202.0,3.835616438356164,1073.882142857143,842.3678571428571,52.66428571428572,10.380094332915435,7.763021309018518,6.979966299999962
rohitg00/agentmemory,rohitg00,agentmemory,TypeScript,25666,2133,2026-02-25 07:32:52+00:00,2026-07-23T19:48:06Z,main,False,False,1,465.0,624.0,39.0,0.4931506849315068,942.9166666666667,1265.3333333333335,79.08333333333334,10.152961399096368,7.665753431861699,6.850037885412713
OpenMined/PySyft,OpenMined,PySyft,Python,9927,1997,2017-07-18 20:41:16+00:00,2026-07-23T12:17:11Z,dev,False,False,1,36619.0,5959.0,305.0,9.104109589041096,4022.249473367439,654.5395726752934,33.50135419801384,9.203114326884442,7.599901959208498,8.299845181801295
TwilitRealm/dusklight,TwilitRealm,dusklight,C++,4942,373,2025-11-30 01:27:51+00:00,2026-07-23T19:01:14Z,main,False,False,1,6752.0,644.0,108.0,0.7315068493150685,9230.262172284643,880.374531835206,147.64044943820224,8.505727713306959,5.924255797414532,9.130351064874313
Aliucord/Aliucord,Aliucord,Aliucord,Kotlin,4797,226,2021-02-27 16:59:06+00:00,2026-07-23T17:17:21Z,main,False,False,1,653.0,343.0,38.0,5.487671232876712,118.99400898652021,62.503744383424866,6.924613080379431,8.47595444339964,5.424950017481403,4.7874418164234145
twilio/twilio-php,twilio,twilio-php,PHP,1636,575,2009-09-06 23:41:16+00:00,2026-07-16T11:24:14Z,main,False,False,1,1890.0,475.0,88.0,16.972602739726028,111.35593220338983,27.986279257465696,5.184826472962066,7.400620577371135,6.3561076606958915,4.721671798335672
JoanZapata/android-iconify,JoanZapata,android-iconify,Java,3917,519,2013-06-12 11:42:01+00:00,2026-07-22T13:46:49Z,master,False,False,0,301.0,38.0,13.0,13.208219178082192,22.788840489524993,2.8769964737606304,0.9842356357602157,8.273336598504486,6.253828811575473,3.1692165837207993
tokio-rs/mini-redis,tokio-rs,mini-redis,Rust,4739,579,2019-12-04 05:48:38+00:00,2026-07-21T21:36:28Z,master,False,False,1,105.0,115.0,34.0,6.726027397260274,15.610997963340123,17.09775967413442,5.054989816700611,8.463792414689122,6.363028103540465,2.810065003899825
google/go-github,google,go-github,Go,11275,2428,2013-05-24 16:42:58+00:00,2026-07-23T20:09:15Z,master,False,False,1,2949.0,2956.0,439.0,13.257534246575343,222.43955362678238,222.9675552800165,33.11324653854102,9.330431852234003,7.795234929002173,5.409140923903017
jaredpalmer/razzle,jaredpalmer,razzle,JavaScript,11033,842,2016-02-10 18:34:27+00:00,2026-07-22T21:36:30Z,master,False,False,1,1988.0,726.0,162.0,10.53972602739726,188.61970366519367,68.8822459059007,15.370418507928257,9.308736693832376,6.736966958001855,5.245020506706152
marijnz/unity-toolbar-extender,marijnz,unity-toolbar-extender,C#,1944,198,2018-08-13 14:46:06+00:00,2026-07-20T15:16:23Z,master,False,False,0,58.0,14.0,8.0,8.032876712328767,7.220327421555253,1.742837653478854,0.9959072305593453,7.573017256052546,5.293304824724492,2.106610040580795
hatoo/oha,hatoo,oha,Rust,10441,292,2020-03-02 13:26:35+00:00,2026-07-23T17:30:54Z,master,False,False,1,1628.0,699.0,46.0,6.47945205479452,251.25581395348837,107.87949260042284,7.099365750528541,9.253591413970497,5.680172609017068,5.530443707346655
php/php-src,php,php-src,C,40253,8107,2011-06-16 01:52:25+00:00,2026-07-23T19:44:19Z,master,False,False,1,147238.0,17356.0,230.0,15.2,9686.71052631579,1141.842105263158,15.131578947368421,10.602964656790943,9.000606507571892,9.178613405174199
HKUDS/ViMax,HKUDS,ViMax,Python,11305,1673,2025-03-30 13:36:35+00:00,2026-07-23T16:45:52Z,main,False,False,0,391.0,30.0,12.0,1.4,279.2857142857143,21.42857142857143,8.571428571428571,9.333088837235236,7.422971251049421,5.635809491069995
crankyoldgit/IRremoteESP8266,crankyoldgit,IRremoteESP8266,C++,3546,922,2015-06-07 16:04:25+00:00,2026-07-23T15:29:10Z,master,False,False,1,1187.0,1132.0,127.0,11.219178082191782,105.8009768009768,100.8986568986569,11.319902319902319,8.173857454773621,6.827629234502852,4.670967072560831
gcla/termshark,gcla,termshark,Go,9945,438,2019-04-20 03:08:13+00:00,2026-07-23T15:34:55Z,master,False,False,1,955.0,36.0,14.0,7.35068493150685,129.91986582184123,4.8975027953783075,1.9045844204248974,9.204925739274683,6.0844994130751715,4.874585424745816
NVIDIA/personaplex,NVIDIA,personaplex,Python,10252,1423,2026-01-05 19:10:35+00:00,2026-07-23T19:42:49Z,main,False,False,0,22.0,51.0,5.0,0.6301369863013698,34.913043478260875,80.93478260869566,7.934782608695652,9.235325624670091,7.261225091971921,3.5811005575918284
coderamp-labs/gitingest,coderamp-labs,gitingest,Python,15216,1139,2024-11-29 08:27:18+00:00,2026-07-23T17:50:33Z,main,False,False,1,405.0,356.0,54.0,1.7342465753424658,233.53080568720378,205.27646129541864,31.137440758293838,9.630168502920114,7.038783541388542,5.457586946794425
0xAX/linux-insides,0xAX,linux-insides,Python,32768,3540,2015-01-03 18:44:57+00:00,2026-07-23T11:58:01Z,master,False,False,1,2106.0,733.0,290.0,11.643835616438356,180.86823529411765,62.951764705882354,24.905882352941177,10.397238225511654,8.172164452111904,5.203282442974887
pulldown-cmark/pulldown-cmark,pulldown-cmark,pulldown-cmark,Rust,2656,293,2015-06-03 16:12:34+00:00,2026-07-22T03:13:48Z,main,False,False,1,1803.0,581.0,100.0,11.23013698630137,160.55013417906807,51.73578921688217,8.904610880702611,7.884952945759814,5.683579767338681,5.0848155228431615
domaindrivendev/Swashbuckle.WebApi,domaindrivendev,Swashbuckle.WebApi,C#,3068,665,2013-06-18 00:04:27+00:00,2026-07-22T01:27:02Z,master,False,False,0,590.0,198.0,56.0,13.191780821917808,44.72481827622015,15.009345794392523,4.245067497403946,8.029107054619736,6.501289670540389,3.8226412199928186
XxHuberrr/Mineradio,XxHuberrr,Mineradio,JavaScript,8803,683,2026-06-02 12:50:48+00:00,2026-07-23T19:32:12Z,main,False,False,0,56.0,68.0,1.0,0.22465753424657534,249.26829268292684,302.6829268292683,4.451219512195122,9.082961442646353,6.52795791762255,5.522533513157901
apache/hbase,apache,hbase,Java,5549,3401,2014-05-23 07:00:07+00:00,2026-07-23T15:40:29Z,master,False,False,1,21220.0,8496.0,271.0,12.263013698630138,1730.4066130473636,692.8150134048257,22.098972296693475,8.62155320674048,8.132118772955806,7.456689428254201
tvheadend/tvheadend,tvheadend,tvheadend,C,3486,971,2010-12-30 12:45:11+00:00,2026-07-23T08:06:18Z,master,False,False,1,11663.0,1989.0,292.0,15.657534246575343,744.8810148731408,127.03149606299212,18.64916885389326,8.156797046675651,6.879355804460439,6.6145660899935965
idea4good/GuiLite,idea4good,GuiLite,C++,7761,836,2017-09-15 03:40:38+00:00,2026-07-23T09:35:55Z,master,False,False,1,453.0,40.0,13.0,8.945205479452055,50.6416539050536,4.47166921898928,1.4532924961715161,8.956995311928852,6.729824070489475,3.944328593061495
probot/probot,probot,probot,TypeScript,9582,1035,2016-09-16 20:56:13+00:00,2026-07-23T11:31:52Z,master,False,False,1,1856.0,1343.0,184.0,9.93972602739726,186.72546857772878,135.114388092613,18.511576626240352,9.167745974343763,6.943122422819428,5.23498062206875
Meituan-Dianping/Leaf,Meituan-Dianping,Leaf,Java,6752,1869,2018-12-11 07:41:35+00:00,2026-07-23T08:20:41Z,master,False,False,0,44.0,68.0,8.0,7.706849315068493,5.709207252044081,8.823320298613579,1.038037682189833,8.817742129574842,7.533693709848633,1.9034807997482825
SciRuby/daru,SciRuby,daru,Ruby,1060,140,2014-10-04 08:23:21+00:00,2026-07-10T10:47:58Z,master,False,False,0,708.0,280.0,41.0,11.895890410958904,59.51635191156149,23.537540304007372,3.446568401658222,6.966967138613983,4.948759890378168,4.102913608047806
t4t5/sweetalert,t4t5,sweetalert,TypeScript,22278,2751,2014-09-30 11:12:48+00:00,2026-07-23T09:40:05Z,master,False,False,0,363.0,293.0,60.0,11.906849315068493,30.486654394845836,24.607685227795674,5.039116428900138,10.011399809730523,7.920083199053234,3.4495637860532
wangeditor-team/wangEditor,wangeditor-team,wangEditor,TypeScript,18365,3344,2014-11-06 09:26:47+00:00,2026-07-23T15:00:10Z,master,False,False,1,2411.0,593.0,39.0,11.805479452054794,204.22719888605246,50.230912044557904,3.30355070782084,9.818256408173468,8.11522197256233,5.324117652690525
dbt-labs/dbt-core,dbt-labs,dbt-core,Rust,13508,2479,2016-03-10 02:38:00+00:00,2026-07-23T19:08:33Z,main,False,False,1,10624.0,6322.0,377.0,10.463013698630137,1015.3862267609322,604.2236187483635,36.03168368682901,9.51111140896968,7.8160138391590275,6.9240087003515685
mmp/pbrt-v4,mmp,pbrt-v4,C++,3649,621,2017-07-28 14:11:20+00:00,2026-07-23T15:33:25Z,master,False,False,1,1425.0,168.0,42.0,9.076712328767123,156.99517054029582,18.508904316329613,4.627226079082403,8.202482446576537,6.432940092739179,5.062564466359151
SWE-agent/SWE-agent,SWE-agent,SWE-agent,Python,19898,2174,2024-04-02 04:09:47+00:00,2026-07-23T19:09:56Z,main,False,False,1,2182.0,836.0,97.0,2.3945205479452056,911.2471395881006,349.1304347826087,40.5091533180778,9.898424758193666,7.684783943522785,6.8159109397546125
Bartuzen/qBitController,Bartuzen,qBitController,Kotlin,1249,37,2021-08-29 17:59:12+00:00,2026-07-22T03:23:33Z,master,False,False,1,1452.0,58.0,10.0,4.986301369863014,291.19780219780216,11.631868131868131,2.0054945054945055,7.1308988302963465,3.6375861597263857,5.677430977720215
google/bloaty,google,bloaty,C++,5515,376,2016-11-07 17:04:01+00:00,2026-07-23T11:44:19Z,main,False,False,1,792.0,291.0,57.0,9.797260273972602,80.83892617449665,29.70218120805369,5.817953020134229,8.615408238913192,5.932245187448011,4.404753000522303
facebook/zstd,facebook,zstd,C,27454,2539,2015-01-24 00:22:38+00:00,2026-07-23T16:39:42Z,dev,False,False,1,11474.0,3074.0,356.0,11.58904109589041,990.0732860520095,265.25059101654847,30.718676122931445,10.220303579712972,7.8399193600125825,6.89878848321226
microsoft/RD-Agent,microsoft,RD-Agent,Python,14002,1777,2024-04-03 03:39:33+00:00,2026-07-23T19:21:08Z,main,False,False,1,1009.0,1275.0,37.0,2.3917808219178083,421.8613974799542,533.0756013745704,15.469644902634593,9.547026871355778,7.48324441607385,6.0470444598201745
SebLague/Digital-Logic-Sim,SebLague,Digital-Logic-Sim,C#,4623,562,2020-11-23 12:45:47+00:00,2026-07-23T19:08:58Z,main,False,False,0,143.0,57.0,5.0,5.750684931506849,24.866603144354457,9.911862791805621,0.869461648404002,8.439015410352214,6.333279628139691,3.2529526827585555
lilishop/lilishop,lilishop,lilishop,Java,4253,1032,2021-05-14 01:28:51+00:00,2026-07-23T09:21:53Z,master,False,False,0,2395.0,120.0,20.0,5.282191780821917,453.4102697095436,22.717842323651453,3.786307053941909,8.355614995760183,6.940222469119639,6.119000467744738
livoras/blog,livoras,blog,Ruby,3503,305,2014-01-25 11:17:41+00:00,2026-07-20T02:55:42Z,home,False,False,0,109.0,0.0,1.0,12.586301369863014,8.660208968219417,0.0,0.07945145842403134,8.161660452056282,5.723585101952381,2.268015280311302
Nevcairiel/LAVFilters,Nevcairiel,LAVFilters,C++,9033,833,2013-05-25 20:59:11+00:00,2026-07-23T15:50:31Z,master,False,False,0,4552.0,65.0,21.0,13.254794520547945,343.42290202563044,4.903885903265812,1.5843323687474165,9.108750516214549,6.726233402358747,5.84187026867492
AgriciDaniel/claude-seo,AgriciDaniel,claude-seo,Python,12161,1779,2026-02-07 08:17:38+00:00,2026-07-23T19:39:22Z,main,False,False,1,203.0,112.0,12.0,0.5424657534246575,374.2171717171717,206.46464646464648,22.12121212121212,9.406071615680055,7.484368643286131,5.9275049829216115
jemalloc/jemalloc,jemalloc,jemalloc,C,11008,1636,2013-10-03 21:37:32+00:00,2026-07-23T19:49:39Z,dev,False,False,1,3801.0,1556.0,176.0,12.895890410958904,294.74506054811985,120.65859358402379,13.647758657318887,9.306468399070404,7.400620577371135,5.689497801275643
RubyMetric/chsrc,RubyMetric,chsrc,C,6800,277,2023-09-03 01:36:28+00:00,2026-07-23T10:31:19Z,main,False,False,1,1995.0,154.0,34.0,2.9753424657534246,670.5110497237569,51.758747697974215,11.427255985267035,8.824824939175638,5.627621113690637,6.5095304711127255
versatica/mediasoup,versatica,mediasoup,C++,7315,1244,2014-12-12 12:00:36+00:00,2026-07-23T15:48:06Z,v3,False,False,1,4184.0,1060.0,55.0,11.704109589041096,357.4812734082397,90.56647940074906,4.6992041198501875,8.897819009510757,7.126890808898808,5.88187642271505
knex/knex,knex,knex,JavaScript,20330,2212,2012-12-29 05:18:25+00:00,2026-07-22T19:40:57Z,master,False,False,1,3212.0,2374.0,433.0,13.66027397260274,235.13437625350983,173.78860810268753,31.69775371038909,9.919902093804223,7.70210434005105,5.4644010338888185
rgeo/rgeo,rgeo,rgeo,Ruby,1061,158,2010-10-19 05:07:01+00:00,2026-07-15T19:15:57Z,main,False,False,1,720.0,206.0,48.0,15.857534246575343,45.40428472702143,12.990670352453352,3.0269523151347615,6.967909201801884,5.0689042022202315,3.8373917982236057
ntop/nDPI,ntop,nDPI,C,4542,998,2015-04-19 04:56:52+00:00,2026-07-23T11:27:32Z,dev,False,False,1,5823.0,2203.0,167.0,11.356164383561644,512.7611580217128,193.9915560916767,14.705669481302774,8.421342865759403,6.906754778648554,6.241758484351652
microsoft/VFSForGit,microsoft,VFSForGit,C#,6119,472,2017-01-25 21:10:29+00:00,2026-07-21T15:00:06Z,master,False,False,1,2995.0,1273.0,43.0,9.580821917808219,312.6036602802402,132.86960251644265,4.488132685158708,8.719317375506371,6.159095388491933,5.748129960220128
peterq/pan-light,peterq,pan-light,Go,12124,2387,2019-03-21 14:34:26+00:00,2026-07-23T03:21:28Z,master,False,False,0,135.0,31.0,2.0,7.4301369863013695,18.16924778761062,4.172197640117994,0.2691740412979351,9.403024715805683,7.778211474512493,2.953307317248069
AndroidCoderPeng/DailyTask,AndroidCoderPeng,DailyTask,Kotlin,1760,312,2019-12-25 09:32:01+00:00,2026-07-23T09:00:13Z,master,False,False,0,881.0,6.0,4.0,6.668493150684932,132.11380443714052,0.8997534921939194,0.5998356614626129,7.473637108496206,5.746203190540153,4.891204434802478
jagenjo/litegraph.js,jagenjo,litegraph.js,JavaScript,8083,839,2013-09-26 17:39:05+00:00,2026-07-23T10:48:33Z,master,False,False,0,775.0,188.0,63.0,12.915068493150685,60.0074246924056,14.556639796351295,4.878022910479423,8.997642078523512,6.733401891837359,4.1109955730354315
Slackadays/Clipboard,Slackadays,Clipboard,C++,5850,176,2022-11-20 01:06:54+00:00,2026-07-23T15:37:55Z,main,False,False,1,1890.0,84.0,28.0,3.7616438356164386,502.43991260014565,22.330662782228696,7.443554260742898,8.674367865788236,5.176149732573829,6.221464365613359
dvyukov/go-fuzz,dvyukov,go-fuzz,Go,4851,276,2015-04-15 13:07:50+00:00,2026-07-21T06:14:52Z,master,False,False,0,845.0,186.0,71.0,11.364383561643836,74.35511089681775,16.36692381870781,6.247589199614272,8.48714627006394,5.6240175061873385,4.322211751528943
qiurunze123/miaosha,qiurunze123,miaosha,Java,26588,6561,2018-09-14 04:36:24+00:00,2026-07-23T04:45:25Z,master,False,False,0,257.0,71.0,9.0,7.947945205479452,32.335401585660115,8.933126508100655,1.1323681489141675,10.188252875406508,8.789050713521046,3.5066199429649143
MystenLabs/sui,MystenLabs,sui,Rust,7727,11674,2021-11-09 03:17:36+00:00,2026-07-23T19:39:32Z,main,False,False,1,20363.0,23215.0,410.0,4.791780821917809,4249.568324757003,4844.754145225843,85.56317895940536,8.952605375892354,9.365205082537098,8.354807976450513
eclipse-iceoryx/iceoryx2,eclipse-iceoryx,iceoryx2,Rust,2394,169,2023-12-12 16:00:07+00:00,2026-07-23T12:20:04Z,main,False,False,1,7058.0,995.0,37.0,2.6986301369863015,2615.4010152284263,368.70558375634516,13.710659898477157,7.781138509845015,5.135798437050262,7.869554994111912
LuckyPennySoftware/AutoMapper,LuckyPennySoftware,AutoMapper,C#,10195,2403,2010-02-06 15:17:58+00:00,2026-07-21T07:57:32Z,main,False,False,1,4382.0,1093.0,151.0,16.553424657534247,264.7186362131744,66.02863290301225,9.121979476994373,9.229750765496005,7.784889295655098,5.5824379903631804
vuejs-templates/webpack,vuejs-templates,webpack,JavaScript,9636,4285,2015-12-26 05:25:41+00:00,2026-07-17T01:47:15Z,develop,False,False,0,557.0,563.0,131.0,10.668493150684931,52.20980996404725,52.77221366204417,12.27914740626605,9.173365135851288,8.363109176033522,3.9742427771688473
khellang/Scrutor,khellang,Scrutor,C#,4313,278,2015-11-14 01:26:41+00:00,2026-07-23T02:14:33Z,master,False,False,1,395.0,93.0,41.0,10.783561643835617,36.62982723577236,8.62423780487805,3.8020833333333335,8.369620826949102,5.631211781821365,3.627797013464654
php-telegram-bot/core,php-telegram-bot,core,PHP,4020,958,2015-06-26 14:55:57+00:00,2026-07-22T03:00:25Z,develop,False,False,1,1777.0,445.0,68.0,11.167123287671233,159.12782139352305,39.849116781157996,6.089303238469087,8.299285906897275,6.8658910748834385,5.075972380005607
simshaun/recurr,simshaun,recurr,PHP,1599,152,2013-06-13 00:19:10+00:00,2026-07-06T00:38:50Z,master,False,False,1,196.0,104.0,38.0,13.205479452054794,14.842323651452283,7.875518672199171,2.8775933609958506,7.3777589082278725,5.030437921392435,2.762685070795038
google-deepmind/open_spiel,google-deepmind,open_spiel,C++,5353,1159,2019-07-22 13:50:21+00:00,2026-07-23T03:40:16Z,master,False,False,1,5511.0,896.0,223.0,7.093150684931507,776.946697566628,126.31904210119738,31.438779451525686,8.585599224080298,7.05617528410041,6.656658009706172
jondot/awesome-react-native,jondot,awesome-react-native,JavaScript,35688,4024,2015-03-26 19:58:06+00:00,2026-07-23T09:30:24Z,master,False,False,0,2193.0,1116.0,410.0,11.419178082191781,192.04534548944338,97.73032629558541,35.90451055662188,10.482597797038709,8.300280189852664,5.262925112030792
visualboyadvance-m/visualboyadvance-m,visualboyadvance-m,visualboyadvance-m,C++,3875,372,2015-06-10 23:43:02+00:00,2026-07-23T07:00:48Z,master,False,False,1,4750.0,506.0,70.0,11.210958904109589,423.6925708699902,45.134408602150536,6.243890518084067,8.262558973010657,5.921578419643816,6.051365544512566
gruns/icecream,gruns,icecream,Python,10103,224,2018-02-13 18:56:12+00:00,2026-07-21T01:47:51Z,master,False,False,1,412.0,84.0,37.0,8.528767123287672,48.30709926116286,9.849020237712816,4.338258914230646,9.220686664030326,5.41610040220442,3.898068071922087
alibaba/COLA,alibaba,COLA,Java,12991,3237,2018-02-06 13:46:27+00:00,2026-07-23T11:08:24Z,master,False,False,1,423.0,241.0,32.0,8.547945205479452,49.48557692307692,28.193910256410255,3.7435897435897436,9.472089062401459,8.08271113423758,3.921687690004675
spf13/afero,spf13,afero,Go,6679,569,2014-10-28 14:19:05+00:00,2026-07-21T05:51:19Z,master,False,False,1,537.0,401.0,88.0,11.827397260273973,45.40305767894371,33.904331711836925,7.440352096363215,8.806873266530692,6.345636360828596,3.8373653553141125
ray-project/ray,ray-project,ray,Python,43326,7826,2016-10-25 19:38:30+00:00,2026-07-23T18:18:22Z,master,False,False,1,31165.0,41723.0,407.0,9.832876712328767,3169.4692114795207,4243.2139871830595,41.391752577319586,10.676531276241942,8.965334573804839,8.0616348721576
JakeWharton/timber,JakeWharton,timber,Kotlin,10844,992,2013-07-18 06:23:33+00:00,2026-07-23T17:07:04Z,trunk,False,False,1,579.0,366.0,48.0,13.10958904109589,44.16614420062696,27.91849529780564,3.6614420062695925,9.291459423260974,6.900730664045173,3.8103477840709474
MeetYouDevs/cocoapods-imy-bin,MeetYouDevs,cocoapods-imy-bin,Ruby,1070,247,2020-06-14 05:49:57+00:00,2026-07-21T04:33:15Z,master,False,False,0,131.0,19.0,6.0,6.197260273972603,21.138373121131742,3.065870910698497,0.9681697612732095,6.976348070447749,5.5134287461649825,3.0973124431502344
PixelPlayerHQ/PixelPlayer,PixelPlayerHQ,PixelPlayer,Kotlin,5757,454,2025-05-20 15:33:18+00:00,2026-07-23T20:44:16Z,master,False,False,1,3874.0,1028.0,55.0,1.2602739726027397,3073.934782608696,815.6956521739131,43.641304347826086,8.65834547117212,6.12029741895095,8.031038971107964
microsoft/WhatTheHack,microsoft,WhatTheHack,C#,1898,886,2018-09-17 10:13:08+00:00,2026-07-18T12:49:31Z,master,False,False,1,5787.0,1135.0,155.0,7.93972602739726,728.8664596273293,142.9520358868185,19.52208419599724,7.549082710812286,6.787844982309579,6.5928615853909776
QuipNetwork/quip-protocol,QuipNetwork,quip-protocol,Python,11612,158,2026-01-16 05:39:29+00:00,2026-07-21T20:45:53Z,main,False,False,1,1447.0,6.0,3.0,0.6027397260273972,2400.7045454545455,9.954545454545455,4.9772727272727275,9.359880439245758,5.0689042022202315,7.783933991516729
MetaCubeX/mihomo,MetaCubeX,mihomo,Python,32584,4295,2021-05-20 11:06:33+00:00,2026-07-23T18:27:56Z,main,False,False,1,26.0,583.0,2.0,5.265753424657534,4.937565036420396,110.71540062434964,0.3798126951092612,10.39160733876648,8.3654396361887,1.781299122803153
interagent/prmd,interagent,prmd,Ruby,2091,169,2013-12-19 17:45:58+00:00,2026-07-08T15:08:50Z,main,False,False,1,636.0,173.0,50.0,12.684931506849315,50.138228941684666,13.638228941684664,3.9416846652267816,7.645875825184813,5.135798437050262,3.9345323376967656
apereo/cas,apereo,cas,Java,11354,3951,2011-09-09 01:36:42+00:00,2026-07-23T16:38:05Z,master,False,False,1,34164.0,7976.0,324.0,14.967123287671233,2282.6029654036242,532.901336262127,21.647446457990114,9.337413454539659,8.281977058867758,7.733509722654519
phodal/auto-dev,phodal,auto-dev,Kotlin,4518,495,2023-04-14 13:46:07+00:00,2026-07-21T12:47:06Z,master,False,False,1,7722.0,162.0,23.0,3.361643835616438,2297.0904645476776,48.19070904645477,6.8418907905460475,8.41604600941128,6.206575926724928,7.739833824277753
Mesh-LLM/mesh-llm,Mesh-LLM,mesh-llm,Rust,2846,339,2026-02-11 03:18:27+00:00,2026-07-23T20:10:56Z,main,False,False,1,1966.0,905.0,23.0,0.5315068493150685,3698.9175257731954,1702.7061855670102,43.27319587628865,7.954021087278037,5.8289456176102075,8.216065808052313
parallelcc/MiCTS,parallelcc,MiCTS,Kotlin,1560,81,2024-10-26 20:55:01+00:00,2026-07-22T09:27:14Z,main,False,False,1,66.0,48.0,13.0,1.8246575342465754,36.17117117117117,26.306306306306304,7.124624624624625,7.353081920515432,4.406719247264253,3.615533492318863
enzymejs/enzyme,enzymejs,enzyme,JavaScript,19824,1969,2015-11-10 21:45:38+00:00,2026-07-23T02:12:50Z,master,False,False,1,2038.0,818.0,335.0,10.791780821917808,188.84742320385885,75.7984259964458,31.042142675806044,9.89469904650305,7.585788821732034,5.246220713785378
berstend/puppeteer-extra,berstend,puppeteer-extra,JavaScript,7381,780,2018-05-15 20:02:21+00:00,2026-07-23T09:34:38Z,master,False,False,1,604.0,226.0,46.0,8.27945205479452,72.95168762409001,27.296492389146263,5.555923229649239,8.906799883589944,6.660575149839686,4.303412010047053
eosphoros-ai/DB-GPT,eosphoros-ai,DB-GPT,Python,19545,2840,2023-04-13 14:52:43+00:00,2026-07-23T18:01:33Z,main,False,False,1,3346.0,1352.0,175.0,3.3643835616438356,994.5358306188925,401.85667752443,52.01547231270359,9.880525940898782,7.951911381854188,6.903281115442061
getify/Functional-Light-JS,getify,Functional-Light-JS,JavaScript,16751,1921,2016-08-17 01:40:50+00:00,2026-07-23T14:26:53Z,master,False,False,0,488.0,94.0,32.0,10.024657534246575,48.67996720415414,9.376878928669035,3.192128996993714,9.726272933110318,7.561121589530238,3.9056017774831804
Mbed-TLS/mbedtls,Mbed-TLS,mbedtls,C,6834,2932,2012-11-14 13:13:13+00:00,2026-07-23T12:21:26Z,development,False,False,0,34704.0,6401.0,336.0,13.780821917808218,2518.282306163022,464.486083499006,24.381709741550697,8.82981174915805,7.983781068977451,7.831729340800834
proninyaroslav/libretorrent,proninyaroslav,libretorrent,Java,3685,297,2016-10-18 15:38:44+00:00,2026-07-23T16:53:20Z,master,False,False,0,1345.0,67.0,64.0,9.852054794520548,136.51974416017796,6.8006117908787544,6.496106785317019,8.212297138229768,5.697093486505405,4.9237675006902135
loomio/loomio,loomio,loomio,Ruby,2582,704,2011-11-08 03:27:12+00:00,2026-07-23T17:31:34Z,master,False,False,1,31421.0,10925.0,89.0,14.802739726027397,2122.647603183417,738.0390523783084,6.012400518230613,7.8567067930958405,6.558197802812269,7.660890456724718
rubensousa/GravitySnapHelper,rubensousa,GravitySnapHelper,Java,4985,617,2016-08-31 07:25:23+00:00,2026-07-09T02:35:23Z,master,False,False,1,165.0,16.0,3.0,9.986301369863014,16.522633744855966,1.6021947873799725,0.3004115226337448,8.514389264083503,6.42648845745769,2.8634934021128764
oskardudycz/EventSourcing.NetCore,oskardudycz,EventSourcing.NetCore,C#,3675,545,2017-01-28 11:21:53+00:00,2026-07-07T02:28:26Z,main,False,False,1,1194.0,222.0,28.0,9.575342465753424,124.69527896995709,23.184549356223176,2.9241773962804007,8.209580483475577,6.302618975744905,4.833860556974872
acidanthera/WhateverGreen,acidanthera,WhateverGreen,C++,3381,644,2017-07-26 22:40:14+00:00,2026-07-22T06:39:56Z,master,False,False,1,620.0,125.0,48.0,9.082191780821917,68.26546003016591,13.763197586727,5.285067873303168,8.126222529458525,6.4692503167957724,4.237946369684061
meilisearch/meilisearch,meilisearch,meilisearch,Rust,58705,2635,2018-04-23 11:45:28+00:00,2026-07-23T15:22:22Z,main,False,False,1,14495.0,3050.0,225.0,8.342465753424657,1737.495894909688,365.59934318555014,26.970443349753698,10.980297215243393,7.877017895622398,7.460775590162234
kriasoft/react-starter-kit,kriasoft,react-starter-kit,TypeScript,23652,4208,2014-04-16 13:08:18+00:00,2026-07-23T03:42:10Z,main,False,False,1,115.0,935.0,13.0,12.361643835616439,9.302969858156027,75.63718971631205,1.0516400709219857,10.071245235769604,8.344980368770571,2.332432189418132
sabre-io/Baikal,sabre-io,Baikal,PHP,3241,316,2012-02-27 20:22:55+00:00,2026-07-23T08:36:18Z,master,False,False,1,956.0,315.0,58.0,14.495890410958904,65.94972594972596,21.730296730296732,4.001134001134001,8.08394570229562,5.75890177387728,4.203941978771462
sparklemotion/nokogiri,sparklemotion,nokogiri,C,6276,943,2008-07-14 15:34:32+00:00,2026-07-22T18:28:00Z,main,False,False,1,8022.0,1449.0,241.0,18.12054794520548,442.70184457211974,79.96446930752948,13.299818566676747,8.744647438317532,6.8501261661455,6.095152815626887
Open-Dev-Society/OpenStock,Open-Dev-Society,OpenStock,TypeScript,13964,1838,2025-09-28 18:16:32+00:00,2026-07-23T18:10:31Z,main,False,False,0,135.0,49.0,11.0,0.9013698630136986,149.77203647416414,54.361702127659576,12.203647416413375,9.544309478379278,7.516977224604321,5.015769003857291
crossplane/crossplane,crossplane,crossplane,Go,11881,1221,2018-09-08 00:10:35+00:00,2026-07-23T19:16:01Z,main,False,False,1,8966.0,4551.0,281.0,7.964383561643835,1125.7619539043687,571.4189886480908,35.28207774337805,9.382779928915687,7.108244139731541,7.027103270704069
fw876/helloworld,fw876,helloworld,C,4179,2687,2020-04-16 04:02:31+00:00,2026-07-23T15:02:45Z,dev,False,False,1,2024.0,931.0,73.0,6.358904109589041,318.29383886255926,146.40887548470488,11.479965532098234,8.338066525518801,7.89655270164304,5.766111803770585
erebe/wstunnel,erebe,wstunnel,Rust,6928,556,2016-05-14 23:58:43+00:00,2026-07-23T13:53:24Z,main,False,False,1,872.0,76.0,30.0,10.282191780821918,84.80682120969891,7.391420197175592,2.917665867306155,8.843470781627381,6.322565239927284,4.452098504612399
OpenMOSS/MOSS,OpenMOSS,MOSS,Python,12194,1133,2023-04-15 14:07:44+00:00,2026-07-23T11:56:45Z,main,False,False,0,206.0,24.0,16.0,3.3589041095890413,61.32952691680261,7.145187601957585,4.763458401305057,9.40878131065002,7.033506484287697,4.132435260816062
jaredreich/pell,jaredreich,pell,JavaScript,12049,548,2017-07-09 14:30:51+00:00,2026-07-22T18:25:43Z,master,False,False,0,80.0,64.0,5.0,9.128767123287671,8.763505402160865,7.010804321728691,0.5477190876350541,9.396819938918801,6.3080984415095305,2.2786514959999327
bmax121/APatch,bmax121,APatch,Kotlin,7690,742,2023-08-21 14:20:01+00:00,2026-07-23T11:01:02Z,main,False,False,1,1016.0,800.0,63.0,3.0082191780821916,337.74134790528234,265.93806921675775,20.942622950819672,8.947806093057054,6.610696044717759,5.825236830628708
Foso/Ktorfit,Foso,Ktorfit,Kotlin,2076,79,2019-08-21 19:58:38+00:00,2026-07-13T09:13:18Z,master,False,False,1,1127.0,844.0,33.0,7.010958904109589,160.74833919499804,120.38296209456819,4.706916764361078,7.638679823876112,4.382026634673881,5.086041665600309
quantopian/zipline,quantopian,zipline,Python,20001,5016,2012-10-19 15:50:29+00:00,2026-07-23T07:36:50Z,master,False,False,1,6226.0,1872.0,106.0,13.852054794520548,449.46400316455697,135.14240506329114,7.6522943037974684,9.90358754753646,8.520587424484253,6.11027816967066
ogham/dog,ogham,dog,Rust,6675,207,2020-04-25 16:53:10+00:00,2026-07-21T04:50:58Z,master,False,False,0,201.0,49.0,17.0,6.331506849315068,31.745997403721333,7.739073993942017,2.6849848550411077,8.806274284781725,5.337538079701318,3.488780737931929
v2rayA/v2rayA,v2rayA,v2rayA,Go,15400,1571,2019-10-18 20:42:06+00:00,2026-07-23T12:52:20Z,main,False,False,1,1836.0,297.0,71.0,6.852054794520548,267.9488204718113,43.34466213514594,10.361855257896842,9.642187721358466,7.360103972989152,5.594521103031298
googleapis/google-api-ruby-client,googleapis,google-api-ruby-client,Ruby,2893,885,2012-01-26 21:54:39+00:00,2026-07-20T16:52:28Z,main,False,False,1,26901.0,26268.0,133.0,14.583561643835617,1844.6111215479991,1801.2060867931616,9.11985722337028,7.970394907191429,6.786716950605081,7.520565732821015
not-fl3/macroquad,not-fl3,macroquad,Rust,4556,421,2020-01-08 19:01:01+00:00,2026-07-23T09:55:35Z,master,False,False,1,748.0,518.0,156.0,6.627397260273972,112.86482017362547,78.16039685820587,23.5386523356759,8.424419791263883,6.045005314036012,4.735011956841039
castwide/solargraph,castwide,solargraph,Ruby,2007,166,2017-03-18 13:15:12+00:00,2026-06-28T00:33:10Z,master,False,False,1,4168.0,554.0,80.0,9.438356164383562,441.6023222060958,58.6966618287373,8.476052249637155,7.60489448081162,5.117993812416755,6.092671674340862
attractivechaos/klib,attractivechaos,klib,C,4701,591,2011-01-13 17:06:02+00:00,2026-07-22T17:28:59Z,master,False,False,0,398.0,82.0,17.0,15.61917808219178,25.48149447465357,5.249956148044203,1.0884055428872128,8.455743229100015,6.3835066348840055,3.276446167340812
feathersjs/feathers,feathersjs,feathers,TypeScript,15260,800,2011-10-19 22:45:16+00:00,2026-07-22T01:14:02Z,dove,False,False,1,4178.0,1308.0,246.0,14.854794520547944,281.2559940981188,88.05237919586868,16.560309848764295,9.633055833490875,6.68586094706836,5.642814439644375
rockbenben/ChatGPT-Shortcut,rockbenben,ChatGPT-Shortcut,TypeScript,8630,947,2023-02-24 12:53:49+00:00,2026-07-23T16:51:46Z,main,False,False,1,741.0,67.0,7.0,3.495890410958904,211.96316614420064,19.1653605015674,2.0023510971786833,9.063115652219658,6.854354502255021,5.3611192218550325
immortalwrt/immortalwrt,immortalwrt,immortalwrt,C,11264,3746,2019-08-22 09:22:38+00:00,2026-07-23T16:00:52Z,master,False,False,0,74924.0,484.0,386.0,7.010958904109589,10686.697928878468,69.03477921062915,55.05666275889019,9.329455852866344,8.228710798793687,9.276848632734673
grommet/grommet,grommet,grommet,JavaScript,8357,1035,2015-03-24 08:54:10+00:00,2026-07-22T20:12:02Z,master,False,False,0,7135.0,4280.0,353.0,11.427397260273972,624.3766482857828,374.53847998081994,30.890673699352675,9.03097444300786,6.943122422819428,6.438354105480743
Dolibarr/dolibarr,Dolibarr,dolibarr,PHP,7440,3455,2011-06-26 21:55:03+00:00,2026-07-23T17:08:42Z,develop,False,False,1,155488.0,28826.0,276.0,15.169863013698631,10249.795918367347,1900.2149178255372,18.193967852627775,8.914760527397261,8.147867129923947,9.235110632124329
TheAlgorithms/C-Sharp,TheAlgorithms,C-Sharp,C#,8162,1699,2016-07-29 06:04:43+00:00,2026-07-23T19:50:26Z,master,False,False,1,531.0,507.0,133.0,10.076712328767123,52.6957585644372,50.31402936378467,13.198749320282763,9.007367027451355,7.438383530044307,3.983334014492953
teng-lin/notebooklm-py,teng-lin,notebooklm-py,Python,18111,2446,2026-01-07 15:27:19+00:00,2026-07-23T17:50:04Z,main,False,False,1,1872.0,1449.0,28.0,0.6246575342465753,2996.842105263158,2319.671052631579,44.824561403508774,9.80432998100291,7.802618063442671,8.00564801058553
donnemartin/data-science-ipython-notebooks,donnemartin,data-science-ipython-notebooks,Python,29254,8027,2015-01-23 19:38:29+00:00,2026-07-23T19:10:44Z,master,False,False,0,543.0,71.0,12.0,11.58904109589041,46.854609929078016,6.126477541371159,1.0354609929078016,10.283805778222337,8.990690709916228,3.8681674545139915
immunant/c2rust,immunant,c2rust,Rust,4763,307,2018-04-20 00:05:50+00:00,2026-07-23T08:58:53Z,master,False,False,1,10251.0,1098.0,78.0,8.35068493150685,1227.5639763779527,131.48622047244095,9.340551181102361,8.46884293047519,5.730099782973575,7.113601267429013
btraceio/btrace,btraceio,btrace,Java,5986,958,2014-08-28 18:58:24+00:00,2026-07-23T20:02:49Z,develop,False,False,1,1908.0,425.0,27.0,11.994520547945205,159.07263590680677,35.43284604842394,2.251027866605756,8.697345730925353,6.8658910748834385,5.075627686636159
gastownhall/beads,gastownhall,beads,Go,25595,1726,2025-10-12 03:09:46+00:00,2026-07-23T20:06:38Z,main,False,False,1,9954.0,3027.0,347.0,0.8657534246575342,11497.5,3496.3765822784812,400.80696202531647,10.150191368259351,7.454141078146678,9.349971871061376
LuckyPennySoftware/MediatR,LuckyPennySoftware,MediatR,C#,11851,2188,2014-03-03 15:01:22+00:00,2026-07-23T09:35:22Z,main,False,False,1,770.0,285.0,80.0,12.482191780821918,61.68788410886743,22.832528533801582,6.409130816505707,9.380251908693456,7.691200097522863,4.138168193063182
flike/kingshard,flike,kingshard,Go,6406,1218,2015-07-04 02:22:32+00:00,2026-07-21T08:20:31Z,master,False,False,0,522.0,176.0,40.0,11.147945205479452,46.82477267141804,15.78766281641681,3.588105185549275,8.765146421639022,7.105786129481271,3.8675437619730024
karpathy/autoresearch,karpathy,autoresearch,Python,91903,13142,2026-03-06 22:00:43+00:00,2026-07-23T19:31:37Z,master,False,False,0,36.0,402.0,9.0,0.4657534246575342,77.29411764705883,863.1176470588235,19.323529411764707,11.42849983296784,9.483644576482009,4.360472474338896
zkavtaskin/Domain-Driven-Design-Example,zkavtaskin,Domain-Driven-Design-Example,C#,1878,442,2014-05-03 14:48:54+00:00,2026-07-21T21:04:36Z,master,False,False,0,33.0,4.0,1.0,12.315068493150685,2.6796440489432705,0.3248053392658509,0.08120133481646273,7.538494999413465,6.093569770045136,1.3028160216719618
lllyasviel/Fooocus,lllyasviel,Fooocus,Python,51167,8295,2023-08-09 18:43:40+00:00,2026-07-23T18:01:34Z,main,False,False,1,1144.0,728.0,59.0,3.041095890410959,376.1801801801802,239.38738738738738,19.4009009009009,10.842869615633681,9.023528749909364,5.932723004787536
SimpleMobileTools/Simple-Music-Player,SimpleMobileTools,Simple-Music-Player,Kotlin,1387,427,2016-01-10 12:21:23+00:00,2026-07-21T05:46:25Z,master,False,False,0,3033.0,343.0,94.0,10.624657534246575,285.46802475502835,32.28339350180506,8.847343991748325,7.23561914106675,6.059123195581797,5.6576269234866405
sachaos/viddy,sachaos,viddy,Rust,5380,97,2021-08-14 06:40:12+00:00,2026-07-23T08:41:39Z,master,False,False,1,306.0,103.0,29.0,5.03013698630137,60.83333333333333,20.476579520697168,5.765250544662309,8.59062950948942,4.584967478670572,4.1244425933793805
getpelican/pelican,getpelican,pelican,Python,13332,1825,2010-10-16 18:57:40+00:00,2026-07-23T15:07:47Z,main,False,False,1,4022.0,1707.0,414.0,15.863013698630137,253.54576856649396,107.60880829015544,26.098445595854923,9.497997444115459,7.509883061154913,5.539480657018247
eigent-ai/eigent,eigent-ai,eigent,TypeScript,14635,1735,2025-07-29 15:56:02+00:00,2026-07-23T17:23:37Z,main,False,False,1,2238.0,1078.0,70.0,1.0684931506849316,2094.5384615384614,1008.8974358974358,65.51282051282051,9.591239526139097,7.459338895220295,7.64756582154575
RMerl/asuswrt-merlin.ng,RMerl,asuswrt-merlin.ng,C,6118,733,2017-09-05 21:10:42+00:00,2026-07-23T17:30:50Z,main,False,False,0,4782.0,36.0,61.0,8.96986301369863,533.11850946854,4.013439218081857,6.800549786194258,8.71915396346254,6.598509028614515,6.280617742181562
icerockdev/moko-resources,icerockdev,moko-resources,Kotlin,1348,137,2019-08-28 07:31:58+00:00,2026-07-22T02:23:17Z,master,False,False,1,1586.0,278.0,54.0,6.994520547945205,226.74892283587937,39.74539757148453,7.720329024676851,7.207118856207756,4.927253685157205,5.428243806538891
thedotmack/claude-mem,thedotmack,claude-mem,JavaScript,88357,7670,2025-08-31 20:50:03+00:00,2026-07-23T19:40:42Z,main,False,False,1,2371.0,1327.0,121.0,0.9780821917808219,2424.1316526610644,1356.7366946778711,123.71148459383754,11.38915202260156,8.945202263959297,7.793641091655088
docker/compose,docker,compose,Go,37881,5773,2013-12-09 11:40:58+00:00,2026-07-23T18:47:52Z,main,False,False,1,5853.0,5371.0,261.0,12.715068493150685,460.31997414350354,422.41219564748974,20.526826115061407,10.542231344216686,8.661120360222881,6.134091889308798
bytedeco/javacpp,bytedeco,javacpp,Java,4701,596,2014-04-21 12:47:21+00:00,2026-07-23T17:29:27Z,master,False,False,1,967.0,203.0,56.0,12.347945205479451,78.31262480585755,16.439982249833594,4.5351675171954735,8.455743229100015,6.391917113392602,4.373397319069681
spinnaker/spinnaker,spinnaker,spinnaker,Java,9755,1271,2014-07-02 19:02:36+00:00,2026-07-23T19:57:15Z,main,False,False,1,50874.0,2284.0,322.0,12.150684931506849,4186.924464487035,187.9729425028185,26.50056369785795,9.18563775933581,7.148345743900068,8.339960535649892
antoniolg/Kotlin-for-Android-Developers,antoniolg,Kotlin-for-Android-Developers,Kotlin,2667,596,2015-07-07 05:57:23+00:00,2026-07-13T07:22:03Z,master,False,False,0,24.0,12.0,1.0,11.139726027397261,2.1544515494343335,1.0772257747171667,0.08976881455976389,7.889084407035514,6.391917113392602,1.1488146455205164
201206030/novel-plus,201206030,novel-plus,Java,4676,1502,2020-05-02 07:15:43+00:00,2026-07-23T08:32:26Z,develop_xxy,False,False,1,598.0,39.0,4.0,6.315068493150685,94.6941431670282,6.1757049891540134,0.6334056399132321,8.450412157725886,7.315218389752975,4.5611570966595565
PrismLauncher/PrismLauncher,PrismLauncher,PrismLauncher,C++,9938,1453,2022-10-17 19:18:14+00:00,2026-07-23T19:44:24Z,develop,False,False,1,11090.0,2417.0,323.0,3.852054794520548,2878.98293029872,627.4573257467995,83.85135135135135,9.204221690968005,7.282073658093465,7.965539646132816
rwv/chinese-dos-games,rwv,chinese-dos-games,Python,10234,1251,2018-08-30 14:12:12+00:00,2026-07-23T09:36:52Z,master,False,False,1,153.0,11.0,2.0,7.986301369863014,19.157804459691253,1.3773584905660377,0.2504288164665523,9.23356849809539,7.132497551660044,3.003591531503221
openshift/origin,openshift,origin,Go,8672,4789,2014-07-30 20:04:05+00:00,2026-07-23T12:16:14Z,main,False,False,0,40880.0,22396.0,358.0,12.073972602739726,3385.7953256183346,1854.8990242795553,29.650555933741774,9.067970030684457,8.474285690404962,8.1276394215907
fankes/TSBattery,fankes,TSBattery,Kotlin,1193,30,2021-09-03 20:26:03+00:00,2026-07-19T14:57:57Z,master,False,False,1,445.0,6.0,4.0,4.972602739726027,89.49035812672176,1.2066115702479339,0.8044077134986226,7.085064293952548,3.4339872044851463,4.505243304993864
liamg/traitor,liamg,traitor,Go,7159,704,2021-01-24 10:50:15+00:00,2026-07-23T03:18:47Z,main,False,False,1,82.0,92.0,3.0,5.583561643835616,14.685966633954857,16.47693817468106,0.5372914622178606,8.87626525995469,6.558197802812269,2.75276646766561
antirez/sds,antirez,sds,C,5516,508,2014-02-06 14:58:09+00:00,2026-07-23T16:53:55Z,master,False,False,0,60.0,108.0,8.0,12.550684931506849,4.780615586116569,8.605108055009824,0.6374154114822091,8.61558951327243,6.2324480165505225,1.7545101798016005
XiaoMi/mace,XiaoMi,mace,C++,5043,822,2018-06-27 03:50:12+00:00,2026-07-23T14:27:43Z,master,False,False,0,3347.0,111.0,48.0,8.164383561643836,409.95134228187914,13.595637583892616,5.879194630872483,8.52595469708481,6.71295620067707,6.0184748188791835
openwrt/luci,openwrt,luci,JavaScript,7738,2896,2014-10-09 16:02:20+00:00,2026-07-23T19:52:45Z,master,False,False,1,19309.0,5648.0,356.0,11.87945205479452,1625.4116697416976,475.4428044280443,29.967712177121772,8.95402775927046,7.9714309977693505,7.394131437486193
springside/springside4,springside,springside4,Java,5645,2839,2012-02-23 08:39:03+00:00,2026-07-19T14:15:29Z,master,False,False,0,1074.0,125.0,20.0,14.509589041095891,74.02001510574017,8.614992447129909,1.3783987915407854,8.638702608813436,7.951559331155252,4.317754946009895
maplibre/maplibre-gl-js,maplibre,maplibre-gl-js,TypeScript,11127,1148,2020-12-08 22:42:56+00:00,2026-07-23T18:49:19Z,main,False,False,1,14183.0,5842.0,383.0,5.7095890410958905,2484.0666986564297,1023.1909788867562,67.08013435700576,9.31721973360328,7.046647277848756,7.818054778676134
benfred/py-spy,benfred,py-spy,Rust,15376,541,2018-08-01 02:22:15+00:00,2026-07-23T18:52:03Z,master,False,False,1,565.0,438.0,55.0,8.068493150684931,70.02546689303905,54.28522920203735,6.816638370118846,9.640628165515693,6.295266001439646,4.263038501362279
outline/outline,outline,outline,TypeScript,39807,3445,2016-05-22 21:31:47+00:00,2026-07-23T19:19:49Z,main,False,False,1,9990.0,5797.0,241.0,10.26027397260274,973.6582109479306,564.9946595460615,23.48865153538051,10.59182317609885,8.144969417087875,6.882086856665908
apache/pulsar,apache,pulsar,Java,15298,3744,2016-06-28 07:00:03+00:00,2026-07-23T19:16:01Z,master,False,False,1,14583.0,17796.0,364.0,10.161643835616438,1435.1024534915073,1751.2914532218927,35.820976004313835,9.63554274576738,8.22817689595132,7.269688093505687
joeyates/imap-backup,joeyates,imap-backup,Ruby,1701,89,2012-06-10 11:22:37+00:00,2026-07-21T17:41:57Z,main,False,False,1,1666.0,28.0,15.0,14.213698630136987,117.21087124132613,1.9699306090979183,1.055319969159599,7.43955930913332,4.499809670330265,4.772470074019586
google/tarpc,google,tarpc,Rust,3722,228,2016-02-11 01:07:24+00:00,2026-07-21T08:40:24Z,main,False,False,1,978.0,329.0,62.0,10.53972602739726,92.79178580712244,31.215232648817263,5.882505848713284,8.222285073872717,5.43372200355424,4.541077280824945
jiangdongguo/AndroidUSBCamera,jiangdongguo,AndroidUSBCamera,C,2740,935,2017-09-29 09:34:54+00:00,2026-07-16T23:51:22Z,master,False,False,0,377.0,32.0,10.0,8.906849315068493,42.32697631498001,3.5927406951707166,1.122731467240849,7.916078096302786,6.8416154764775925,3.7687754506023747
xacrimon/dashmap,xacrimon,dashmap,Rust,4082,187,2019-12-06 21:48:39+00:00,2026-07-23T11:26:20Z,master,False,False,1,503.0,152.0,46.0,6.717808219178083,74.87561174551387,22.62642740619902,6.847471451876019,8.314587291319576,5.236441962829949,4.329095311891001
brandonhilkert/fucking_shell_scripts,brandonhilkert,fucking_shell_scripts,Ruby,1202,87,2013-08-16 18:10:40+00:00,2026-07-01T20:55:10Z,master,False,False,0,47.0,15.0,7.0,13.027397260273972,3.6077812828601474,1.1514195583596216,0.53732912723449,7.0925737159746784,4.477336814478207,1.5277464576100215
raganwald-deprecated/homoiconic,raganwald-deprecated,homoiconic,Ruby,1836,109,2008-10-28 02:36:02+00:00,2026-05-26T09:41:03Z,master,False,False,0,1364.0,45.0,23.0,17.832876712328765,76.4879397756952,2.5234290981717624,1.2897526501766785,7.515889085215125,4.700480365792417,4.350122308452425
nerfstudio-project/nerfstudio,nerfstudio-project,nerfstudio,Python,11837,1654,2022-05-31 18:17:37+00:00,2026-07-23T19:23:43Z,main,False,False,1,2063.0,1892.0,244.0,4.232876712328767,487.3754045307444,446.9773462783172,57.64401294498382,9.37906997525067,7.411556287811163,6.191084381694819
TiddlyWiki/TiddlyWiki5,TiddlyWiki,TiddlyWiki5,JavaScript,8611,1250,2011-11-22 14:26:07+00:00,2026-07-23T15:59:37Z,master,False,False,1,13187.0,5121.0,285.0,14.761643835616438,893.3286933927246,346.912583518931,19.306792873051226,9.060911858484253,7.1316985104669115,6.7960733735883245
muaz-khan/WebRTC-Experiment,muaz-khan,WebRTC-Experiment,JavaScript,12052,3872,2012-11-14 05:53:13+00:00,2026-07-23T00:31:25Z,master,False,False,0,383.0,48.0,11.0,13.783561643835617,27.786722321606042,3.4824090638044125,0.7980520771218446,9.397068870588344,8.261784679514752,3.359914250334874
mizzy/serverspec,mizzy,serverspec,Ruby,2520,361,2013-03-24 04:15:25+00:00,2026-07-23T02:01:12Z,master,False,False,1,1912.0,519.0,104.0,13.427397260273972,142.39542950418283,38.65231585390737,7.745358090185676,7.83241092718792,5.891644211825771,4.9656060553018175
whomwah/rqrcode,whomwah,rqrcode,Ruby,1998,241,2008-04-03 09:31:15+00:00,2026-07-13T09:32:24Z,main,False,False,1,376.0,103.0,38.0,18.4027397260274,20.431740360279885,5.596992705076671,2.0649099300282865,7.6004023345004,5.488937726156687,3.0648730175869865
jgilfelt/chuck,jgilfelt,chuck,Java,4674,453,2017-02-07 23:51:39+00:00,2026-07-22T02:19:43Z,master,False,False,0,139.0,29.0,5.0,9.545205479452054,14.562284730195179,3.038174512055109,0.5238231917336396,8.449984441722787,6.118097198041348,2.7448503415313548
collectiveidea/awesome_nested_set,collectiveidea,awesome_nested_set,Ruby,2413,490,2008-02-21 16:03:25+00:00,2026-07-05T19:39:02Z,main,False,False,1,622.0,229.0,116.0,18.515068493150686,33.59425865640722,12.368304232021307,6.265167209233501,7.789040401657477,6.19644412779452,3.5436877335090604
abiosoft/colima,abiosoft,colima,Go,30060,593,2021-09-04 09:52:22+00:00,2026-07-23T18:42:38Z,main,False,False,1,713.0,525.0,106.0,4.972602739726027,143.38567493112947,105.57851239669422,21.316804407713498,10.310983929553371,6.386879319362645,4.972488017459625
rikkahub/rikkahub,rikkahub,rikkahub,Kotlin,6260,479,2025-03-11 14:46:55+00:00,2026-07-23T19:52:58Z,master,False,False,1,2650.0,238.0,42.0,1.452054794520548,1825.0,163.9056603773585,28.92452830188679,8.74209519574531,6.173786103901937,7.509883061154913
panda-re/panda,panda-re,panda,C,2764,499,2013-08-23 19:26:40+00:00,2026-07-23T12:05:02Z,dev,False,False,1,56298.0,1093.0,274.0,13.008219178082191,4327.879106992418,84.02379949452401,21.063605728727886,7.9247959139564355,6.214608098422191,8.373063920739357
cakephp/phinx,cakephp,phinx,PHP,4538,884,2011-12-27 06:49:45+00:00,2026-07-21T18:07:32Z,0.x,False,False,1,3443.0,1322.0,308.0,14.668493150684931,234.7207695181173,90.12514008218155,20.997385132611132,8.420462002456466,6.785587645007929,5.462647924507559
jfeinstein10/SlidingMenu,jfeinstein10,SlidingMenu,Java,10998,4941,2012-06-30 05:14:23+00:00,2026-07-23T14:03:49Z,master,False,False,0,336.0,130.0,18.0,14.158904109589042,23.73065015479876,9.181501547987615,1.2712848297213621,9.305559638557117,8.505525386548555,3.208043371313049
earthtojake/text-to-cad,earthtojake,text-to-cad,JavaScript,9891,1090,2026-04-22 01:09:45+00:00,2026-07-23T19:49:13Z,main,False,False,1,314.0,138.0,5.0,0.33972602739726027,924.2741935483871,406.2096774193549,14.717741935483872,9.199481628641307,6.994849985833071,6.830090119044796
hangwin/mcp-chrome,hangwin,mcp-chrome,TypeScript,12190,1101,2025-06-09 09:07:06+00:00,2026-07-23T16:26:53Z,master,False,False,1,192.0,85.0,15.0,1.2082191780821918,158.91156462585033,70.35147392290249,12.414965986394558,9.408453253565146,7.00488198971286,5.0746209413387815
